Binary APK
Package name=net.plainnotes.app id=7f
  type anim id=01 entryCount=16
    resource 0x7f010002 anim/abc_grow_fade_in_from_bottom
      () (file) res/aM.xml type=XML
    resource 0x7f010003 anim/abc_popup_enter
      () (file) res/k_.xml type=XML
    resource 0x7f010004 anim/abc_popup_exit
      () (file) res/UX.xml type=XML
    resource 0x7f010005 anim/abc_shrink_fade_out_from_bottom
      () (file) res/5T.xml type=XML
    resource 0x7f01000c anim/btn_checkbox_to_checked_box_inner_merged_animation
      () (file) res/h4.xml type=XML
    resource 0x7f01000d anim/btn_checkbox_to_checked_box_outer_merged_animation
      () (file) res/qx.xml type=XML
    resource 0x7f01000e anim/btn_checkbox_to_checked_icon_null_animation
      () (file) res/u0.xml type=XML
    resource 0x7f01000f anim/btn_checkbox_to_unchecked_box_inner_merged_animation
      () (file) res/Ke.xml type=XML
    resource 0x7f010010 anim/btn_checkbox_to_unchecked_check_path_merged_animation
      () (file) res/kj.xml type=XML
    resource 0x7f010011 anim/btn_checkbox_to_unchecked_icon_null_animation
      () (file) res/M7.xml type=XML
    resource 0x7f010012 anim/btn_radio_to_off_mtrl_dot_group_animation
      () (file) res/qz.xml type=XML
    resource 0x7f010013 anim/btn_radio_to_off_mtrl_ring_outer_animation
      () (file) res/K5.xml type=XML
    resource 0x7f010014 anim/btn_radio_to_off_mtrl_ring_outer_path_animation
      () (file) res/9T2.xml type=XML
    resource 0x7f010015 anim/btn_radio_to_on_mtrl_dot_group_animation
      () (file) res/Lf.xml type=XML
    resource 0x7f010016 anim/btn_radio_to_on_mtrl_ring_outer_animation
      () (file) res/9T1.xml type=XML
    resource 0x7f010017 anim/btn_radio_to_on_mtrl_ring_outer_path_animation
      () (file) res/Zg.xml type=XML
  type array id=03 entryCount=4
    resource 0x7f030001 array/crypto_fingerprint_fallback_prefixes
      () (array) size=0
        []
    resource 0x7f030002 array/crypto_fingerprint_fallback_vendors
      () (array) size=1
        ["samsung"]
    resource 0x7f030003 array/delay_showing_prompt_models
      () (array) size=2
        ["Pixel 4", "Pixel 4 XL"]
    resource 0x7f030004 array/hide_fingerprint_instantly_prefixes
      () (array) size=17
        ["SM-A50", "SM-G973", "SM-G975", "SM-G977", 
         "SM-G770", "SM-N970", "SM-N971", "SM-N975", 
         "SM-N976", "SM-N770", "SC-03L", "SC-04L", 
         "SC-05L", "SC-01M", "SCV41", "SCV42", 
         "SCV45"]
  type attr id=04 entryCount=276
    resource 0x7f040000 attr/actionBarDivider
      () (attr) type=reference
    resource 0x7f040001 attr/actionBarItemBackground
      () (attr) type=reference
    resource 0x7f040002 attr/actionBarPopupTheme
      () (attr) type=reference
    resource 0x7f040003 attr/actionBarSize
      () (attr) type=dimension|enum size=1
        wrap_content(0x7f0900c3)=0x00000000
    resource 0x7f040004 attr/actionBarSplitStyle
      () (attr) type=reference
    resource 0x7f040005 attr/actionBarStyle
      () (attr) type=reference
    resource 0x7f040006 attr/actionBarTabBarStyle
      () (attr) type=reference
    resource 0x7f040007 attr/actionBarTabStyle
      () (attr) type=reference
    resource 0x7f040008 attr/actionBarTabTextStyle
      () (attr) type=reference
    resource 0x7f040009 attr/actionBarTheme
      () (attr) type=reference
    resource 0x7f04000a attr/actionBarWidgetTheme
      () (attr) type=reference
    resource 0x7f04000b attr/actionButtonStyle
      () (attr) type=reference
    resource 0x7f04000c attr/actionDropDownStyle
      () (attr) type=reference
    resource 0x7f04000d attr/actionLayout
      () (attr) type=reference
    resource 0x7f04000e attr/actionMenuTextAppearance
      () (attr) type=reference
    resource 0x7f04000f attr/actionMenuTextColor
      () (attr) type=reference|color
    resource 0x7f040010 attr/actionModeBackground
      () (attr) type=reference
    resource 0x7f040011 attr/actionModeCloseButtonStyle
      () (attr) type=reference
    resource 0x7f040012 attr/actionModeCloseContentDescription
      () (attr) type=string
    resource 0x7f040013 attr/actionModeCloseDrawable
      () (attr) type=reference
    resource 0x7f040014 attr/actionModeCopyDrawable
      () (attr) type=reference
    resource 0x7f040015 attr/actionModeCutDrawable
      () (attr) type=reference
    resource 0x7f040016 attr/actionModeFindDrawable
      () (attr) type=reference
    resource 0x7f040017 attr/actionModePasteDrawable
      () (attr) type=reference
    resource 0x7f040018 attr/actionModePopupWindowStyle
      () (attr) type=reference
    resource 0x7f040019 attr/actionModeSelectAllDrawable
      () (attr) type=reference
    resource 0x7f04001a attr/actionModeShareDrawable
      () (attr) type=reference
    resource 0x7f04001b attr/actionModeSplitBackground
      () (attr) type=reference
    resource 0x7f04001c attr/actionModeStyle
      () (attr) type=reference
    resource 0x7f04001d attr/actionModeTheme
      () (attr) type=reference
    resource 0x7f04001e attr/actionModeWebSearchDrawable
      () (attr) type=reference
    resource 0x7f04001f attr/actionOverflowButtonStyle
      () (attr) type=reference
    resource 0x7f040020 attr/actionOverflowMenuStyle
      () (attr) type=reference
    resource 0x7f040021 attr/actionProviderClass
      () (attr) type=string
    resource 0x7f040022 attr/actionViewClass
      () (attr) type=string
    resource 0x7f040023 attr/activityChooserViewStyle
      () (attr) type=reference
    resource 0x7f040024 attr/alertDialogButtonGroupStyle
      () (attr) type=reference
    resource 0x7f040025 attr/alertDialogCenterButtons
      () (attr) type=boolean
    resource 0x7f040026 attr/alertDialogStyle
      () (attr) type=reference
    resource 0x7f040027 attr/alertDialogTheme
      () (attr) type=reference
    resource 0x7f040028 attr/allowStacking
      () (attr) type=boolean
    resource 0x7f040029 attr/alpha
      () (attr) type=float
    resource 0x7f04002a attr/alphabeticModifiers
      () (attr) type=flags size=6
        META(0x7f090003)=0x00010000
        CTRL(0x7f090001)=0x00001000
        ALT(0x7f090000)=0x00000002
        SHIFT(0x7f090004)=0x00000001
        SYM(0x7f090005)=0x00000004
        FUNCTION(0x7f090002)=0x00000008
    resource 0x7f04002b attr/arrowHeadLength
      () (attr) type=dimension
    resource 0x7f04002c attr/arrowShaftLength
      () (attr) type=dimension
    resource 0x7f04002d attr/autoCompleteTextViewStyle
      () (attr) type=reference
    resource 0x7f04002e attr/autoSizeMaxTextSize
      () (attr) type=dimension
    resource 0x7f04002f attr/autoSizeMinTextSize
      () (attr) type=dimension
    resource 0x7f040030 attr/autoSizePresetSizes
      () (attr) type=reference
    resource 0x7f040031 attr/autoSizeStepGranularity
      () (attr) type=dimension
    resource 0x7f040032 attr/autoSizeTextType
      () (attr) type=enum size=2
        none(0x7f090074)=0x00000000
        uniform(0x7f0900b9)=0x00000001
    resource 0x7f040033 attr/background
      () (attr) type=reference
    resource 0x7f040034 attr/backgroundSplit
      () (attr) type=reference|color
    resource 0x7f040035 attr/backgroundStacked
      () (attr) type=reference|color
    resource 0x7f040036 attr/backgroundTint
      () (attr) type=color
    resource 0x7f040037 attr/backgroundTintMode
      () (attr) type=enum size=6
        src_over(0x7f09009b)=0x00000003
        src_in(0x7f09009a)=0x00000005
        src_atop(0x7f090099)=0x00000009
        multiply(0x7f090072)=0x0000000e
        screen(0x7f090083)=0x0000000f
        add(0x7f09003a)=0x00000010
    resource 0x7f040038 attr/barLength
      () (attr) type=dimension
    resource 0x7f040039 attr/borderlessButtonStyle
      () (attr) type=reference
    resource 0x7f04003a attr/buttonBarButtonStyle
      () (attr) type=reference
    resource 0x7f04003b attr/buttonBarNegativeButtonStyle
      () (attr) type=reference
    resource 0x7f04003c attr/buttonBarNeutralButtonStyle
      () (attr) type=reference
    resource 0x7f04003d attr/buttonBarPositiveButtonStyle
      () (attr) type=reference
    resource 0x7f04003e attr/buttonBarStyle
      () (attr) type=reference
    resource 0x7f04003f attr/buttonCompat
      () (attr) type=reference
    resource 0x7f040040 attr/buttonGravity
      () (attr) type=flags size=3
        center_vertical(0x7f090043)=0x00000010
        top(0x7f0900b6)=0x00000030
        bottom(0x7f090041)=0x00000050
    resource 0x7f040041 attr/buttonIconDimen
      () (attr) type=dimension
    resource 0x7f040042 attr/buttonPanelSideLayout
      () (attr) type=reference
    resource 0x7f040043 attr/buttonStyle
      () (attr) type=reference
    resource 0x7f040044 attr/buttonStyleSmall
      () (attr) type=reference
    resource 0x7f040045 attr/buttonTint
      () (attr) type=color
    resource 0x7f040046 attr/buttonTintMode
      () (attr) type=enum size=6
        src_over(0x7f09009b)=0x00000003
        src_in(0x7f09009a)=0x00000005
        src_atop(0x7f090099)=0x00000009
        multiply(0x7f090072)=0x0000000e
        screen(0x7f090083)=0x0000000f
        add(0x7f09003a)=0x00000010
    resource 0x7f040047 attr/checkMarkCompat
      () (attr) type=reference
    resource 0x7f040048 attr/checkMarkTint
      () (attr) type=color
    resource 0x7f040049 attr/checkMarkTintMode
      () (attr) type=enum size=6
        src_over(0x7f09009b)=0x00000003
        src_in(0x7f09009a)=0x00000005
        src_atop(0x7f090099)=0x00000009
        multiply(0x7f090072)=0x0000000e
        screen(0x7f090083)=0x0000000f
        add(0x7f09003a)=0x00000010
    resource 0x7f04004a attr/checkboxStyle
      () (attr) type=reference
    resource 0x7f04004b attr/checkedTextViewStyle
      () (attr) type=reference
    resource 0x7f04004c attr/closeIcon
      () (attr) type=reference
    resource 0x7f04004d attr/closeItemLayout
      () (attr) type=reference
    resource 0x7f04004e attr/collapseContentDescription
      () (attr) type=string
    resource 0x7f04004f attr/collapseIcon
      () (attr) type=reference
    resource 0x7f040050 attr/color
      () (attr) type=color
    resource 0x7f040051 attr/colorAccent
      () (attr) type=color
    resource 0x7f040052 attr/colorBackgroundFloating
      () (attr) type=color
    resource 0x7f040053 attr/colorButtonNormal
      () (attr) type=color
    resource 0x7f040054 attr/colorControlActivated
      () (attr) type=color
    resource 0x7f040055 attr/colorControlHighlight
      () (attr) type=color
    resource 0x7f040056 attr/colorControlNormal
      () (attr) type=color
    resource 0x7f040057 attr/colorError
      () (attr) type=reference|color
    resource 0x7f040058 attr/colorPrimary
      () (attr) type=color
    resource 0x7f040059 attr/colorPrimaryDark
      () (attr) type=color
    resource 0x7f04005a attr/colorSwitchThumbNormal
      () (attr) type=color
    resource 0x7f04005b attr/commitIcon
      () (attr) type=reference
    resource 0x7f04005c attr/contentDescription
      () (attr) type=string
    resource 0x7f04005d attr/contentInsetEnd
      () (attr) type=dimension
    resource 0x7f04005e attr/contentInsetEndWithActions
      () (attr) type=dimension
    resource 0x7f04005f attr/contentInsetLeft
      () (attr) type=dimension
    resource 0x7f040060 attr/contentInsetRight
      () (attr) type=dimension
    resource 0x7f040061 attr/contentInsetStart
      () (attr) type=dimension
    resource 0x7f040062 attr/contentInsetStartWithNavigation
      () (attr) type=dimension
    resource 0x7f040063 attr/controlBackground
      () (attr) type=reference
    resource 0x7f040064 attr/customNavigationLayout
      () (attr) type=reference
    resource 0x7f040065 attr/defaultQueryHint
      () (attr) type=string
    resource 0x7f040066 attr/dialogCornerRadius
      () (attr) type=dimension
    resource 0x7f040067 attr/dialogPreferredPadding
      () (attr) type=dimension
    resource 0x7f040068 attr/dialogTheme
      () (attr) type=reference
    resource 0x7f040069 attr/displayOptions
      () (attr) type=flags size=7
        none(0x7f090074)=0x00000000
        useLogo(0x7f0900bb)=0x00000001
        showHome(0x7f090094)=0x00000002
        homeAsUp(0x7f090063)=0x00000004
        showTitle(0x7f090095)=0x00000008
        showCustom(0x7f090093)=0x00000010
        disableHome(0x7f090052)=0x00000020
    resource 0x7f04006a attr/divider
      () (attr) type=reference
    resource 0x7f04006b attr/dividerHorizontal
      () (attr) type=reference
    resource 0x7f04006c attr/dividerPadding
      () (attr) type=dimension
    resource 0x7f04006d attr/dividerVertical
      () (attr) type=reference
    resource 0x7f04006e attr/drawableBottomCompat
      () (attr) type=reference
    resource 0x7f04006f attr/drawableEndCompat
      () (attr) type=reference
    resource 0x7f040070 attr/drawableLeftCompat
      () (attr) type=reference
    resource 0x7f040071 attr/drawableRightCompat
      () (attr) type=reference
    resource 0x7f040072 attr/drawableSize
      () (attr) type=dimension
    resource 0x7f040073 attr/drawableStartCompat
      () (attr) type=reference
    resource 0x7f040074 attr/drawableTint
      () (attr) type=color
    resource 0x7f040075 attr/drawableTintMode
      () (attr) type=enum size=6
        src_over(0x7f09009b)=0x00000003
        src_in(0x7f09009a)=0x00000005
        src_atop(0x7f090099)=0x00000009
        multiply(0x7f090072)=0x0000000e
        screen(0x7f090083)=0x0000000f
        add(0x7f09003a)=0x00000010
    resource 0x7f040076 attr/drawableTopCompat
      () (attr) type=reference
    resource 0x7f040077 attr/drawerArrowStyle
      () (attr) type=reference
    resource 0x7f040078 attr/dropDownListViewStyle
      () (attr) type=reference
    resource 0x7f040079 attr/dropdownListPreferredItemHeight
      () (attr) type=dimension
    resource 0x7f04007a attr/editTextBackground
      () (attr) type=reference
    resource 0x7f04007b attr/editTextColor
      () (attr) type=reference|color
    resource 0x7f04007c attr/editTextStyle
      () (attr) type=reference
    resource 0x7f04007d attr/elevation
      () (attr) type=dimension
    resource 0x7f04007e attr/emojiCompatEnabled
      () (attr) type=boolean
    resource 0x7f040080 attr/firstBaselineToTopHeight
      () (attr) type=dimension
    resource 0x7f040081 attr/font
      () (attr) type=reference
    resource 0x7f040082 attr/fontFamily
      () (attr) type=string
    resource 0x7f040083 attr/fontProviderAuthority
      () (attr) type=string
    resource 0x7f040084 attr/fontProviderCerts
      () (attr) type=reference
    resource 0x7f040085 attr/fontProviderFallbackQuery
      () (attr) type=string
    resource 0x7f040086 attr/fontProviderFetchStrategy
      () (attr) type=enum size=2
        blocking(0x7f090040)=0x00000000
        async(0x7f09003e)=0x00000001
    resource 0x7f040087 attr/fontProviderFetchTimeout
      () (attr) type=integer|enum size=1
        forever(0x7f09005c)=0xffffffff
    resource 0x7f040088 attr/fontProviderPackage
      () (attr) type=string
    resource 0x7f040089 attr/fontProviderQuery
      () (attr) type=string
    resource 0x7f04008a attr/fontProviderSystemFontFamily
      () (attr) type=string
    resource 0x7f04008b attr/fontStyle
      () (attr) type=enum size=2
        normal(0x7f090075)=0x00000000
        italic(0x7f09006b)=0x00000001
    resource 0x7f04008c attr/fontVariationSettings
      () (attr) type=string
    resource 0x7f04008d attr/fontWeight
      () (attr) type=integer
    resource 0x7f04008e attr/gapBetweenBars
      () (attr) type=dimension
    resource 0x7f04008f attr/goIcon
      () (attr) type=reference
    resource 0x7f040090 attr/height
      () (attr) type=dimension
    resource 0x7f040091 attr/hideOnContentScroll
      () (attr) type=boolean
    resource 0x7f040092 attr/homeAsUpIndicator
      () (attr) type=reference
    resource 0x7f040093 attr/homeLayout
      () (attr) type=reference
    resource 0x7f040094 attr/icon
      () (attr) type=reference
    resource 0x7f040095 attr/iconTint
      () (attr) type=color
    resource 0x7f040096 attr/iconTintMode
      () (attr) type=enum size=6
        src_over(0x7f09009b)=0x00000003
        src_in(0x7f09009a)=0x00000005
        src_atop(0x7f090099)=0x00000009
        multiply(0x7f090072)=0x0000000e
        screen(0x7f090083)=0x0000000f
        add(0x7f09003a)=0x00000010
    resource 0x7f040098 attr/imageButtonStyle
      () (attr) type=reference
    resource 0x7f040099 attr/indeterminateProgressStyle
      () (attr) type=reference
    resource 0x7f04009b attr/isLightTheme
      () (attr) type=boolean
    resource 0x7f04009c attr/itemPadding
      () (attr) type=dimension
    resource 0x7f04009d attr/lStar
      () (attr) type=float
    resource 0x7f04009e attr/lastBaselineToBottomHeight
      () (attr) type=dimension
    resource 0x7f04009f attr/layout
      () (attr) type=reference
    resource 0x7f0400a0 attr/lineHeight
      () (attr) type=dimension
    resource 0x7f0400a1 attr/listChoiceBackgroundIndicator
      () (attr) type=reference
    resource 0x7f0400a2 attr/listChoiceIndicatorMultipleAnimated
      () (attr) type=reference
    resource 0x7f0400a3 attr/listChoiceIndicatorSingleAnimated
      () (attr) type=reference
    resource 0x7f0400a4 attr/listDividerAlertDialog
      () (attr) type=reference
    resource 0x7f0400a5 attr/listItemLayout
      () (attr) type=reference
    resource 0x7f0400a6 attr/listLayout
      () (attr) type=reference
    resource 0x7f0400a7 attr/listMenuViewStyle
      () (attr) type=reference
    resource 0x7f0400a8 attr/listPopupWindowStyle
      () (attr) type=reference
    resource 0x7f0400a9 attr/listPreferredItemHeight
      () (attr) type=dimension
    resource 0x7f0400aa attr/listPreferredItemHeightLarge
      () (attr) type=dimension
    resource 0x7f0400ab attr/listPreferredItemHeightSmall
      () (attr) type=dimension
    resource 0x7f0400ac attr/listPreferredItemPaddingEnd
      () (attr) type=dimension
    resource 0x7f0400ad attr/listPreferredItemPaddingLeft
      () (attr) type=dimension
    resource 0x7f0400ae attr/listPreferredItemPaddingRight
      () (attr) type=dimension
    resource 0x7f0400af attr/listPreferredItemPaddingStart
      () (attr) type=dimension
    resource 0x7f0400b0 attr/logo
      () (attr) type=reference
    resource 0x7f0400b1 attr/logoDescription
      () (attr) type=string
    resource 0x7f0400b2 attr/maxButtonHeight
      () (attr) type=dimension
    resource 0x7f0400b3 attr/measureWithLargestChild
      () (attr) type=boolean
    resource 0x7f0400b4 attr/menu
      () (attr) type=reference
    resource 0x7f0400b5 attr/multiChoiceItemLayout
      () (attr) type=reference
    resource 0x7f0400b6 attr/navigationContentDescription
      () (attr) type=string
    resource 0x7f0400b7 attr/navigationIcon
      () (attr) type=reference
    resource 0x7f0400b8 attr/navigationMode
      () (attr) type=enum size=3
        normal(0x7f090075)=0x00000000
        listMode(0x7f09006e)=0x00000001
        tabMode(0x7f09009e)=0x00000002
    resource 0x7f0400b9 attr/nestedScrollViewStyle
      () (attr) type=reference
    resource 0x7f0400ba attr/numericModifiers
      () (attr) type=flags size=6
        META(0x7f090003)=0x00010000
        CTRL(0x7f090001)=0x00001000
        ALT(0x7f090000)=0x00000002
        SHIFT(0x7f090004)=0x00000001
        SYM(0x7f090005)=0x00000004
        FUNCTION(0x7f090002)=0x00000008
    resource 0x7f0400bb attr/overlapAnchor
      () (attr) type=boolean
    resource 0x7f0400bc attr/paddingBottomNoButtons
      () (attr) type=dimension
    resource 0x7f0400bd attr/paddingEnd
      () (attr) type=dimension
    resource 0x7f0400be attr/paddingStart
      () (attr) type=dimension
    resource 0x7f0400bf attr/paddingTopNoTitle
      () (attr) type=dimension
    resource 0x7f0400c0 attr/panelBackground
      () (attr) type=reference
    resource 0x7f0400c1 attr/panelMenuListTheme
      () (attr) type=reference
    resource 0x7f0400c2 attr/panelMenuListWidth
      () (attr) type=dimension
    resource 0x7f0400c3 attr/popupMenuStyle
      () (attr) type=reference
    resource 0x7f0400c4 attr/popupTheme
      () (attr) type=reference
    resource 0x7f0400c5 attr/popupWindowStyle
      () (attr) type=reference
    resource 0x7f0400c6 attr/preserveIconSpacing
      () (attr) type=boolean
    resource 0x7f0400c7 attr/progressBarPadding
      () (attr) type=dimension
    resource 0x7f0400c8 attr/progressBarStyle
      () (attr) type=reference
    resource 0x7f0400c9 attr/queryBackground
      () (attr) type=reference
    resource 0x7f0400cc attr/radioButtonStyle
      () (attr) type=reference
    resource 0x7f0400cd attr/ratingBarStyle
      () (attr) type=reference
    resource 0x7f0400ce attr/ratingBarStyleIndicator
      () (attr) type=reference
    resource 0x7f0400cf attr/ratingBarStyleSmall
      () (attr) type=reference
    resource 0x7f0400d0 attr/searchHintIcon
      () (attr) type=reference
    resource 0x7f0400d1 attr/searchIcon
      () (attr) type=reference
    resource 0x7f0400d2 attr/searchViewStyle
      () (attr) type=reference
    resource 0x7f0400d3 attr/seekBarStyle
      () (attr) type=reference
    resource 0x7f0400d4 attr/selectableItemBackground
      () (attr) type=reference
    resource 0x7f0400d5 attr/selectableItemBackgroundBorderless
      () (attr) type=reference
    resource 0x7f0400d7 attr/showAsAction
      () (attr) type=flags size=5
        never(0x7f090073)=0x00000000
        ifRoom(0x7f090066)=0x00000001
        always(0x7f09003c)=0x00000002
        withText(0x7f0900c2)=0x00000004
        collapseActionView(0x7f090047)=0x00000008
    resource 0x7f0400d8 attr/showDividers
      () (attr) type=flags size=4
        none(0x7f090074)=0x00000000
        beginning(0x7f09003f)=0x00000001
        middle(0x7f090071)=0x00000002
        end(0x7f090055)=0x00000004
    resource 0x7f0400d9 attr/showText
      () (attr) type=boolean
    resource 0x7f0400da attr/showTitle
      () (attr) type=boolean
    resource 0x7f0400db attr/singleChoiceItemLayout
      () (attr) type=reference
    resource 0x7f0400dc attr/spinBars
      () (attr) type=boolean
    resource 0x7f0400dd attr/spinnerDropDownItemStyle
      () (attr) type=reference
    resource 0x7f0400de attr/spinnerStyle
      () (attr) type=reference
    resource 0x7f0400e0 attr/srcCompat
      () (attr) type=reference
    resource 0x7f0400e2 attr/subMenuArrow
      () (attr) type=reference
    resource 0x7f0400e3 attr/submitBackground
      () (attr) type=reference
    resource 0x7f0400e4 attr/subtitle
      () (attr) type=string
    resource 0x7f0400e5 attr/subtitleTextAppearance
      () (attr) type=reference
    resource 0x7f0400e6 attr/subtitleTextColor
      () (attr) type=color
    resource 0x7f0400e7 attr/subtitleTextStyle
      () (attr) type=reference
    resource 0x7f0400e8 attr/suggestionRowLayout
      () (attr) type=reference
    resource 0x7f0400ea attr/switchPadding
      () (attr) type=dimension
    resource 0x7f0400eb attr/switchStyle
      () (attr) type=reference
    resource 0x7f0400ec attr/switchTextAppearance
      () (attr) type=reference
    resource 0x7f0400ed attr/textAllCaps
      () (attr) type=reference|boolean
    resource 0x7f0400ee attr/textAppearanceLargePopupMenu
      () (attr) type=reference
    resource 0x7f0400ef attr/textAppearanceListItem
      () (attr) type=reference
    resource 0x7f0400f0 attr/textAppearanceListItemSecondary
      () (attr) type=reference
    resource 0x7f0400f1 attr/textAppearanceListItemSmall
      () (attr) type=reference
    resource 0x7f0400f2 attr/textAppearancePopupMenuHeader
      () (attr) type=reference
    resource 0x7f0400f3 attr/textAppearanceSearchResultSubtitle
      () (attr) type=reference
    resource 0x7f0400f4 attr/textAppearanceSearchResultTitle
      () (attr) type=reference
    resource 0x7f0400f5 attr/textAppearanceSmallPopupMenu
      () (attr) type=reference
    resource 0x7f0400f6 attr/textColorAlertDialogListItem
      () (attr) type=reference|color
    resource 0x7f0400f7 attr/textColorSearchUrl
      () (attr) type=reference|color
    resource 0x7f0400f8 attr/textLocale
      () (attr) type=string
    resource 0x7f0400f9 attr/theme
      () (attr) type=reference
    resource 0x7f0400fa attr/thickness
      () (attr) type=dimension
    resource 0x7f0400fe attr/tickMark
      () (attr) type=reference
    resource 0x7f0400ff attr/tickMarkTint
      () (attr) type=color
    resource 0x7f040100 attr/tickMarkTintMode
      () (attr) type=enum size=6
        src_over(0x7f09009b)=0x00000003
        src_in(0x7f09009a)=0x00000005
        src_atop(0x7f090099)=0x00000009
        multiply(0x7f090072)=0x0000000e
        screen(0x7f090083)=0x0000000f
        add(0x7f09003a)=0x00000010
    resource 0x7f040101 attr/tint
      () (attr) type=color
    resource 0x7f040102 attr/tintMode
      () (attr) type=enum size=6
        src_over(0x7f09009b)=0x00000003
        src_in(0x7f09009a)=0x00000005
        src_atop(0x7f090099)=0x00000009
        multiply(0x7f090072)=0x0000000e
        screen(0x7f090083)=0x0000000f
        add(0x7f09003a)=0x00000010
    resource 0x7f040103 attr/title
      () (attr) type=string
    resource 0x7f040104 attr/titleMargin
      () (attr) type=dimension
    resource 0x7f040105 attr/titleMarginBottom
      () (attr) type=dimension
    resource 0x7f040106 attr/titleMarginEnd
      () (attr) type=dimension
    resource 0x7f040107 attr/titleMarginStart
      () (attr) type=dimension
    resource 0x7f040108 attr/titleMarginTop
      () (attr) type=dimension
    resource 0x7f040109 attr/titleMargins
      () (attr) type=dimension
    resource 0x7f04010a attr/titleTextAppearance
      () (attr) type=reference
    resource 0x7f04010b attr/titleTextColor
      () (attr) type=color
    resource 0x7f04010c attr/titleTextStyle
      () (attr) type=reference
    resource 0x7f04010d attr/toolbarNavigationButtonStyle
      () (attr) type=reference
    resource 0x7f04010e attr/toolbarStyle
      () (attr) type=reference
    resource 0x7f04010f attr/tooltipForegroundColor
      () (attr) type=reference|color
    resource 0x7f040110 attr/tooltipFrameBackground
      () (attr) type=reference
    resource 0x7f040111 attr/tooltipText
      () (attr) type=string
    resource 0x7f040112 attr/track
      () (attr) type=reference
    resource 0x7f040115 attr/ttcIndex
      () (attr) type=integer
    resource 0x7f040116 attr/viewInflaterClass
      () (attr) type=string
    resource 0x7f040117 attr/voiceIcon
      () (attr) type=reference
    resource 0x7f040118 attr/windowActionBar
      () (attr) type=boolean
    resource 0x7f040119 attr/windowActionBarOverlay
      () (attr) type=boolean
    resource 0x7f04011a attr/windowActionModeOverlay
      () (attr) type=boolean
    resource 0x7f04011b attr/windowFixedHeightMajor
      () (attr) type=dimension|fraction
    resource 0x7f04011c attr/windowFixedHeightMinor
      () (attr) type=dimension|fraction
    resource 0x7f04011d attr/windowFixedWidthMajor
      () (attr) type=dimension|fraction
    resource 0x7f04011e attr/windowFixedWidthMinor
      () (attr) type=dimension|fraction
    resource 0x7f04011f attr/windowMinWidthMajor
      () (attr) type=dimension|fraction
    resource 0x7f040120 attr/windowMinWidthMinor
      () (attr) type=dimension|fraction
    resource 0x7f040121 attr/windowNoTitle
      () (attr) type=boolean
  type bool id=05 entryCount=5
    resource 0x7f050000 bool/abc_action_bar_embed_tabs
      () true
      (port) false
    resource 0x7f050002 bool/enable_system_alarm_service_default
      () false
    resource 0x7f050003 bool/enable_system_foreground_service_default
      () true
    resource 0x7f050004 bool/enable_system_job_service_default
      () true
    resource 0x7f050005 bool/workmanager_test_configuration
      () false
  type color id=06 entryCount=51
    resource 0x7f060004 color/abc_color_highlight_material
      () (file) res/color-v23/abc_color_highlight_material.xml type=XML
    resource 0x7f06000b color/abc_primary_text_material_dark
      () (file) res/color/abc_primary_text_material_dark.xml type=XML
    resource 0x7f06000c color/abc_primary_text_material_light
      () (file) res/color/abc_primary_text_material_light.xml type=XML
    resource 0x7f06000d color/abc_search_url_text
      () (file) res/color/abc_search_url_text.xml type=XML
    resource 0x7f06000e color/abc_search_url_text_normal
      () #ff7fa87f
    resource 0x7f06000f color/abc_search_url_text_pressed
      () @0x0106000c
    resource 0x7f060010 color/abc_search_url_text_selected
      () @0x0106000c
    resource 0x7f060013 color/abc_tint_btn_checkable
      () (file) res/color-v23/abc_tint_btn_checkable.xml type=XML
    resource 0x7f060014 color/abc_tint_default
      () (file) res/color-v23/abc_tint_default.xml type=XML
    resource 0x7f060015 color/abc_tint_edittext
      () (file) res/color-v23/abc_tint_edittext.xml type=XML
    resource 0x7f060016 color/abc_tint_seek_thumb
      () (file) res/color-v23/abc_tint_seek_thumb.xml type=XML
    resource 0x7f060017 color/abc_tint_spinner
      () (file) res/color-v23/abc_tint_spinner.xml type=XML
    resource 0x7f060018 color/abc_tint_switch_track
      () (file) res/color-v23/abc_tint_switch_track.xml type=XML
    resource 0x7f060019 color/accent_material_dark
      () @color/material_deep_teal_200
    resource 0x7f06001a color/accent_material_light
      () @color/material_deep_teal_500
    resource 0x7f06001d color/background_floating_material_dark
      () @color/material_grey_800
    resource 0x7f06001e color/background_floating_material_light
      () @0x0106000b
    resource 0x7f060028 color/button_material_dark
      () #ff5a595b
    resource 0x7f060029 color/button_material_light
      () #ffd6d7d7
    resource 0x7f060030 color/error_color_material_dark
      () #ffff7043
    resource 0x7f060031 color/error_color_material_light
      () #ffff5722
    resource 0x7f060032 color/foreground_material_dark
      () @0x0106000b
    resource 0x7f060033 color/foreground_material_light
      () @0x0106000c
    resource 0x7f060036 color/launcher_background
      () #ff006a63
    resource 0x7f06003a color/material_deep_teal_200
      () #ff80cbc4
    resource 0x7f06003b color/material_deep_teal_500
      () #ff008577
    resource 0x7f06003c color/material_grey_100
      () #fff5f5f5
    resource 0x7f06003f color/material_grey_600
      () #ff757575
    resource 0x7f060040 color/material_grey_800
      () #ff424242
    resource 0x7f060042 color/material_grey_900
      () #ff212121
    resource 0x7f060045 color/primary_dark_material_dark
      () @0x0106000c
    resource 0x7f060046 color/primary_dark_material_light
      () @color/material_grey_600
    resource 0x7f060047 color/primary_material_dark
      () @color/material_grey_900
    resource 0x7f060048 color/primary_material_light
      () @color/material_grey_100
    resource 0x7f060049 color/primary_text_default_material_dark
      () #ffffffff
    resource 0x7f06004a color/primary_text_default_material_light
      () #de000000
    resource 0x7f06004b color/primary_text_disabled_material_dark
      () #4dffffff
    resource 0x7f06004c color/primary_text_disabled_material_light
      () #39000000
    resource 0x7f06004d color/ripple_material_dark
      () #33ffffff
    resource 0x7f06004e color/ripple_material_light
      () #1f000000
    resource 0x7f060053 color/shell_calc_bg
      () #ffeceff1
    resource 0x7f060054 color/shell_notes_bg
      () #ffffd98e
    resource 0x7f060055 color/switch_thumb_disabled_material_dark
      () #ff616161
    resource 0x7f060056 color/switch_thumb_disabled_material_light
      () #ffbdbdbd
    resource 0x7f060057 color/switch_thumb_material_dark
      () (file) res/color/switch_thumb_material_dark.xml type=XML
    resource 0x7f060058 color/switch_thumb_material_light
      () (file) res/color/switch_thumb_material_light.xml type=XML
    resource 0x7f060059 color/switch_thumb_normal_material_dark
      () #ffbdbdbd
    resource 0x7f06005a color/switch_thumb_normal_material_light
      () #fff1f1f1
    resource 0x7f06005b color/tooltip_background_dark
      () #e6616161
    resource 0x7f06005c color/tooltip_background_light
      () #e6ffffff
    resource 0x7f06005f color/window_background
      () #fff4fbf9
      (night) #ff0e1514
  type dimen id=07 entryCount=48
    resource 0x7f070000 dimen/abc_action_bar_content_inset_material
      () 16.000000dp
      (sw600dp) 24.000000dp
    resource 0x7f070001 dimen/abc_action_bar_content_inset_with_nav
      () 72.000000dp
      (sw600dp) 80.000000dp
    resource 0x7f070002 dimen/abc_action_bar_default_height_material
      () 56.000000dp
      (sw600dp) 64.000000dp
      (land) 48.000000dp
    resource 0x7f070003 dimen/abc_action_bar_default_padding_end_material
      () 0.000000dp
      (sw600dp) 8.000000dp
    resource 0x7f070004 dimen/abc_action_bar_default_padding_start_material
      () 0.000000dp
      (sw600dp) 8.000000dp
    resource 0x7f070005 dimen/abc_action_bar_elevation_material
      () 4.000000dp
    resource 0x7f07000c dimen/abc_action_bar_subtitle_top_margin_material
      () 16777213.000000dp
    resource 0x7f070010 dimen/abc_alert_dialog_button_bar_height
      () 48.000000dp
      (h720dp) 54.000000dp
    resource 0x7f070011 dimen/abc_alert_dialog_button_dimen
      () 48.000000dp
    resource 0x7f070012 dimen/abc_button_inset_horizontal_material
      () @dimen/abc_control_inset_material
    resource 0x7f070013 dimen/abc_button_inset_vertical_material
      () 6.000000dp
    resource 0x7f070014 dimen/abc_button_padding_horizontal_material
      () 8.000000dp
    resource 0x7f070015 dimen/abc_button_padding_vertical_material
      () @dimen/abc_control_padding_material
    resource 0x7f070016 dimen/abc_cascading_menus_min_smallest_width
      () 720.000000dp
    resource 0x7f070017 dimen/abc_config_prefDialogWidth
      () 320.000000dp
      (sw600dp) 580.000000dp
      (large) 440.000000dp
    resource 0x7f070018 dimen/abc_control_corner_material
      () 2.000000dp
    resource 0x7f070019 dimen/abc_control_inset_material
      () 4.000000dp
    resource 0x7f07001a dimen/abc_control_padding_material
      () 4.000000dp
    resource 0x7f07001b dimen/abc_dialog_corner_radius_material
      () 2.000000dp
    resource 0x7f070020 dimen/abc_dialog_list_padding_bottom_no_buttons
      () 8.000000dp
    resource 0x7f070021 dimen/abc_dialog_list_padding_top_no_title
      () 8.000000dp
    resource 0x7f070022 dimen/abc_dialog_min_width_major
      () 0.650000%
      (large) 0.550000%
      (xlarge) 0.450000%
    resource 0x7f070023 dimen/abc_dialog_min_width_minor
      () 0.950000%
      (large) 0.800000%
      (xlarge) 0.720000%
    resource 0x7f070024 dimen/abc_dialog_padding_material
      () 24.000000dp
    resource 0x7f070025 dimen/abc_dialog_padding_top_material
      () 18.000000dp
    resource 0x7f070026 dimen/abc_dialog_title_divider_material
      () 8.000000dp
    resource 0x7f070029 dimen/abc_dropdownitem_icon_width
      () 32.000000dp
    resource 0x7f07002a dimen/abc_dropdownitem_text_padding_left
      () 8.000000dp
    resource 0x7f07002b dimen/abc_dropdownitem_text_padding_right
      () 8.000000dp
    resource 0x7f07002c dimen/abc_edit_text_inset_bottom_material
      () 7.000000dp
    resource 0x7f07002d dimen/abc_edit_text_inset_horizontal_material
      () 4.000000dp
    resource 0x7f07002e dimen/abc_edit_text_inset_top_material
      () 10.000000dp
    resource 0x7f07002f dimen/abc_floating_window_z
      () 16.000000dp
    resource 0x7f070030 dimen/abc_list_item_height_large_material
      () 80.000000dp
    resource 0x7f070031 dimen/abc_list_item_height_material
      () 64.000000dp
    resource 0x7f070032 dimen/abc_list_item_height_small_material
      () 48.000000dp
    resource 0x7f070033 dimen/abc_list_item_padding_horizontal_material
      () @dimen/abc_action_bar_content_inset_material
    resource 0x7f070034 dimen/abc_panel_menu_list_width
      () 296.000000dp
    resource 0x7f070035 dimen/abc_progress_bar_height_material
      () 4.000000dp
    resource 0x7f07003a dimen/abc_select_dialog_padding_start_material
      () 20.000000dp
    resource 0x7f07003b dimen/abc_star_big
      () 48.000000dp
    resource 0x7f07003c dimen/abc_star_medium
      () 36.000000dp
    resource 0x7f07003d dimen/abc_star_small
      () 16.000000dp
    resource 0x7f07003e dimen/abc_switch_padding
      () 0.000000px
    resource 0x7f07004a dimen/abc_text_size_menu_header_material
      () 14.000000sp
    resource 0x7f07005a dimen/fingerprint_icon_size
      () 64.000000dp
    resource 0x7f07005b dimen/highlight_alpha_material_colored
      () 0.26
    resource 0x7f070071 dimen/tooltip_corner_radius
      () 2.000000dp
  type drawable id=08 entryCount=96
    resource 0x7f080000 drawable/abc_ab_share_pack_mtrl_alpha
      (mdpi) (file) res/0c.9.png type=PNG
      (hdpi) (file) res/5D.9.png type=PNG
      (xhdpi) (file) res/JJ.9.png type=PNG
      (xxhdpi) (file) res/op.9.png type=PNG
    resource 0x7f080001 drawable/abc_action_bar_item_background_material
      () (file) res/XY.xml type=XML
    resource 0x7f080002 drawable/abc_btn_borderless_material
      () (file) res/xj.xml type=XML
    resource 0x7f080003 drawable/abc_btn_check_material
      () (file) res/sA.xml type=XML
    resource 0x7f080004 drawable/abc_btn_check_material_anim
      () (file) res/oP.xml type=XML
    resource 0x7f080005 drawable/abc_btn_check_to_on_mtrl_000
      (mdpi) (file) res/w_.png type=PNG
      (hdpi) (file) res/6t.png type=PNG
      (xhdpi) (file) res/-B.png type=PNG
      (xxhdpi) (file) res/FW.png type=PNG
      (xxxhdpi) (file) res/pk.png type=PNG
    resource 0x7f080006 drawable/abc_btn_check_to_on_mtrl_015
      (mdpi) (file) res/tS.png type=PNG
      (hdpi) (file) res/dY.png type=PNG
      (xhdpi) (file) res/d3.png type=PNG
      (xxhdpi) (file) res/9z.png type=PNG
      (xxxhdpi) (file) res/tG.png type=PNG
    resource 0x7f080007 drawable/abc_btn_colored_material
      () (file) res/Eg.xml type=XML
    resource 0x7f080008 drawable/abc_btn_default_mtrl_shape
      () (file) res/9T.xml type=XML
    resource 0x7f080009 drawable/abc_btn_radio_material
      () (file) res/Jl.xml type=XML
    resource 0x7f08000a drawable/abc_btn_radio_material_anim
      () (file) res/kn.xml type=XML
    resource 0x7f08000b drawable/abc_btn_radio_to_on_mtrl_000
      (mdpi) (file) res/zE.png type=PNG
      (hdpi) (file) res/7i.png type=PNG
      (xhdpi) (file) res/o_.png type=PNG
      (xxhdpi) (file) res/Gf.png type=PNG
      (xxxhdpi) (file) res/j4.png type=PNG
    resource 0x7f08000c drawable/abc_btn_radio_to_on_mtrl_015
      (mdpi) (file) res/eR.png type=PNG
      (hdpi) (file) res/RV.png type=PNG
      (xhdpi) (file) res/Th.png type=PNG
      (xxhdpi) (file) res/nf.png type=PNG
      (xxxhdpi) (file) res/8h.png type=PNG
    resource 0x7f08000d drawable/abc_btn_switch_to_on_mtrl_00001
      (mdpi) (file) res/ut.9.png type=PNG
      (hdpi) (file) res/h7.9.png type=PNG
      (xhdpi) (file) res/io.9.png type=PNG
      (xxhdpi) (file) res/zV.9.png type=PNG
      (xxxhdpi) (file) res/NA.9.png type=PNG
    resource 0x7f08000e drawable/abc_btn_switch_to_on_mtrl_00012
      (mdpi) (file) res/fM.9.png type=PNG
      (hdpi) (file) res/G2.9.png type=PNG
      (xhdpi) (file) res/1J.9.png type=PNG
      (xxhdpi) (file) res/qD.9.png type=PNG
      (xxxhdpi) (file) res/MF.9.png type=PNG
    resource 0x7f08000f drawable/abc_cab_background_internal_bg
      () (file) res/YW.xml type=XML
    resource 0x7f080010 drawable/abc_cab_background_top_material
      () (file) res/27.xml type=XML
    resource 0x7f080011 drawable/abc_cab_background_top_mtrl_alpha
      (mdpi) (file) res/K_.9.png type=PNG
      (hdpi) (file) res/sg.9.png type=PNG
      (xhdpi) (file) res/BL.9.png type=PNG
      (xxhdpi) (file) res/gj.9.png type=PNG
    resource 0x7f080012 drawable/abc_control_background_material
      () (file) res/V7.xml type=XML
    resource 0x7f080013 drawable/abc_dialog_material_background
      () (file) res/tL.xml type=XML
      (watch) (file) res/7N.xml type=XML
    resource 0x7f080014 drawable/abc_edit_text_material
      () (file) res/GK.xml type=XML
    resource 0x7f080015 drawable/abc_ic_ab_back_material
      () (file) res/4_.xml type=XML
    resource 0x7f080016 drawable/abc_ic_arrow_drop_right_black_24dp
      () (file) res/ZN.xml type=XML
    resource 0x7f080017 drawable/abc_ic_clear_material
      () (file) res/VN.xml type=XML
    resource 0x7f080018 drawable/abc_ic_commit_search_api_mtrl_alpha
      (mdpi) (file) res/_q.png type=PNG
      (hdpi) (file) res/Wh.png type=PNG
      (xhdpi) (file) res/iO.png type=PNG
      (xxhdpi) (file) res/kp.png type=PNG
    resource 0x7f080019 drawable/abc_ic_go_search_api_material
      () (file) res/BJ.xml type=XML
    resource 0x7f08001a drawable/abc_ic_menu_copy_mtrl_am_alpha
      () (file) res/ZL.xml type=XML
    resource 0x7f08001b drawable/abc_ic_menu_cut_mtrl_alpha
      () (file) res/GD.xml type=XML
    resource 0x7f08001d drawable/abc_ic_menu_paste_mtrl_am_alpha
      () (file) res/Qd.xml type=XML
    resource 0x7f08001e drawable/abc_ic_menu_selectall_mtrl_alpha
      () (file) res/cm.xml type=XML
    resource 0x7f08001f drawable/abc_ic_menu_share_mtrl_alpha
      () (file) res/Qt.xml type=XML
    resource 0x7f080020 drawable/abc_ic_search_api_material
      () (file) res/D5.xml type=XML
    resource 0x7f080021 drawable/abc_ic_voice_search_api_material
      () (file) res/GC.xml type=XML
    resource 0x7f080022 drawable/abc_item_background_holo_dark
      () (file) res/t8.xml type=XML
    resource 0x7f080023 drawable/abc_item_background_holo_light
      () (file) res/Gt.xml type=XML
    resource 0x7f080024 drawable/abc_list_divider_material
      () (file) res/bb.xml type=XML
    resource 0x7f080025 drawable/abc_list_divider_mtrl_alpha
      (mdpi) (file) res/hZ.9.png type=PNG
      (hdpi) (file) res/ej.9.png type=PNG
      (xhdpi) (file) res/jS1.9.png type=PNG
      (xxhdpi) (file) res/1e.9.png type=PNG
    resource 0x7f080026 drawable/abc_list_focused_holo
      (mdpi) (file) res/UE.9.png type=PNG
      (hdpi) (file) res/bX.9.png type=PNG
      (xhdpi) (file) res/CK.9.png type=PNG
      (xxhdpi) (file) res/s3.9.png type=PNG
    resource 0x7f080027 drawable/abc_list_longpressed_holo
      (mdpi) (file) res/SV.9.png type=PNG
      (hdpi) (file) res/hh.9.png type=PNG
      (xhdpi) (file) res/42.9.png type=PNG
      (xxhdpi) (file) res/X3.9.png type=PNG
    resource 0x7f080028 drawable/abc_list_pressed_holo_dark
      (mdpi) (file) res/Pg.9.png type=PNG
      (hdpi) (file) res/v4.9.png type=PNG
      (xhdpi) (file) res/0x.9.png type=PNG
      (xxhdpi) (file) res/Y7.9.png type=PNG
    resource 0x7f080029 drawable/abc_list_pressed_holo_light
      (mdpi) (file) res/8h.9.png type=PNG
      (hdpi) (file) res/tU.9.png type=PNG
      (xhdpi) (file) res/Yt.9.png type=PNG
      (xxhdpi) (file) res/x3.9.png type=PNG
    resource 0x7f08002a drawable/abc_list_selector_background_transition_holo_dark
      () (file) res/Cg.xml type=XML
    resource 0x7f08002b drawable/abc_list_selector_background_transition_holo_light
      () (file) res/MO.xml type=XML
    resource 0x7f08002c drawable/abc_list_selector_disabled_holo_dark
      (mdpi) (file) res/py.9.png type=PNG
      (hdpi) (file) res/ev.9.png type=PNG
      (xhdpi) (file) res/jS.9.png type=PNG
      (xxhdpi) (file) res/o9.9.png type=PNG
    resource 0x7f08002d drawable/abc_list_selector_disabled_holo_light
      (mdpi) (file) res/W4.9.png type=PNG
      (hdpi) (file) res/ZN.9.png type=PNG
      (xhdpi) (file) res/65.9.png type=PNG
      (xxhdpi) (file) res/3u.9.png type=PNG
    resource 0x7f08002e drawable/abc_list_selector_holo_dark
      () (file) res/L_.xml type=XML
    resource 0x7f08002f drawable/abc_list_selector_holo_light
      () (file) res/0M.xml type=XML
    resource 0x7f080030 drawable/abc_menu_hardkey_panel_mtrl_mult
      (mdpi) (file) res/33.9.png type=PNG
      (hdpi) (file) res/Pa.9.png type=PNG
      (xhdpi) (file) res/uL.9.png type=PNG
      (xxhdpi) (file) res/Li.9.png type=PNG
    resource 0x7f080031 drawable/abc_popup_background_mtrl_mult
      (mdpi) (file) res/Nk.9.png type=PNG
      (hdpi) (file) res/rj.9.png type=PNG
      (xhdpi) (file) res/IX.9.png type=PNG
      (xxhdpi) (file) res/1I.9.png type=PNG
    resource 0x7f080032 drawable/abc_ratingbar_indicator_material
      () (file) res/aW.xml type=XML
    resource 0x7f080033 drawable/abc_ratingbar_material
      () (file) res/XW.xml type=XML
    resource 0x7f080034 drawable/abc_ratingbar_small_material
      () (file) res/QZ.xml type=XML
    resource 0x7f080035 drawable/abc_scrubber_control_off_mtrl_alpha
      (mdpi) (file) res/BM.png type=PNG
      (hdpi) (file) res/4k.png type=PNG
      (xhdpi) (file) res/m0.png type=PNG
      (xxhdpi) (file) res/NG.png type=PNG
    resource 0x7f080036 drawable/abc_scrubber_control_to_pressed_mtrl_000
      (mdpi) (file) res/2d.png type=PNG
      (hdpi) (file) res/Wz.png type=PNG
      (xhdpi) (file) res/dW.png type=PNG
      (xxhdpi) (file) res/s0.png type=PNG
      (xxxhdpi) (file) res/KM.png type=PNG
    resource 0x7f080037 drawable/abc_scrubber_control_to_pressed_mtrl_005
      (mdpi) (file) res/qp.png type=PNG
      (hdpi) (file) res/ly.png type=PNG
      (xhdpi) (file) res/ar.png type=PNG
      (xxhdpi) (file) res/49.png type=PNG
      (xxxhdpi) (file) res/Pb.png type=PNG
    resource 0x7f080038 drawable/abc_scrubber_primary_mtrl_alpha
      (mdpi) (file) res/YG.9.png type=PNG
      (hdpi) (file) res/gt.9.png type=PNG
      (xhdpi) (file) res/kJ.9.png type=PNG
      (xxhdpi) (file) res/62.9.png type=PNG
    resource 0x7f080039 drawable/abc_scrubber_track_mtrl_alpha
      (mdpi) (file) res/xR.9.png type=PNG
      (hdpi) (file) res/uj.9.png type=PNG
      (xhdpi) (file) res/tZ.9.png type=PNG
      (xxhdpi) (file) res/nI.9.png type=PNG
    resource 0x7f08003a drawable/abc_seekbar_thumb_material
      () (file) res/j3.xml type=XML
    resource 0x7f08003b drawable/abc_seekbar_tick_mark_material
      () (file) res/Xx.xml type=XML
    resource 0x7f08003c drawable/abc_seekbar_track_material
      () (file) res/bL.xml type=XML
    resource 0x7f08003d drawable/abc_spinner_mtrl_am_alpha
      (mdpi) (file) res/Tj.9.png type=PNG
      (ldrtl-mdpi) (file) res/eT.9.png type=PNG
      (hdpi) (file) res/7I.9.png type=PNG
      (ldrtl-hdpi) (file) res/mm.9.png type=PNG
      (xhdpi) (file) res/aU.9.png type=PNG
      (ldrtl-xhdpi) (file) res/z9.9.png type=PNG
      (xxhdpi) (file) res/gZ.9.png type=PNG
      (ldrtl-xxhdpi) (file) res/7o.9.png type=PNG
      (xxxhdpi) (file) res/7C.9.png type=PNG
      (ldrtl-xxxhdpi) (file) res/wL.9.png type=PNG
    resource 0x7f08003e drawable/abc_spinner_textfield_background_material
      () (file) res/nT.xml type=XML
    resource 0x7f08003f drawable/abc_star_black_48dp
      () (file) res/cL.xml type=XML
    resource 0x7f080040 drawable/abc_star_half_black_48dp
      () (file) res/9P.xml type=XML
    resource 0x7f080041 drawable/abc_switch_thumb_material
      () (file) res/7H.xml type=XML
    resource 0x7f080042 drawable/abc_switch_track_mtrl_alpha
      (mdpi) (file) res/yg.9.png type=PNG
      (hdpi) (file) res/iR.9.png type=PNG
      (xhdpi) (file) res/KH.9.png type=PNG
      (xxhdpi) (file) res/d5.9.png type=PNG
      (xxxhdpi) (file) res/7_.9.png type=PNG
    resource 0x7f080043 drawable/abc_tab_indicator_material
      () (file) res/In.xml type=XML
    resource 0x7f080044 drawable/abc_tab_indicator_mtrl_alpha
      (mdpi) (file) res/i6.9.png type=PNG
      (hdpi) (file) res/BG.9.png type=PNG
      (xhdpi) (file) res/lP.9.png type=PNG
      (xxhdpi) (file) res/uu.9.png type=PNG
      (xxxhdpi) (file) res/Gt.9.png type=PNG
    resource 0x7f080045 drawable/abc_text_cursor_material
      () (file) res/XK.xml type=XML
    resource 0x7f080046 drawable/abc_text_select_handle_left_mtrl
      (mdpi) (file) res/H-.png type=PNG
      (hdpi) (file) res/te.png type=PNG
      (xhdpi) (file) res/Wr.png type=PNG
      (xxhdpi) (file) res/Z8.png type=PNG
      (xxxhdpi) (file) res/u3.png type=PNG
    resource 0x7f080047 drawable/abc_text_select_handle_middle_mtrl
      (mdpi) (file) res/EP.png type=PNG
      (hdpi) (file) res/5U.png type=PNG
      (xhdpi) (file) res/g-.png type=PNG
      (xxhdpi) (file) res/jW.png type=PNG
    resource 0x7f080048 drawable/abc_text_select_handle_right_mtrl
      (mdpi) (file) res/xH.png type=PNG
      (hdpi) (file) res/2P.png type=PNG
      (xhdpi) (file) res/-N.png type=PNG
      (xxhdpi) (file) res/UR.png type=PNG
      (xxxhdpi) (file) res/MQ.png type=PNG
    resource 0x7f080049 drawable/abc_textfield_activated_mtrl_alpha
      (mdpi) (file) res/vz.9.png type=PNG
      (hdpi) (file) res/Yw.9.png type=PNG
      (xhdpi) (file) res/QJ.9.png type=PNG
      (xxhdpi) (file) res/No.9.png type=PNG
    resource 0x7f08004a drawable/abc_textfield_default_mtrl_alpha
      (mdpi) (file) res/D_.9.png type=PNG
      (hdpi) (file) res/9X.9.png type=PNG
      (xhdpi) (file) res/9N.9.png type=PNG
      (xxhdpi) (file) res/EA.9.png type=PNG
    resource 0x7f08004b drawable/abc_textfield_search_activated_mtrl_alpha
      (mdpi) (file) res/Su.9.png type=PNG
      (hdpi) (file) res/DL.9.png type=PNG
      (xhdpi) (file) res/yH.9.png type=PNG
      (xxhdpi) (file) res/X4.9.png type=PNG
    resource 0x7f08004c drawable/abc_textfield_search_default_mtrl_alpha
      (mdpi) (file) res/ps.9.png type=PNG
      (hdpi) (file) res/9n.9.png type=PNG
      (xhdpi) (file) res/NZ.9.png type=PNG
      (xxhdpi) (file) res/yY.9.png type=PNG
    resource 0x7f08004d drawable/abc_textfield_search_material
      () (file) res/4u.xml type=XML
    resource 0x7f08004e drawable/abc_vector_test
      () (file) res/hq.xml type=XML
    resource 0x7f08004f drawable/btn_checkbox_checked_mtrl
      () (file) res/80.xml type=XML
    resource 0x7f080050 drawable/btn_checkbox_checked_to_unchecked_mtrl_animation
      () (file) res/rW.xml type=XML
    resource 0x7f080051 drawable/btn_checkbox_unchecked_mtrl
      () (file) res/U8.xml type=XML
    resource 0x7f080052 drawable/btn_checkbox_unchecked_to_checked_mtrl_animation
      () (file) res/6Q.xml type=XML
    resource 0x7f080053 drawable/btn_radio_off_mtrl
      () (file) res/Nu.xml type=XML
    resource 0x7f080054 drawable/btn_radio_off_to_on_mtrl_animation
      () (file) res/A4.xml type=XML
    resource 0x7f080055 drawable/btn_radio_on_mtrl
      () (file) res/Ol.xml type=XML
    resource 0x7f080056 drawable/btn_radio_on_to_off_mtrl_animation
      () (file) res/rx.xml type=XML
    resource 0x7f080057 drawable/fingerprint_dialog_error
      (ldpi) (file) res/_U.png type=PNG
      (mdpi) (file) res/Sq.png type=PNG
      (hdpi) (file) res/E5.png type=PNG
      (xhdpi) (file) res/PL.png type=PNG
      (xxhdpi) (file) res/gE.png type=PNG
      (xxxhdpi) (file) res/x7.png type=PNG
      (anydpi) (file) res/ak.xml type=XML
    resource 0x7f080058 drawable/fingerprint_dialog_fp_icon
      (anydpi) (file) res/A2.xml type=XML
    resource 0x7f08005f drawable/ic_launcher_foreground
      () (file) res/Qr.xml type=XML
    resource 0x7f080060 drawable/ic_launcher_monochrome
      () (file) res/Vy.xml type=XML
    resource 0x7f080061 drawable/ic_shell_calc_fg
      () (file) res/-Y.xml type=XML
    resource 0x7f080062 drawable/ic_shell_calc_mono
      () (file) res/L-.xml type=XML
    resource 0x7f080063 drawable/ic_shell_notes_fg
      () (file) res/gf.xml type=XML
    resource 0x7f080064 drawable/ic_shell_notes_mono
      () (file) res/4c.xml type=XML
    resource 0x7f080073 drawable/tooltip_frame_dark
      () (file) res/_G.xml type=XML
    resource 0x7f080074 drawable/tooltip_frame_light
      () (file) res/NM.xml type=XML
  type id id=09 entryCount=197
    resource 0x7f090000 id/ALT
      () (id)
    resource 0x7f090001 id/CTRL
      () (id)
    resource 0x7f090002 id/FUNCTION
      () (id)
    resource 0x7f090003 id/META
      () (id)
    resource 0x7f090004 id/SHIFT
      () (id)
    resource 0x7f090005 id/SYM
      () (id)
    resource 0x7f090006 id/accessibility_action_clickable_span
      () (id)
    resource 0x7f090007 id/accessibility_custom_action_0
      () (id)
    resource 0x7f090008 id/accessibility_custom_action_1
      () (id)
    resource 0x7f090009 id/accessibility_custom_action_10
      () (id)
    resource 0x7f09000a id/accessibility_custom_action_11
      () (id)
    resource 0x7f09000b id/accessibility_custom_action_12
      () (id)
    resource 0x7f09000c id/accessibility_custom_action_13
      () (id)
    resource 0x7f09000d id/accessibility_custom_action_14
      () (id)
    resource 0x7f09000e id/accessibility_custom_action_15
      () (id)
    resource 0x7f09000f id/accessibility_custom_action_16
      () (id)
    resource 0x7f090010 id/accessibility_custom_action_17
      () (id)
    resource 0x7f090011 id/accessibility_custom_action_18
      () (id)
    resource 0x7f090012 id/accessibility_custom_action_19
      () (id)
    resource 0x7f090013 id/accessibility_custom_action_2
      () (id)
    resource 0x7f090014 id/accessibility_custom_action_20
      () (id)
    resource 0x7f090015 id/accessibility_custom_action_21
      () (id)
    resource 0x7f090016 id/accessibility_custom_action_22
      () (id)
    resource 0x7f090017 id/accessibility_custom_action_23
      () (id)
    resource 0x7f090018 id/accessibility_custom_action_24
      () (id)
    resource 0x7f090019 id/accessibility_custom_action_25
      () (id)
    resource 0x7f09001a id/accessibility_custom_action_26
      () (id)
    resource 0x7f09001b id/accessibility_custom_action_27
      () (id)
    resource 0x7f09001c id/accessibility_custom_action_28
      () (id)
    resource 0x7f09001d id/accessibility_custom_action_29
      () (id)
    resource 0x7f09001e id/accessibility_custom_action_3
      () (id)
    resource 0x7f09001f id/accessibility_custom_action_30
      () (id)
    resource 0x7f090020 id/accessibility_custom_action_31
      () (id)
    resource 0x7f090021 id/accessibility_custom_action_4
      () (id)
    resource 0x7f090022 id/accessibility_custom_action_5
      () (id)
    resource 0x7f090023 id/accessibility_custom_action_6
      () (id)
    resource 0x7f090024 id/accessibility_custom_action_7
      () (id)
    resource 0x7f090025 id/accessibility_custom_action_8
      () (id)
    resource 0x7f090026 id/accessibility_custom_action_9
      () (id)
    resource 0x7f090027 id/action_bar
      () (id)
    resource 0x7f090028 id/action_bar_activity_content
      () (id)
    resource 0x7f090029 id/action_bar_container
      () (id)
    resource 0x7f09002a id/action_bar_root
      () (id)
    resource 0x7f09002b id/action_bar_spinner
      () (id)
    resource 0x7f09002c id/action_bar_subtitle
      () (id)
    resource 0x7f09002d id/action_bar_title
      () (id)
    resource 0x7f09002e id/action_container
      () (id)
    resource 0x7f09002f id/action_context_bar
      () (id)
    resource 0x7f090030 id/action_divider
      () (id)
    resource 0x7f090031 id/action_image
      () (id)
    resource 0x7f090032 id/action_menu_divider
      () (id)
    resource 0x7f090033 id/action_menu_presenter
      () (id)
    resource 0x7f090034 id/action_mode_bar
      () (id)
    resource 0x7f090035 id/action_mode_bar_stub
      () (id)
    resource 0x7f090036 id/action_mode_close_button
      () (id)
    resource 0x7f090037 id/action_text
      () (id)
    resource 0x7f090038 id/actions
      () (id)
    resource 0x7f090039 id/activity_chooser_view_content
      () (id)
    resource 0x7f09003a id/add
      () (id)
    resource 0x7f09003b id/alertTitle
      () (id)
    resource 0x7f09003c id/always
      () (id)
    resource 0x7f09003d id/androidx_compose_ui_view_composition_context
      () (id)
    resource 0x7f09003e id/async
      () (id)
    resource 0x7f09003f id/beginning
      () (id)
    resource 0x7f090040 id/blocking
      () (id)
    resource 0x7f090041 id/bottom
      () (id)
    resource 0x7f090042 id/buttonPanel
      () (id)
    resource 0x7f090043 id/center_vertical
      () (id)
    resource 0x7f090044 id/checkbox
      () (id)
    resource 0x7f090045 id/checked
      () (id)
    resource 0x7f090046 id/chronometer
      () (id)
    resource 0x7f090047 id/collapseActionView
      () (id)
    resource 0x7f090048 id/compose_prefetch_scheduler
      () (id)
    resource 0x7f090049 id/compose_view_saveable_id_tag
      () (id)
    resource 0x7f09004a id/consume_window_insets_tag
      () (id)
    resource 0x7f09004b id/content
      () (id)
    resource 0x7f09004c id/contentPanel
      () (id)
    resource 0x7f09004d id/custom
      () (id)
    resource 0x7f09004e id/customPanel
      () (id)
    resource 0x7f09004f id/decor_content_parent
      () (id)
    resource 0x7f090050 id/default_activity_button
      () (id)
    resource 0x7f090051 id/dialog_button
      () (id)
    resource 0x7f090052 id/disableHome
      () (id)
    resource 0x7f090053 id/edit_query
      () (id)
    resource 0x7f090054 id/edit_text_id
      () (id)
    resource 0x7f090055 id/end
      () (id)
    resource 0x7f090056 id/expand_activities_button
      () (id)
    resource 0x7f090057 id/expanded_menu
      () (id)
    resource 0x7f090058 id/fingerprint_description
      () (id)
    resource 0x7f090059 id/fingerprint_error
      () (id)
    resource 0x7f09005a id/fingerprint_icon
      () (id)
    resource 0x7f09005b id/fingerprint_subtitle
      () (id)
    resource 0x7f09005c id/forever
      () (id)
    resource 0x7f09005d id/fragment_container_view_tag
      () (id)
    resource 0x7f09005e id/group_divider
      () (id)
    resource 0x7f09005f id/hide_graphics_layer_in_inspector_tag
      () (id)
    resource 0x7f090060 id/hide_ime_id
      () (id)
    resource 0x7f090061 id/hide_in_inspector_tag
      () (id)
    resource 0x7f090062 id/home
      () (id)
    resource 0x7f090063 id/homeAsUp
      () (id)
    resource 0x7f090064 id/icon
      () (id)
    resource 0x7f090065 id/icon_group
      () (id)
    resource 0x7f090066 id/ifRoom
      () (id)
    resource 0x7f090067 id/image
      () (id)
    resource 0x7f090068 id/info
      () (id)
    resource 0x7f090069 id/inspection_slot_table_set
      () (id)
    resource 0x7f09006a id/is_pooling_container_tag
      () (id)
    resource 0x7f09006b id/italic
      () (id)
    resource 0x7f09006c id/line1
      () (id)
    resource 0x7f09006d id/line3
      () (id)
    resource 0x7f09006e id/listMode
      () (id)
    resource 0x7f09006f id/list_item
      () (id)
    resource 0x7f090070 id/message
      () (id)
    resource 0x7f090071 id/middle
      () (id)
    resource 0x7f090072 id/multiply
      () (id)
    resource 0x7f090073 id/never
      () (id)
    resource 0x7f090074 id/none
      () (id)
    resource 0x7f090075 id/normal
      () (id)
    resource 0x7f090076 id/notification_background
      () (id)
    resource 0x7f090077 id/notification_main_column
      () (id)
    resource 0x7f090078 id/notification_main_column_container
      () (id)
    resource 0x7f090079 id/off
      () (id)
    resource 0x7f09007a id/on
      () (id)
    resource 0x7f09007b id/parentPanel
      () (id)
    resource 0x7f09007c id/pooling_container_listener_holder_tag
      () (id)
    resource 0x7f09007d id/progress_circular
      () (id)
    resource 0x7f09007e id/progress_horizontal
      () (id)
    resource 0x7f09007f id/radio
      () (id)
    resource 0x7f090080 id/report_drawn
      () (id)
    resource 0x7f090081 id/right_icon
      () (id)
    resource 0x7f090082 id/right_side
      () (id)
    resource 0x7f090083 id/screen
      () (id)
    resource 0x7f090084 id/scrollIndicatorDown
      () (id)
    resource 0x7f090085 id/scrollIndicatorUp
      () (id)
    resource 0x7f090086 id/scrollView
      () (id)
    resource 0x7f090087 id/search_badge
      () (id)
    resource 0x7f090088 id/search_bar
      () (id)
    resource 0x7f090089 id/search_button
      () (id)
    resource 0x7f09008a id/search_close_btn
      () (id)
    resource 0x7f09008b id/search_edit_frame
      () (id)
    resource 0x7f09008c id/search_go_btn
      () (id)
    resource 0x7f09008d id/search_mag_icon
      () (id)
    resource 0x7f09008e id/search_plate
      () (id)
    resource 0x7f09008f id/search_src_text
      () (id)
    resource 0x7f090090 id/search_voice_btn
      () (id)
    resource 0x7f090091 id/select_dialog_listview
      () (id)
    resource 0x7f090092 id/shortcut
      () (id)
    resource 0x7f090093 id/showCustom
      () (id)
    resource 0x7f090094 id/showHome
      () (id)
    resource 0x7f090095 id/showTitle
      () (id)
    resource 0x7f090096 id/spacer
      () (id)
    resource 0x7f090097 id/special_effects_controller_view_tag
      () (id)
    resource 0x7f090098 id/split_action_bar
      () (id)
    resource 0x7f090099 id/src_atop
      () (id)
    resource 0x7f09009a id/src_in
      () (id)
    resource 0x7f09009b id/src_over
      () (id)
    resource 0x7f09009c id/submenuarrow
      () (id)
    resource 0x7f09009d id/submit_area
      () (id)
    resource 0x7f09009e id/tabMode
      () (id)
    resource 0x7f09009f id/tag_accessibility_actions
      () (id)
    resource 0x7f0900a0 id/tag_accessibility_clickable_spans
      () (id)
    resource 0x7f0900a1 id/tag_accessibility_heading
      () (id)
    resource 0x7f0900a2 id/tag_accessibility_pane_title
      () (id)
    resource 0x7f0900a3 id/tag_compat_insets_dispatch
      () (id)
    resource 0x7f0900a4 id/tag_on_apply_window_listener
      () (id)
    resource 0x7f0900a5 id/tag_on_receive_content_listener
      () (id)
    resource 0x7f0900a6 id/tag_on_receive_content_mime_types
      () (id)
    resource 0x7f0900a7 id/tag_screen_reader_focusable
      () (id)
    resource 0x7f0900a8 id/tag_state_description
      () (id)
    resource 0x7f0900a9 id/tag_system_bar_state_monitor
      () (id)
    resource 0x7f0900aa id/tag_transition_group
      () (id)
    resource 0x7f0900ab id/tag_unhandled_key_event_manager
      () (id)
    resource 0x7f0900ac id/tag_unhandled_key_listeners
      () (id)
    resource 0x7f0900ad id/tag_window_insets_animation_callback
      () (id)
    resource 0x7f0900ae id/text
      () (id)
    resource 0x7f0900af id/text2
      () (id)
    resource 0x7f0900b0 id/textSpacerNoButtons
      () (id)
    resource 0x7f0900b1 id/textSpacerNoTitle
      () (id)
    resource 0x7f0900b2 id/time
      () (id)
    resource 0x7f0900b3 id/title
      () (id)
    resource 0x7f0900b4 id/titleDividerNoCustom
      () (id)
    resource 0x7f0900b5 id/title_template
      () (id)
    resource 0x7f0900b6 id/top
      () (id)
    resource 0x7f0900b7 id/topPanel
      () (id)
    resource 0x7f0900b8 id/unchecked
      () (id)
    resource 0x7f0900b9 id/uniform
      () (id)
    resource 0x7f0900ba id/up
      () (id)
    resource 0x7f0900bb id/useLogo
      () (id)
    resource 0x7f0900bc id/view_tree_disjoint_parent
      () (id)
    resource 0x7f0900bd id/view_tree_lifecycle_owner
      () (id)
    resource 0x7f0900be id/view_tree_on_back_pressed_dispatcher_owner
      () (id)
    resource 0x7f0900bf id/view_tree_saved_state_registry_owner
      () (id)
    resource 0x7f0900c0 id/view_tree_view_model_store_owner
      () (id)
    resource 0x7f0900c1 id/visible_removing_fragment_view_tag
      () (id)
    resource 0x7f0900c2 id/withText
      () (id)
    resource 0x7f0900c3 id/wrap_content
      () (id)
    resource 0x7f0900c4 id/wrapped_composition_tag
      () (id)
  type integer id=0a entryCount=2
    resource 0x7f0a0000 integer/abc_config_activityDefaultDur
      () 220
    resource 0x7f0a0001 integer/abc_config_activityShortDur
      () 150
  type interpolator id=0b entryCount=7
    resource 0x7f0b0000 interpolator/btn_checkbox_checked_mtrl_animation_interpolator_0
      () (file) res/c5.xml type=XML
    resource 0x7f0b0001 interpolator/btn_checkbox_checked_mtrl_animation_interpolator_1
      () (file) res/NF.xml type=XML
    resource 0x7f0b0002 interpolator/btn_checkbox_unchecked_mtrl_animation_interpolator_0
      () (file) res/_o.xml type=XML
    resource 0x7f0b0003 interpolator/btn_checkbox_unchecked_mtrl_animation_interpolator_1
      () (file) res/VM.xml type=XML
    resource 0x7f0b0004 interpolator/btn_radio_to_off_mtrl_animation_interpolator_0
      () (file) res/lN.xml type=XML
    resource 0x7f0b0005 interpolator/btn_radio_to_on_mtrl_animation_interpolator_0
      () (file) res/DZ.xml type=XML
    resource 0x7f0b0006 interpolator/fast_out_slow_in
      () (file) res/sn.xml type=XML
  type layout id=0c entryCount=29
    resource 0x7f0c0000 layout/abc_action_bar_title_item
      () (file) res/A1.xml type=XML
    resource 0x7f0c0002 layout/abc_action_menu_item_layout
      () (file) res/Tn.xml type=XML
    resource 0x7f0c0003 layout/abc_action_menu_layout
      () (file) res/yV.xml type=XML
    resource 0x7f0c0004 layout/abc_action_mode_bar
      () (file) res/zq.xml type=XML
    resource 0x7f0c0005 layout/abc_action_mode_close_item_material
      () (file) res/bt.xml type=XML
    resource 0x7f0c0008 layout/abc_alert_dialog_button_bar_material
      () (file) res/hP1.xml type=XML
      (watch) (file) res/GR.xml type=XML
    resource 0x7f0c0009 layout/abc_alert_dialog_material
      () (file) res/Be.xml type=XML
    resource 0x7f0c000a layout/abc_alert_dialog_title_material
      () (file) res/9V.xml type=XML
      (watch) (file) res/Fu.xml type=XML
    resource 0x7f0c000b layout/abc_cascading_menu_item_layout
      () (file) res/eA.xml type=XML
    resource 0x7f0c000c layout/abc_dialog_title_material
      () (file) res/7G.xml type=XML
    resource 0x7f0c000d layout/abc_expanded_menu_layout
      () (file) res/9z.xml type=XML
    resource 0x7f0c000e layout/abc_list_menu_item_checkbox
      () (file) res/vJ.xml type=XML
    resource 0x7f0c000f layout/abc_list_menu_item_icon
      () (file) res/46.xml type=XML
    resource 0x7f0c0010 layout/abc_list_menu_item_layout
      () (file) res/vG.xml type=XML
    resource 0x7f0c0011 layout/abc_list_menu_item_radio
      () (file) res/aG.xml type=XML
    resource 0x7f0c0012 layout/abc_popup_menu_header_item_layout
      () (file) res/uJ.xml type=XML
    resource 0x7f0c0013 layout/abc_popup_menu_item_layout
      () (file) res/2j.xml type=XML
    resource 0x7f0c0014 layout/abc_screen_content_include
      () (file) res/rY.xml type=XML
    resource 0x7f0c0015 layout/abc_screen_simple
      () (file) res/RH.xml type=XML
    resource 0x7f0c0016 layout/abc_screen_simple_overlay_action_mode
      () (file) res/Mp.xml type=XML
    resource 0x7f0c0017 layout/abc_screen_toolbar
      () (file) res/k8.xml type=XML
    resource 0x7f0c0018 layout/abc_search_dropdown_item_icons_2line
      () (file) res/2f.xml type=XML
    resource 0x7f0c0019 layout/abc_search_view
      () (file) res/dO.xml type=XML
    resource 0x7f0c001a layout/abc_select_dialog_material
      () (file) res/vq.xml type=XML
    resource 0x7f0c001d layout/fingerprint_dialog_layout
      () (file) res/IN.xml type=XML
    resource 0x7f0c0026 layout/select_dialog_item_material
      () (file) res/VT.xml type=XML
    resource 0x7f0c0027 layout/select_dialog_multichoice_material
      () (file) res/V1.xml type=XML
    resource 0x7f0c0028 layout/select_dialog_singlechoice_material
      () (file) res/hP.xml type=XML
    resource 0x7f0c0029 layout/support_simple_spinner_dropdown_item
      () (file) res/Hd.xml type=XML
  type mipmap id=0d entryCount=3
    resource 0x7f0d0000 mipmap/ic_launcher
      (anydpi) (file) res/BW.xml type=XML
    resource 0x7f0d0001 mipmap/ic_shell_calc
      (anydpi) (file) res/qv.xml type=XML
    resource 0x7f0d0002 mipmap/ic_shell_notes
      (anydpi) (file) res/Mw.xml type=XML
  type plurals id=0e entryCount=2
    resource 0x7f0e0000 plurals/period_duration_days
      () (plurals) size=2
        one="%d day"
        other="%d days"
      (zh) (plurals) size=1
        other="%d 天"
      (b+zh+Hant) (plurals) size=1
        other="%d 天"
      (fr) (plurals) size=2
        one="%d jour"
        other="%d jours"
    resource 0x7f0e0001 plurals/period_duration_hours
      () (plurals) size=2
        one="%d hour"
        other="%d hours"
      (zh) (plurals) size=1
        other="%d 小时"
      (b+zh+Hant) (plurals) size=1
        other="%d 小時"
      (fr) (plurals) size=2
        one="%d heure"
        other="%d heures"
  type string id=0f entryCount=1083
    resource 0x7f0f0001 string/abc_action_bar_up_description
      () "Navigate up"
      (ca) "Navega cap amunt"
      (da) "Gå op"
      (fa) "رفتن به بالا"
      (ja) "前に戻る"
      (ka) "ზემოთ გადასვლა"
      (pa) "ਉੱਪਰ ਜਾਓ"
      (ta) "மேலே செல்லும்"
      (nb) "Gå opp"
      (be) "Перайсці ўверх"
      (de) "Nach oben"
      (ne) "माथि नेभिगेट गर्नुहोस्"
      (te) "పైకి నావిగేట్ చేస్తుంది"
      (af) "Gaan op"
      (bg) "Навигиране нагоре"
      (th) "กลับ"
      (fi) "Siirry ylös"
      (hi) "वापस जाएं"
      (si) "ඉහළට සංචාලනය කරන්න"
      (vi) "Di chuyển lên"
      (kk) "Жоғары қарай өту"
      (mk) "Движи се нагоре"
      (sk) "Prejsť nahor"
      (uk) "Перейти вгору"
      (el) "Πλοήγηση προς τα επάνω"
      (gl) "Vai cara arriba"
      (ml) "മുകളിലേക്ക് പോവുക"
      (nl) "Omhoog navigeren"
      (pl) "Przejdź wyżej"
      (sl) "Pomik navzgor"
      (tl) "Mag-navigate pataas"
      (am) "ወደ ላይ ያስሱ"
      (km) "រំកិលឡើងលើ"
      (bn) "উপরে নেভিগেট করুন"
      (in) "Kembali ke atas"
      (kn) "ಮೇಲಕ್ಕೆ ನ್ಯಾವಿಗೇಟ್ ಮಾಡಿ"
      (mn) "Дээш шилжих"
      (ko) "위로 이동"
      (lo) "ເລື່ອນຂຶ້ນເທິງ"
      (ro) "Navighează în sus"
      (sq) "Ngjitu lart"
      (ar) "التنقل إلى أعلى"
      (fr) "Revenir en haut de la page"
      (hr) "Natrag"
      (mr) "वर नेव्‍हिगेट करा"
      (or) "ଉପରକୁ ନେଭିଗେଟ୍ କରନ୍ତୁ"
      (sr) "Идите нагоре"
      (b+sr+Latn) "Idite nagore"
      (tr) "Yukarı git"
      (ur) "اوپر نیویگیٹ کریں"
      (as) "ওপৰলৈ যাওক"
      (bs) "Idi gore"
      (cs) "Přejít nahoru"
      (es) "Desplazarse hacia arriba"
      (is) "Fara upp"
      (ms) "Navigasi ke atas"
      (et) "Liigu üles"
      (it) "Torna indietro"
      (lt) "Naršyti aukštyn"
      (pt) "Navegar para cima"
      (eu) "Joan gora"
      (gu) "ઉપર નૅવિગેટ કરો"
      (hu) "Fel"
      (ru) "Перейти вверх"
      (zu) "Zulazulela phezulu"
      (lv) "Pārvietoties uz augšu"
      (sv) "Navigera uppåt"
      (iw) "ניווט למעלה"
      (sw) "Sogeza juu"
      (hy) "Անցնել վերև"
      (ky) "Мурунку экранга өтүү"
      (my) "အပေါ်သို့ ရွှေ့ရန်"
      (az) "Yuxarı keçin"
      (uz) "Yopish"
      (en-rCA) "Navigate up"
      (fr-rCA) "Revenir en arrière"
      (en-rGB) "Navigate up"
      (en-rXC) "‎‏‎‎‎‎‎‏‎‏‏‏‎‎‎‎‎‎‏‎‎‏‎‎‎‎‏‏‏‏‏‏‏‏‏‏‎‏‎‎‎‏‏‎‏‎‎‎‏‏‎‎‎‏‏‏‏‎‏‎‎‎‎‏‏‎‏‏‎‏‎‎‏‎‎‏‎‎‎‎‎‎‏‎‏‎‎‎‎‏‏‏‎‎‎‎‎Navigate up‎‏‎‎‏‎"
      (zh-rHK) "向上瀏覽"
      (zh-rCN) "转到上一层级"
      (en-rIN) "Navigate up"
      (pt-rBR) "Navegar para cima"
      (es-rUS) "Navegar hacia arriba"
      (pt-rPT) "Navegar para cima"
      (en-rAU) "Navigate up"
      (zh-rTW) "向上瀏覽"
    resource 0x7f0f0003 string/abc_action_mode_done
      () "Done"
      (ca) "Fet"
      (da) "Udfør"
      (fa) "تمام"
      (ja) "完了"
      (ka) "მზადაა"
      (pa) "ਹੋ ਗਿਆ"
      (ta) "முடிந்தது"
      (nb) "Ferdig"
      (be) "Гатова"
      (de) "Fertig"
      (ne) "सम्पन्न भयो"
      (te) "పూర్తయింది"
      (af) "Klaar"
      (bg) "Готово"
      (th) "เสร็จ"
      (fi) "Valmis"
      (hi) "हो गया"
      (si) "කළා"
      (vi) "Xong"
      (kk) "Дайын"
      (mk) "Готово"
      (sk) "Hotovo"
      (uk) "Готово"
      (el) "Τέλος"
      (gl) "Feito"
      (ml) "പൂർത്തിയായി"
      (nl) "Klaar"
      (pl) "Gotowe"
      (sl) "Končano"
      (tl) "Tapos na"
      (am) "ተከናውኗል"
      (km) "រួចរាល់"
      (bn) "হয়ে গেছে"
      (in) "Selesai"
      (kn) "ಆಯಿತು"
      (mn) "Болсон"
      (ko) "완료"
      (lo) "ແລ້ວໆ"
      (ro) "Gata"
      (sq) "U krye"
      (ar) "تم"
      (fr) "OK"
      (hr) "Gotovo"
      (mr) "पूर्ण झाले"
      (or) "ହୋଇଗଲା"
      (sr) "Готово"
      (b+sr+Latn) "Gotovo"
      (tr) "Bitti"
      (ur) "ہو گیا"
      (as) "সম্পন্ন হ’ল"
      (bs) "Gotovo"
      (cs) "Hotovo"
      (es) "Hecho"
      (is) "Lokið"
      (ms) "Selesai"
      (et) "Valmis"
      (it) "Fine"
      (lt) "Atlikta"
      (pt) "Concluído"
      (eu) "Eginda"
      (gu) "થઈ ગયું"
      (hu) "Kész"
      (ru) "Готово"
      (zu) "Kwenziwe"
      (lv) "Gatavs"
      (sv) "Klar"
      (iw) "סיום"
      (sw) "Nimemaliza"
      (hy) "Պատրաստ է"
      (ky) "Бүттү"
      (my) "ပြီးပြီ"
      (az) "Hazırdır"
      (uz) "OK"
      (en-rCA) "Done"
      (fr-rCA) "Terminé"
      (en-rGB) "Done"
      (en-rXC) "‎‏‎‎‎‎‎‏‎‏‏‏‎‎‎‎‎‎‏‎‎‏‎‎‎‎‏‏‏‏‏‏‏‏‎‎‎‎‎‏‎‎‎‏‏‏‏‎‎‎‎‎‎‎‎‎‎‏‏‎‏‏‏‎‎‏‏‎‏‎‎‏‏‏‎‎‎‎‏‎‎‎‏‏‏‎‎‏‎‎‎‏‎‎‎‎‎Done‎‏‎‎‏‎"
      (zh-rHK) "完成"
      (zh-rCN) "完成"
      (en-rIN) "Done"
      (pt-rBR) "Concluído"
      (es-rUS) "Listo"
      (pt-rPT) "Concluído"
      (en-rAU) "Done"
      (zh-rTW) "完成"
    resource 0x7f0f0006 string/abc_capital_off
      () "OFF"
      (ca) "DESACTIVA"
      (da) "FRA"
      (fa) "خاموش"
      (ja) "OFF"
      (ka) "გამორთვა"
      (pa) "ਬੰਦ"
      (ta) "ஆஃப்"
      (nb) "AV"
      (be) "ВЫКЛ."
      (de) "AUS"
      (ne) "अफ"
      (te) "ఆఫ్"
      (af) "AF"
      (bg) "ИЗКЛ."
      (th) "ปิด"
      (fi) "POIS PÄÄLTÄ"
      (hi) "बंद"
      (si) "ක්‍රියාවිරහිතයි"
      (vi) "TẮT"
      (kk) "ӨШІРУ"
      (mk) "ИСКЛУЧЕНО"
      (sk) "VYP."
      (uk) "ВИМКНЕНО"
      (el) "ΑΠΕΝΕΡΓΟΠΟΙΗΣΗ"
      (gl) "DESACTIVADO"
      (ml) "ഓഫ്"
      (nl) "UIT"
      (pl) "WYŁ."
      (sl) "IZKLOP"
      (tl) "I-OFF"
      (am) "አጥፋ"
      (km) "បិទ"
      (bn) "বন্ধ আছে"
      (in) "NONAKTIF"
      (kn) "ಆಫ್"
      (mn) "ИДЭВХГҮЙ"
      (ko) "사용 중지"
      (lo) "ປິດ"
      (ro) "DEZACTIVAT"
      (sq) "JOAKTIV"
      (ar) "إيقاف"
      (fr) "NON"
      (hr) "ISKLJUČENO"
      (mr) "बंद"
      (or) "ବନ୍ଦ"
      (sr) "ИСКЉУЧЕНО"
      (b+sr+Latn) "ISKLJUČENO"
      (tr) "KAPAT"
      (ur) "آف"
      (as) "অফ"
      (bs) "ISKLJUČENO"
      (cs) "VYP"
      (es) "DESACTIVADO"
      (is) "SLÖKKT"
      (ms) "MATI"
      (et) "VÄLJAS"
      (it) "OFF"
      (lt) "IŠJUNGTI"
      (pt) "DESATIVADO"
      (eu) "DESAKTIBATU"
      (gu) "બંધ"
      (hu) "KI"
      (ru) "ВЫКЛ"
      (zu) "VALA"
      (lv) "IZSLĒGT"
      (sv) "AV"
      (iw) "כבוי"
      (sw) "IMEZIMWA"
      (hy) "ԱՆՋԱՏԵԼ"
      (ky) "ӨЧҮК"
      (my) "ပိတ်"
      (az) "DEAKTİV"
      (uz) "YOQILMAGAN"
      (en-rCA) "OFF"
      (fr-rCA) "DÉSACTIVER"
      (en-rGB) "OFF"
      (en-rXC) "‎‏‎‎‎‎‎‏‎‏‏‏‎‎‎‎‎‎‏‎‎‏‎‎‎‎‏‏‏‏‏‏‎‏‏‏‎‏‎‏‎‎‎‎‎‏‎‎‎‏‏‏‎‏‏‎‎‏‏‎‏‏‎‏‎‎‎‎‎‏‏‎‏‎‏‏‎‏‏‏‎‎‏‎‎‏‏‎‎‏‏‏‎‏‏‎OFF‎‏‎‎‏‎"
      (zh-rHK) "關閉"
      (zh-rCN) "关闭"
      (en-rIN) "OFF"
      (pt-rBR) "DESATIVADO"
      (es-rUS) "DESACTIVAR"
      (pt-rPT) "DESATIVADO"
      (en-rAU) "OFF"
      (zh-rTW) "關閉"
    resource 0x7f0f0007 string/abc_capital_on
      () "ON"
      (ca) "ACTIVA"
      (da) "TIL"
      (fa) "روشن"
      (ja) "ON"
      (ka) "ჩართვა"
      (pa) "ਚਾਲੂ"
      (ta) "ஆன்"
      (nb) "PÅ"
      (be) "УКЛ."
      (de) "AN"
      (ne) "अन गर्नुहोस्"
      (te) "ఆన్"
      (af) "AAN"
      (bg) "ВКЛ."
      (th) "เปิด"
      (fi) "PÄÄLLÄ"
      (hi) "चालू"
      (si) "ක්‍රියාත්මකයි"
      (vi) "BẬT"
      (kk) "ҚОСУ"
      (mk) "ВКЛУЧЕНО"
      (sk) "ZAP."
      (uk) "УВІМКНЕНО"
      (el) "ΕΝΕΡΓΟΠΟΙΗΣΗ"
      (gl) "ACTIVADO"
      (ml) "ഓൺ"
      (nl) "AAN"
      (pl) "WŁ."
      (sl) "VKLOP"
      (tl) "I-ON"
      (am) "አብራ"
      (km) "បើក"
      (bn) "চালু করুন"
      (in) "AKTIF"
      (kn) "ಆನ್"
      (mn) "ИДЭВХТЭЙ"
      (ko) "사용"
      (lo) "ເປີດ"
      (ro) "ACTIVAT"
      (sq) "AKTIV"
      (ar) "مفعّلة"
      (fr) "OUI"
      (hr) "UKLJUČENO"
      (mr) "सुरू"
      (or) "ଚାଲୁ ଅଛି"
      (sr) "УКЉУЧЕНО"
      (b+sr+Latn) "UKLJUČENO"
      (tr) "AÇ"
      (ur) "آن"
      (as) "অন"
      (bs) "UKLJUČENO"
      (cs) "ZAP"
      (es) "ACTIVADO"
      (is) "KVEIKT"
      (ms) "HIDUP"
      (et) "SEES"
      (it) "ON"
      (lt) "ĮJUNGTI"
      (pt) "ATIVADO"
      (eu) "AKTIBATU"
      (gu) "ચાલુ"
      (hu) "BE"
      (ru) "ВКЛ"
      (zu) "VULA"
      (lv) "IESLĒGT"
      (sv) "PÅ"
      (iw) "מופעל"
      (sw) "IMEWASHWA"
      (hy) "ՄԻԱՑՆԵԼ"
      (ky) "КҮЙҮК"
      (my) "ဖွင့်"
      (az) "AKTİV"
      (uz) "YONIQ"
      (en-rCA) "ON"
      (fr-rCA) "ACTIVER"
      (en-rGB) "ON"
      (en-rXC) "‎‏‎‎‎‎‎‏‎‏‏‏‎‎‎‎‎‎‏‎‎‏‎‎‎‎‏‏‏‏‏‎‎‏‏‎‎‎‏‎‎‏‎‎‎‎‎‎‏‎‏‏‏‎‎‎‎‎‎‏‎‏‎‎‎‎‎‎‎‏‎‎‎‎‏‎‎‎‏‏‏‏‏‎‎‏‏‎‏‏‎‎‎‎ON‎‏‎‎‏‎"
      (zh-rHK) "開啟"
      (zh-rCN) "开启"
      (en-rIN) "ON"
      (pt-rBR) "ATIVADO"
      (es-rUS) "ACTIVAR"
      (pt-rPT) "ATIVADO"
      (en-rAU) "ON"
      (zh-rTW) "開啟"
    resource 0x7f0f0008 string/abc_menu_alt_shortcut_label
      () "Alt+"
      (ca) "Alt+"
      (da) "Alt+"
      (fa) "‎Alt+‎"
      (ja) "Alt+"
      (ka) "Alt+"
      (pa) "Alt+"
      (ta) "Alt மற்றும்"
      (nb) "Alt+"
      (be) "Alt +"
      (de) "Alt +"
      (ne) "Alt+"
      (te) "Alt+"
      (af) "Alt+"
      (bg) "Alt+"
      (th) "Alt+"
      (fi) "Alt+"
      (hi) "Alt+"
      (si) "Alt+"
      (vi) "Alt+"
      (kk) "Alt+"
      (mk) "Alt+"
      (sk) "Alt+"
      (uk) "Alt+"
      (el) "Alt+"
      (gl) "Alt +"
      (ml) "Alt+"
      (nl) "Alt +"
      (pl) "Alt+"
      (sl) "Alt +"
      (tl) "Alt+"
      (am) "Alt+"
      (km) "Alt+"
      (bn) "Alt+"
      (in) "Alt+"
      (kn) "Alt+"
      (mn) "Alt+"
      (ko) "Alt+"
      (lo) "Alt+"
      (ro) "Alt+"
      (sq) "Alt+"
      (ar) "Alt+"
      (fr) "Alt+"
      (hr) "Alt+"
      (mr) "Alt+"
      (or) "Alt+"
      (sr) "Alt+"
      (b+sr+Latn) "Alt+"
      (tr) "Alt+"
      (ur) "Alt+‎"
      (as) "Alt+"
      (bs) "Alt+"
      (cs) "Alt+"
      (es) "Alt +"
      (is) "Alt+"
      (ms) "Alt+"
      (et) "Alt +"
      (it) "ALT +"
      (lt) "„Alt“ +"
      (pt) "Alt+"
      (eu) "Alt +"
      (gu) "Alt+"
      (hu) "Alt+"
      (ru) "Alt +"
      (zu) "Alt+"
      (lv) "Alternēšanas taustiņš +"
      (sv) "Alt + "
      (iw) "Alt+"
      (sw) "Alt+"
      (hy) "Alt+"
      (ky) "Alt+"
      (my) "Alt+"
      (az) "Alt+"
      (uz) "Alt+"
      (en-rCA) "Alt+"
      (fr-rCA) "Alt+"
      (en-rGB) "Alt+"
      (en-rXC) "‎‏‎‎‎‎‎‏‎‏‏‏‎‎‎‎‎‎‏‎‎‏‎‎‎‎‏‏‏‏‏‏‏‏‏‏‏‎‏‎‏‎‎‏‎‏‏‎‎‏‏‎‏‎‏‏‎‎‎‎‎‎‎‎‎‎‏‏‏‏‏‎‏‏‏‎‏‎‎‎‏‎‏‎‎‏‏‎‎‏‏‏‏‎‏‎‎Alt+‎‏‎‎‏‎"
      (zh-rHK) "Alt +"
      (zh-rCN) "Alt+"
      (en-rIN) "Alt+"
      (pt-rBR) "Alt+"
      (es-rUS) "Alt+"
      (pt-rPT) "Alt +"
      (en-rAU) "Alt+"
      (zh-rTW) "Alt +"
    resource 0x7f0f0009 string/abc_menu_ctrl_shortcut_label
      () "Ctrl+"
      (ca) "Ctrl+"
      (da) "Ctrl+"
      (fa) "‎Ctrl+‎"
      (ja) "Ctrl+"
      (ka) "Ctrl+"
      (pa) "Ctrl+"
      (ta) "Ctrl மற்றும்"
      (nb) "Ctrl+"
      (be) "Ctrl +"
      (de) "Strg +"
      (ne) "Ctrl+"
      (te) "Ctrl+"
      (af) "Ctrl+"
      (bg) "Ctrl+"
      (th) "Ctrl+"
      (fi) "Ctrl+"
      (hi) "Ctrl+"
      (si) "Ctrl+"
      (vi) "Ctrl+"
      (kk) "Ctrl+"
      (mk) "Ctrl+"
      (sk) "Ctrl+"
      (uk) "Ctrl+"
      (el) "Ctrl+"
      (gl) "Ctrl +"
      (ml) "Ctrl+"
      (nl) "Ctrl +"
      (pl) "Ctrl+"
      (sl) "Ctrl +"
      (tl) "Ctrl+"
      (am) "Ctrl+"
      (km) "Ctrl+"
      (bn) "Ctrl+"
      (in) "Ctrl+"
      (kn) "Ctrl+"
      (mn) "Ctrl+"
      (ko) "Ctrl+"
      (lo) "Ctrl+"
      (ro) "Ctrl+"
      (sq) "Ctrl+"
      (ar) "Ctrl+"
      (fr) "Ctrl+"
      (hr) "Ctrl+"
      (mr) "Ctrl+"
      (or) "Ctrl+"
      (sr) "Ctrl+"
      (b+sr+Latn) "Ctrl+"
      (tr) "Ctrl+"
      (ur) "Ctrl+‎"
      (as) "Ctrl+"
      (bs) "Ctrl+"
      (cs) "Ctrl+"
      (es) "Ctrl +"
      (is) "Ctrl+"
      (ms) "Ctrl+"
      (et) "Ctrl +"
      (it) "CTRL +"
      (lt) "„Ctrl“ +"
      (pt) "Ctrl+"
      (eu) "Ktrl +"
      (gu) "Ctrl+"
      (hu) "Ctrl+"
      (ru) "Ctrl +"
      (zu) "Ctrl+"
      (lv) "Vadīšanas taustiņš +"
      (sv) "Ctrl + "
      (iw) "Ctrl+‎"
      (sw) "Ctrl+"
      (hy) "Ctrl+"
      (ky) "Ctrl+"
      (my) "Ctrl+"
      (az) "Ctrl+"
      (uz) "Ctrl+"
      (en-rCA) "Ctrl+"
      (fr-rCA) "Ctrl+"
      (en-rGB) "Ctrl+"
      (en-rXC) "‎‏‎‎‎‎‎‏‎‏‏‏‎‎‎‎‎‎‏‎‎‏‎‎‎‎‏‏‏‏‏‎‏‏‏‏‏‎‏‏‎‏‏‎‏‎‏‏‎‎‎‎‎‏‎‏‎‏‎‎‏‏‏‏‎‎‏‎‎‎‏‎‎‏‎‏‎‎‎‎‎‏‎‏‎‎‏‎‏‎‏‎‏‎‎Ctrl+‎‏‎‎‏‎"
      (zh-rHK) "Ctrl +"
      (zh-rCN) "Ctrl+"
      (en-rIN) "Ctrl+"
      (pt-rBR) "Ctrl+"
      (es-rUS) "Ctrl+"
      (pt-rPT) "Ctrl +"
      (en-rAU) "Ctrl+"
      (zh-rTW) "Ctrl +"
    resource 0x7f0f000a string/abc_menu_delete_shortcut_label
      () "delete"
      (ca) "Supr"
      (da) "slet"
      (fa) "حذف"
      (ja) "Delete"
      (ka) "delete"
      (pa) "ਮਿਟਾਓ"
      (ta) "delete"
      (nb) "slett"
      (be) "Delete"
      (de) "Löschen"
      (ne) "delete"
      (te) "delete"
      (af) "delete"
      (bg) "delete"
      (th) "ลบ"
      (fi) "delete"
      (hi) "delete"
      (si) "මකන්න"
      (vi) "delete"
      (kk) "delete"
      (mk) "избриши"
      (sk) "odstrániť"
      (uk) "delete"
      (el) "delete"
      (gl) "eliminar"
      (ml) "ഇല്ലാതാക്കുക"
      (nl) "Delete"
      (pl) "Delete"
      (sl) "delete"
      (tl) "delete"
      (am) "ሰርዝ"
      (km) "លុប"
      (bn) "মুছুন"
      (in) "delete"
      (kn) "delete"
      (mn) "устгах"
      (ko) "Delete"
      (lo) "ລຶບ"
      (ro) "delete"
      (sq) "delete"
      (ar) "حذف"
      (fr) "supprimer"
      (hr) "delete"
      (mr) "हटवा"
      (or) "ଡିଲିଟ କରନ୍ତୁ"
      (sr) "delete"
      (b+sr+Latn) "delete"
      (tr) "sil"
      (ur) "delete"
      (as) "delete"
      (bs) "delete"
      (cs) "delete"
      (es) "Suprimir"
      (is) "eyða"
      (ms) "delete"
      (et) "kustuta"
      (it) "CANC"
      (lt) "„delete“"
      (pt) "delete"
      (eu) "ezabatu"
      (gu) "delete"
      (hu) "Delete"
      (ru) "Delete"
      (zu) "delete"
      (lv) "dzēšanas taustiņš"
      (sv) "delete"
      (iw) "מחיקה"
      (sw) "delete"
      (hy) "Delete"
      (ky) "delete"
      (my) "delete"
      (az) "silin"
      (uz) "Delete"
      (en-rCA) "delete"
      (fr-rCA) "supprimer"
      (en-rGB) "delete"
      (en-rXC) "‎‏‎‎‎‎‎‏‎‏‏‏‎‎‎‎‎‎‏‎‎‏‎‎‎‎‏‏‏‏‏‎‎‏‎‏‏‏‎‏‎‎‎‎‏‎‎‏‎‏‏‎‏‏‎‏‎‏‏‏‏‏‎‏‏‎‎‏‎‏‎‎‏‏‏‎‏‏‏‏‏‏‎‎‎‎‏‏‏‎‏‎‎‎delete‎‏‎‎‏‎"
      (zh-rHK) "刪除"
      (zh-rCN) "Delete 键"
      (en-rIN) "delete"
      (pt-rBR) "delete"
      (es-rUS) "borrar"
      (pt-rPT) "eliminar"
      (en-rAU) "delete"
      (zh-rTW) "Delete 鍵"
    resource 0x7f0f000b string/abc_menu_enter_shortcut_label
      () "enter"
      (ca) "Retorn"
      (da) "enter"
      (fa) "enter"
      (ja) "Enter"
      (ka) "enter"
      (pa) "enter"
      (ta) "enter"
      (nb) "enter"
      (be) "Enter"
      (de) "Eingabetaste"
      (ne) "enter"
      (te) "enter"
      (af) "enter"
      (bg) "enter"
      (th) "Enter"
      (fi) "enter"
      (hi) "enter"
      (si) "enter"
      (vi) "enter"
      (kk) "enter"
      (mk) "Enter"
      (sk) "enter"
      (uk) "enter"
      (el) "enter"
      (gl) "intro"
      (ml) "enter"
      (nl) "Enter"
      (pl) "Enter"
      (sl) "enter"
      (tl) "enter"
      (am) "enter"
      (km) "enter"
      (bn) "enter"
      (in) "enter"
      (kn) "enter"
      (mn) "оруулах"
      (ko) "Enter"
      (lo) "enter"
      (ro) "enter"
      (sq) "enter"
      (ar) "enter"
      (fr) "entrée"
      (hr) "enter"
      (mr) "एंटर करा"
      (or) "ଏଣ୍ଟର"
      (sr) "enter"
      (b+sr+Latn) "enter"
      (tr) "enter"
      (ur) "enter"
      (as) "enter"
      (bs) "enter"
      (cs) "enter"
      (es) "Intro"
      (is) "enter"
      (ms) "enter"
      (et) "sisestusklahv"
      (it) "INVIO"
      (lt) "„enter“"
      (pt) "enter"
      (eu) "sartu"
      (gu) "Enter"
      (hu) "Enter"
      (ru) "Ввод"
      (zu) "enter"
      (lv) "ievadīšanas taustiņš"
      (sv) "retur"
      (iw) "Enter"
      (sw) "enter"
      (hy) "Enter"
      (ky) "enter"
      (my) "enter"
      (az) "daxil olun"
      (uz) "Enter"
      (en-rCA) "enter"
      (fr-rCA) "entrée"
      (en-rGB) "enter"
      (en-rXC) "‎‏‎‎‎‎‎‏‎‏‏‏‎‎‎‎‎‎‏‎‎‏‎‎‎‎‏‏‏‏‏‏‏‏‏‎‏‏‏‎‏‏‎‏‎‏‎‏‏‏‎‏‎‏‏‏‏‏‏‏‎‏‏‎‎‎‎‏‏‎‎‏‏‎‏‏‎‏‏‏‏‏‎‏‏‏‎‏‎‏‎‎‎‎‏‏‎enter‎‏‎‎‏‎"
      (zh-rHK) "Enter 鍵"
      (zh-rCN) "Enter 键"
      (en-rIN) "enter"
      (pt-rBR) "enter"
      (es-rUS) "intro"
      (pt-rPT) "enter"
      (en-rAU) "enter"
      (zh-rTW) "Enter 鍵"
    resource 0x7f0f000c string/abc_menu_function_shortcut_label
      () "Function+"
      (ca) "Funció+"
      (da) "Fn+"
      (fa) "‎Function+‎"
      (ja) "Function+"
      (ka) "Function+"
      (pa) "Function+"
      (ta) "Function மற்றும்"
      (nb) "Funksjon+"
      (be) "Fn +"
      (de) "Funktionstaste +"
      (ne) "Function+"
      (te) "Function+"
      (af) "Funksie+"
      (bg) "Function+"
      (th) "Function+"
      (fi) "Fn+"
      (hi) "Function+"
      (si) "Function+"
      (vi) "Function+"
      (kk) "Function+"
      (mk) "Function+"
      (sk) "Function+"
      (uk) "Function+"
      (el) "Function+"
      (gl) "Función +"
      (ml) "ഫംഗ്ഷന്‍+"
      (nl) "Functie +"
      (pl) "Funkcyjny+"
      (sl) "Fn +"
      (tl) "Function+"
      (am) "Function+"
      (km) "Function+"
      (bn) "Function+"
      (in) "Function+"
      (kn) "Function+"
      (mn) "Функц+"
      (ko) "Function+"
      (lo) "Function+"
      (ro) "Function+"
      (sq) "Funksioni+"
      (ar) "Function+"
      (fr) "Fonction+"
      (hr) "Function+"
      (mr) "Function+"
      (or) "Function+"
      (sr) "Function+"
      (b+sr+Latn) "Function+"
      (tr) "Function+"
      (ur) "Function+‎"
      (as) "Function+"
      (bs) "Function+"
      (cs) "Fn+"
      (es) "Función +"
      (is) "Aðgerðarlykill+"
      (ms) "Fungsi+"
      (et) "Funktsiooniklahv +"
      (it) "FUNZIONE +"
      (lt) "„Function“ +"
      (pt) "Function+"
      (eu) "Funtzioa +"
      (gu) "Function+"
      (hu) "Function+"
      (ru) "Fn +"
      (zu) "Function+"
      (lv) "Funkcijas taustiņš +"
      (sv) "Funktion + "
      (iw) "Function+"
      (sw) "Function+"
      (hy) "Function+"
      (ky) "Function+"
      (my) "Function+"
      (az) "Funksiya+"
      (uz) "Fn+"
      (en-rCA) "Function+"
      (fr-rCA) "Fonction+"
      (en-rGB) "Function+"
      (en-rXC) "‎‏‎‎‎‎‎‏‎‏‏‏‎‎‎‎‎‎‏‎‎‏‎‎‎‎‏‏‏‏‎‏‏‏‎‏‎‎‏‏‎‏‎‏‎‎‎‎‎‏‏‏‏‎‎‎‎‎‏‏‎‎‎‏‏‎‎‏‎‎‏‏‎‎‏‎‎‏‎‎‎‏‏‎‎‏‎‎‎‏‏‏‎Function+‎‏‎‎‏‎"
      (zh-rHK) "Fn +"
      (zh-rCN) "Fn+"
      (en-rIN) "Function+"
      (pt-rBR) "Function+"
      (es-rUS) "Función+"
      (pt-rPT) "Função +"
      (en-rAU) "Function+"
      (zh-rTW) "Fn +"
    resource 0x7f0f000d string/abc_menu_meta_shortcut_label
      () "Meta+"
      (ca) "Meta+"
      (da) "Meta+"
      (fa) "‎Meta+‎"
      (ja) "Meta+"
      (ka) "Meta+"
      (pa) "Meta+"
      (ta) "Meta மற்றும்"
      (nb) "Meta+"
      (be) "Meta +"
      (de) "Meta-Taste +"
      (ne) "Meta+"
      (te) "Meta+"
      (af) "Meta+"
      (bg) "Meta+"
      (th) "Meta+"
      (fi) "Meta+"
      (hi) "Meta+"
      (si) "Meta+"
      (vi) "Meta+"
      (kk) "Meta+"
      (mk) "Meta+"
      (sk) "Meta+"
      (uk) "Meta+"
      (el) "Meta+"
      (gl) "Meta +"
      (ml) "മെറ്റ+"
      (nl) "Meta +"
      (pl) "Meta+"
      (sl) "Meta +"
      (tl) "Meta+"
      (am) "Meta+"
      (km) "Meta+"
      (bn) "Meta+"
      (in) "Meta+"
      (kn) "Meta+"
      (mn) "Мета+"
      (ko) "Meta+"
      (lo) "Meta+"
      (ro) "Meta+"
      (sq) "Meta+"
      (ar) "Meta+"
      (fr) "Méta+"
      (hr) "Meta+"
      (mr) "Meta+"
      (or) "Meta+"
      (sr) "Meta+"
      (b+sr+Latn) "Meta+"
      (tr) "Meta+"
      (ur) "Meta+‎"
      (as) "Meta+"
      (bs) "Meta+"
      (cs) "Meta+"
      (es) "Meta +"
      (is) "Meta+"
      (ms) "Meta+"
      (et) "Meta +"
      (it) "META +"
      (lt) "„Meta“ +"
      (pt) "Meta+"
      (eu) "Meta +"
      (gu) "Meta+"
      (hu) "Meta+"
      (ru) "Meta +"
      (zu) "Meta+"
      (lv) "Meta taustiņš +"
      (sv) "Meta + "
      (iw) "Meta+"
      (sw) "Meta+"
      (hy) "Meta+"
      (ky) "Meta+"
      (my) "Meta+"
      (az) "Meta+"
      (uz) "Meta+"
      (en-rCA) "Meta+"
      (fr-rCA) "Méta+"
      (en-rGB) "Meta+"
      (en-rXC) "‎‏‎‎‎‎‎‏‎‏‏‏‎‎‎‎‎‎‏‎‎‏‎‎‎‎‏‏‏‏‏‏‎‏‏‏‎‏‎‎‎‏‎‏‏‎‏‏‎‏‏‏‎‎‎‏‎‎‎‏‎‎‎‎‏‏‏‏‎‎‏‏‎‎‏‎‎‎‎‎‏‎‏‎‎‏‎‎‏‏‏‏‏‏‎‎Meta+‎‏‎‎‏‎"
      (zh-rHK) "Meta +"
      (zh-rCN) "Meta+"
      (en-rIN) "Meta+"
      (pt-rBR) "Meta+"
      (es-rUS) "Meta+"
      (pt-rPT) "Meta +"
      (en-rAU) "Meta+"
      (zh-rTW) "Meta +"
    resource 0x7f0f000e string/abc_menu_shift_shortcut_label
      () "Shift+"
      (ca) "Maj+"
      (da) "Shift+"
      (fa) "‎Shift+‎"
      (ja) "Shift+"
      (ka) "Shift+"
      (pa) "Shift+"
      (ta) "Shift மற்றும்"
      (nb) "Shift+"
      (be) "Shift +"
      (de) "Umschalttaste +"
      (ne) "Shift+"
      (te) "Shift+"
      (af) "Shift+"
      (bg) "Shift+"
      (th) "Shift+"
      (fi) "Vaihto+"
      (hi) "Shift+"
      (si) "Shift+"
      (vi) "Shift+"
      (kk) "Shift+"
      (mk) "Shift+"
      (sk) "Shift+"
      (uk) "Shift+"
      (el) "Shift+"
      (gl) "Maiús +"
      (ml) "Shift+"
      (nl) "Shift +"
      (pl) "Shift+"
      (sl) "Shift +"
      (tl) "Shift+"
      (am) "Shift+"
      (km) "Shift+"
      (bn) "Shift+"
      (in) "Shift+"
      (kn) "Shift+"
      (mn) "Шифт+"
      (ko) "Shift+"
      (lo) "Shift+"
      (ro) "Shift+"
      (sq) "Shift+"
      (ar) "Shift+"
      (fr) "Maj+"
      (hr) "Shift+"
      (mr) "Shift+"
      (or) "Shift+"
      (sr) "Shift+"
      (b+sr+Latn) "Shift+"
      (tr) "Üst Karakter+"
      (ur) "Shift+‎"
      (as) "Shift+"
      (bs) "Shift+"
      (cs) "Shift+"
      (es) "Mayús +"
      (is) "Shift+"
      (ms) "Shift+"
      (et) "Tõstuklahv +"
      (it) "MAIUSC +"
      (lt) "„Shift“ +"
      (pt) "Shift+"
      (eu) "Maius +"
      (gu) "Shift+"
      (hu) "Shift+"
      (ru) "Shift +"
      (zu) "Shift+"
      (lv) "Pārslēgšanas taustiņš +"
      (sv) "Skift + "
      (iw) "Shift+"
      (sw) "Shift+"
      (hy) "Shift+"
      (ky) "Shift+"
      (my) "Shift+"
      (az) "Shift+"
      (uz) "Shift+"
      (en-rCA) "Shift+"
      (fr-rCA) "Maj+"
      (en-rGB) "Shift+"
      (en-rXC) "‎‏‎‎‎‎‎‏‎‏‏‏‎‎‎‎‎‎‏‎‎‏‎‎‎‎‏‏‏‏‏‏‏‏‎‎‎‎‎‏‏‏‎‎‏‏‎‏‎‏‏‎‎‎‎‎‏‏‎‎‎‎‏‎‎‎‏‏‎‎‎‎‎‎‎‎‎‎‏‏‎‏‎‎‏‎‎‎‏‏‎‎‎‎‏‏‎Shift+‎‏‎‎‏‎"
      (zh-rHK) "Shift +"
      (zh-rCN) "Shift+"
      (en-rIN) "Shift+"
      (pt-rBR) "Shift+"
      (es-rUS) "Mayúscula+"
      (pt-rPT) "Shift +"
      (en-rAU) "Shift+"
      (zh-rTW) "Shift +"
    resource 0x7f0f000f string/abc_menu_space_shortcut_label
      () "space"
      (ca) "Espai"
      (da) "mellemrum"
      (fa) "فاصله"
      (ja) "Space"
      (ka) "შორისი"
      (pa) "space"
      (ta) "space"
      (nb) "mellomrom"
      (be) "Прабел"
      (de) "Leertaste"
      (ne) "space"
      (te) "స్పేస్"
      (af) "spasiebalk"
      (bg) "клавиша за интервал"
      (th) "Space"
      (fi) "välilyönti"
      (hi) "space"
      (si) "space"
      (vi) "space"
      (kk) "бос орын"
      (mk) "вселена"
      (sk) "medzerník"
      (uk) "пробіл"
      (el) "διάστημα"
      (gl) "espazo"
      (ml) "സ്‌പെയ്‌സ്"
      (nl) "spatie"
      (pl) "spacja"
      (sl) "preslednica"
      (tl) "space"
      (am) "ክፍተት"
      (km) "space"
      (bn) "space"
      (in) "spasi"
      (kn) "space"
      (mn) "зай"
      (ko) "스페이스바"
      (lo) "ຍະຫວ່າງ"
      (ro) "space"
      (sq) "hapësirë"
      (ar) "فضاء"
      (fr) "espace"
      (hr) "svemir"
      (mr) "space"
      (or) "ସ୍ପେସ୍‍"
      (sr) "тастер за размак"
      (b+sr+Latn) "taster za razmak"
      (tr) "boşluk"
      (ur) "space"
      (as) "space"
      (bs) "razmak"
      (cs) "mezerník"
      (es) "Espacio"
      (is) "bilslá"
      (ms) "ruang"
      (et) "tühik"
      (it) "SPAZIO"
      (lt) "„space“"
      (pt) "espaço"
      (eu) "zuriunea"
      (gu) "space"
      (hu) "Szóköz"
      (ru) "Пробел"
      (zu) "space"
      (lv) "atstarpes taustiņš"
      (sv) "blanksteg"
      (iw) "רווח"
      (sw) "space"
      (hy) "բացատ"
      (ky) "боштук"
      (my) "space"
      (az) "space"
      (uz) "Probel"
      (en-rCA) "space"
      (fr-rCA) "espace"
      (en-rGB) "space"
      (en-rXC) "‎‏‎‎‎‎‎‏‎‏‏‏‎‎‎‎‎‎‏‎‎‏‎‎‎‎‏‏‏‏‏‏‏‏‎‎‏‎‏‏‏‏‏‏‎‏‏‏‎‎‎‏‎‎‏‏‏‎‏‏‎‎‎‎‎‎‎‏‏‎‏‏‎‎‎‏‏‎‎‏‎‎‎‏‏‎‏‎‎‎‎‏‎‏‏‎‎space‎‏‎‎‏‎"
      (zh-rHK) "空白鍵"
      (zh-rCN) "空格键"
      (en-rIN) "space"
      (pt-rBR) "espaço"
      (es-rUS) "espacio"
      (pt-rPT) "espaço"
      (en-rAU) "space"
      (zh-rTW) "空格鍵"
    resource 0x7f0f0010 string/abc_menu_sym_shortcut_label
      () "Sym+"
      (ca) "Sym+"
      (da) "Sym+"
      (fa) "‎Sym+‎"
      (ja) "Sym+"
      (ka) "Sym+"
      (pa) "Sym+"
      (ta) "Sym மற்றும்"
      (nb) "Sym+"
      (be) "Sym +"
      (de) "Sym-Taste +"
      (ne) "Sym+"
      (te) "Sym+"
      (af) "Simbool+"
      (bg) "Sym+"
      (th) "Sym+"
      (fi) "Sym+"
      (hi) "Sym+"
      (si) "Sym+"
      (vi) "Sym+"
      (kk) "Sym+"
      (mk) "Sym+"
      (sk) "Sym+"
      (uk) "Sym+"
      (el) "Sym+"
      (gl) "Sym +"
      (ml) "Sym+"
      (nl) "Sym +"
      (pl) "Sym+"
      (sl) "Sym +"
      (tl) "Sym+"
      (am) "Sym+"
      (km) "Sym+"
      (bn) "Sym+"
      (in) "Sym+"
      (kn) "Sym+"
      (mn) "Sym+"
      (ko) "Sym+"
      (lo) "Sym+"
      (ro) "Sym+"
      (sq) "Sym+"
      (ar) "Sym+"
      (fr) "Sym+"
      (hr) "Sym+"
      (mr) "Sym+"
      (or) "Sym+"
      (sr) "Sym+"
      (b+sr+Latn) "Sym+"
      (tr) "Sym+"
      (ur) "Sym+‎"
      (as) "Sym+"
      (bs) "Sym+"
      (cs) "Sym+"
      (es) "Sym +"
      (is) "Sym+"
      (ms) "Sym+"
      (et) "Sym +"
      (it) "SYM +"
      (lt) "„Sym“ +"
      (pt) "Sym+"
      (eu) "Sym +"
      (gu) "Sym+"
      (hu) "Sym+"
      (ru) "Sym +"
      (zu) "Sym+"
      (lv) "Simbolu taustiņš +"
      (sv) "Symbol + "
      (iw) "Sym+"
      (sw) "Sym+"
      (hy) "Sym+"
      (ky) "Sym+"
      (my) "Sym+"
      (az) "Sym+"
      (uz) "Sym+"
      (en-rCA) "Sym+"
      (fr-rCA) "Sym+"
      (en-rGB) "Sym+"
      (en-rXC) "‎‏‎‎‎‎‎‏‎‏‏‏‎‎‎‎‎‎‏‎‎‏‎‎‎‎‏‏‏‏‏‏‏‏‎‏‎‏‎‏‏‏‎‎‎‏‎‏‏‎‏‏‏‎‏‏‏‎‏‏‎‏‎‎‏‏‏‏‏‎‏‎‎‎‎‎‎‎‎‎‎‎‏‎‎‎‏‎‎‏‏‎‏‏‏‎‎Sym+‎‏‎‎‏‎"
      (zh-rHK) "Sym +"
      (zh-rCN) "Sym+"
      (en-rIN) "Sym+"
      (pt-rBR) "Sym+"
      (es-rUS) "Sym+"
      (pt-rPT) "Sym +"
      (en-rAU) "Sym+"
      (zh-rTW) "Sym +"
    resource 0x7f0f0011 string/abc_prepend_shortcut_label
      () "Menu+"
      (ca) "Menú+"
      (da) "Menu+"
      (fa) "منو+"
      (ja) "Menu+"
      (ka) "Menu+"
      (pa) "Menu+"
      (ta) "Menu மற்றும்"
      (nb) "Meny+"
      (be) "Меню +"
      (de) "Menütaste +"
      (ne) "Menu+"
      (te) "Menu+"
      (af) "Kieslys+"
      (bg) "Menu+"
      (th) "เมนู+"
      (fi) "Valikko+"
      (hi) "Menu+"
      (si) "Menu+"
      (vi) "Menu+"
      (kk) "Menu+"
      (mk) "Menu+"
      (sk) "Menu+"
      (uk) "Menu+"
      (el) "Menu+"
      (gl) "Menú +"
      (ml) "മെനു+"
      (nl) "Menu +"
      (pl) "Menu+"
      (sl) "Meni +"
      (tl) "Menu+"
      (am) "Menu+"
      (km) "Menu+"
      (bn) "Menu+"
      (in) "Menu+"
      (kn) "Menu+"
      (mn) "Цэс+"
      (ko) "Menu+"
      (lo) "Menu+"
      (ro) "Meniu+"
      (sq) "Menyja+"
      (ar) "القائمة+"
      (fr) "Menu+"
      (hr) "Menu+"
      (mr) "मेनू+"
      (or) "ମେନୁ"
      (sr) "Menu+"
      (b+sr+Latn) "Menu+"
      (tr) "Menü+"
      (ur) "Menu+‎"
      (as) "Menu+"
      (bs) "Menu+"
      (cs) "Menu+"
      (es) "Menú +"
      (is) "Valmynd+"
      (ms) "Menu+"
      (et) "Menüü +"
      (it) "MENU +"
      (lt) "„Menu“ +"
      (pt) "Menu+"
      (eu) "Menua +"
      (gu) "Menu+"
      (hu) "Menu+"
      (ru) "Меню +"
      (zu) "Imenyu+"
      (lv) "Poga Izvēlne +"
      (sv) "Meny + "
      (iw) "תפריט+"
      (sw) "Menu+"
      (hy) "Menu+"
      (ky) "Menu+"
      (my) "Menu+"
      (az) "Menyu+"
      (uz) "Menyu+"
      (en-rCA) "Menu+"
      (fr-rCA) "Menu+"
      (en-rGB) "Menu+"
      (en-rXC) "‎‏‎‎‎‎‎‏‎‏‏‏‎‎‎‎‎‎‏‎‎‏‎‎‎‎‏‏‏‏‏‏‏‏‎‎‏‏‎‎‏‎‎‏‏‏‎‎‎‎‎‎‏‏‏‎‏‏‏‏‎‎‎‎‎‏‎‎‎‏‎‏‏‏‏‎‏‎‏‏‏‎‎‎‎‏‏‏‏‎‏‏‏‏‏‎‎Menu+‎‏‎‎‏‎"
      (zh-rHK) "Menu +"
      (zh-rCN) "Menu+"
      (en-rIN) "Menu+"
      (pt-rBR) "Menu+"
      (es-rUS) "Menú+"
      (pt-rPT) "Menu +"
      (en-rAU) "Menu+"
      (zh-rTW) "Menu +"
    resource 0x7f0f0012 string/abc_search_hint
      () "Search…"
      (ca) "Cerca…"
      (da) "Søg…"
      (fa) "جستجو…‏"
      (ja) "検索…"
      (ka) "ძიება…"
      (pa) "ਖੋਜ…"
      (ta) "தேடுக…"
      (nb) "Søk"
      (be) "Пошук…"
      (de) "Suchen…"
      (ne) "खोज्नुहोस्…"
      (te) "సెర్చ్ చేయండి…"
      (af) "Soek …"
      (bg) "Търсете…"
      (th) "ค้นหา…"
      (fi) "Haku…"
      (hi) "खोजें…"
      (si) "සොයන්න..."
      (vi) "Tìm kiếm…"
      (kk) "Іздеу…"
      (mk) "Пребарување…"
      (sk) "Vyhľadať…"
      (uk) "Введіть пошуковий запит…"
      (el) "Αναζήτηση…"
      (gl) "Busca…"
      (ml) "തിരയുക…"
      (nl) "Zoeken…"
      (pl) "Szukaj…"
      (sl) "Iskanje …"
      (tl) "Maghanap…"
      (am) "ይፈልጉ…"
      (km) "ស្វែងរក…"
      (bn) "সার্চ করুন…"
      (in) "Telusuri..."
      (kn) "ಹುಡುಕಿ…"
      (mn) "Хайх…"
      (ko) "검색..."
      (lo) "ຊອກຫາ…"
      (ro) "Caută…"
      (sq) "Kërko…"
      (ar) "بحث…"
      (fr) "Rechercher…"
      (hr) "Pretražite…"
      (mr) "शोधा…"
      (or) "ସର୍ଚ୍ଚ କରନ୍ତୁ…"
      (sr) "Претражите…"
      (b+sr+Latn) "Pretražite…"
      (tr) "Ara…"
      (ur) "تلاش کریں…"
      (as) "সন্ধান কৰক…"
      (bs) "Pretražite..."
      (cs) "Vyhledat…"
      (es) "Buscar…"
      (is) "Leita…"
      (ms) "Cari…"
      (et) "Otsige …"
      (it) "Cerca…"
      (lt) "Ieškoti…"
      (pt) "Pesquisar…"
      (eu) "Bilatu…"
      (gu) "શોધો…"
      (hu) "Keresés…"
      (ru) "Введите запрос"
      (zu) "Sesha…"
      (lv) "Meklējiet…"
      (sv) "Sök …"
      (iw) "חיפוש…"
      (sw) "Tafuta…"
      (hy) "Որոնում…"
      (ky) "Издөө…"
      (my) "ရှာဖွေရန်…"
      (az) "Axtarış..."
      (uz) "Qidirish…"
      (en-rCA) "Search…"
      (fr-rCA) "Rechercher…"
      (en-rGB) "Search…"
      (en-rXC) "‎‏‎‎‎‎‎‏‎‏‏‏‎‎‎‎‎‎‏‎‎‏‎‎‎‎‏‏‏‏‏‏‏‏‏‎‎‏‎‎‎‎‎‎‏‎‎‎‎‎‏‏‏‎‏‏‏‎‏‏‎‏‎‎‎‏‎‎‎‏‏‏‏‏‏‎‎‎‎‏‏‏‏‏‎‏‏‏‏‎‏‏‎‏‎‎‎Search…‎‏‎‎‏‎"
      (zh-rHK) "搜尋…"
      (zh-rCN) "搜索…"
      (en-rIN) "Search…"
      (pt-rBR) "Pesquisar…"
      (es-rUS) "Buscar…"
      (pt-rPT) "Pesquisar…"
      (en-rAU) "Search…"
      (zh-rTW) "搜尋…"
    resource 0x7f0f0013 string/abc_searchview_description_clear
      () "Clear query"
      (ca) "Esborra la consulta"
      (da) "Ryd forespørgsel"
      (fa) "پاک کردن پُرسمان"
      (ja) "検索キーワードを削除"
      (ka) "მოთხოვნის გასუფთავება"
      (pa) "ਪੁੱਛਗਿੱਛ ਕਲੀਅਰ ਕਰੋ"
      (ta) "வினவலை அழிக்கும்"
      (nb) "Slett søket"
      (be) "Выдаліць запыт"
      (de) "Suchanfrage löschen"
      (ne) "क्वेरी खाली गर्नुहोस्"
      (te) "ప్రశ్నను తీసివేస్తుంది"
      (af) "Vee navraag uit"
      (bg) "Изчистване на заявката"
      (th) "ล้างคำค้นหา"
      (fi) "Tyhjennä kysely"
      (hi) "क्‍वेरी हटाएं"
      (si) "විමසුම හිස් කරන්න"
      (vi) "Xóa truy vấn"
      (kk) "Сұрауды өшіру"
      (mk) "Исчисти барање"
      (sk) "Vymazať dopyt"
      (uk) "Очистити запит"
      (el) "Διαγραφή ερωτήματος"
      (gl) "Borra a consulta"
      (ml) "ചോദ്യം മായ്‌ക്കുക"
      (nl) "Zoekopdracht wissen"
      (pl) "Wyczyść zapytanie"
      (sl) "Izbris poizvedbe"
      (tl) "I-clear ang query"
      (am) "መጠይቅ አጽዳ"
      (km) "សម្អាត​សំណួរ"
      (bn) "কোয়েরি মুছে ফেলুন"
      (in) "Hapus kueri"
      (kn) "ಪ್ರಶ್ನೆಯನ್ನು ತೆರವುಗೊಳಿಸಿ"
      (mn) "Асуулга арилгах"
      (ko) "검색어 삭제"
      (lo) "ລຶບຂໍ້ຄວາມຊອກຫາ"
      (ro) "Șterge interogarea"
      (sq) "Pastro pyetjen"
      (ar) "محو طلب البحث"
      (fr) "Effacer la requête"
      (hr) "Izbriši upit"
      (mr) "क्‍वेरी साफ करा"
      (or) "କ୍ୱେରୀ ଖାଲି କରନ୍ତୁ"
      (sr) "Обришите упит"
      (b+sr+Latn) "Obrišite upit"
      (tr) "Sorguyu temizle"
      (ur) "استفسار صاف کریں"
      (as) "সন্ধান কৰা প্ৰশ্ন মচক"
      (bs) "Obriši upit"
      (cs) "Smazat dotaz"
      (es) "Borrar consulta"
      (is) "Hreinsa fyrirspurn"
      (ms) "Kosongkan pertanyaan"
      (et) "Päringu tühistamine"
      (it) "Cancella query"
      (lt) "Išvalyti užklausą"
      (pt) "Limpar consulta"
      (eu) "Garbitu kontsulta"
      (gu) "ક્વેરી સાફ કરો"
      (hu) "Lekérdezés törlése"
      (ru) "Удалить запрос"
      (zu) "Sula inkinga"
      (lv) "Notīrīt vaicājumu"
      (sv) "Ta bort frågan"
      (iw) "מחיקת השאילתה"
      (sw) "Futa hoja"
      (hy) "Ջնջել հարցումը"
      (ky) "Сурамды өчүрүү"
      (my) "ရှာဖွေမှုကို ဖယ်ရှားရန်"
      (az) "Sorğunu silin"
      (uz) "So‘rovni o‘chirish"
      (en-rCA) "Clear query"
      (fr-rCA) "Effacer la requête"
      (en-rGB) "Clear query"
      (en-rXC) "‎‏‎‎‎‎‎‏‎‏‏‏‎‎‎‎‎‎‏‎‎‏‎‎‎‎‏‏‏‏‏‏‎‏‏‎‎‏‏‏‏‏‎‏‎‏‏‎‏‎‏‎‎‎‏‎‎‏‏‏‏‎‎‎‏‎‏‎‎‎‎‎‏‏‎‏‏‎‎‏‎‏‏‎‎‎‏‎‏‏‏‎‎‏‏‎Clear query‎‏‎‎‏‎"
      (zh-rHK) "清除查詢"
      (zh-rCN) "清除查询"
      (en-rIN) "Clear query"
      (pt-rBR) "Limpar consulta"
      (es-rUS) "Borrar consulta"
      (pt-rPT) "Limpar consulta"
      (en-rAU) "Clear query"
      (zh-rTW) "清除查詢"
    resource 0x7f0f0015 string/abc_searchview_description_search
      () "Search"
      (ca) "Cerca"
      (da) "Søg"
      (fa) "جستجو"
      (ja) "検索"
      (ka) "ძიება"
      (pa) "ਖੋਜ"
      (ta) "தேடும்"
      (nb) "Søk"
      (be) "Пошук"
      (de) "Suche"
      (ne) "खोज्नुहोस्"
      (te) "సెర్చ్"
      (af) "Soek"
      (bg) "Търсене"
      (th) "ค้นหา"
      (fi) "Haku"
      (hi) "खोजें"
      (si) "සෙවීම"
      (vi) "Tìm kiếm"
      (kk) "Іздеу"
      (mk) "Пребарај"
      (sk) "Hľadať"
      (uk) "Пошук"
      (el) "Αναζήτηση"
      (gl) "Realiza buscas"
      (ml) "തിരയുക"
      (nl) "Zoeken"
      (pl) "Szukaj"
      (sl) "Iskanje"
      (tl) "Maghanap"
      (am) "ፍለጋ"
      (km) "ស្វែងរក"
      (bn) "সার্চ করুন"
      (in) "Telusuri"
      (kn) "ಹುಡುಕಿ"
      (mn) "Хайх"
      (ko) "검색"
      (lo) "ຊອກຫາ"
      (ro) "Caută"
      (sq) "Kërko"
      (ar) "البحث"
      (fr) "Rechercher"
      (hr) "Pretraži"
      (mr) "शोधा"
      (or) "ସର୍ଚ୍ଚ କରନ୍ତୁ"
      (sr) "Претражите"
      (b+sr+Latn) "Pretražite"
      (tr) "Ara"
      (ur) "تلاش کریں"
      (as) "সন্ধান কৰক"
      (bs) "Pretraživanje"
      (cs) "Hledat"
      (es) "Buscar"
      (is) "Leit"
      (ms) "Cari"
      (et) "Otsing"
      (it) "Cerca"
      (lt) "Ieškoti"
      (pt) "Pesquisar"
      (eu) "Bilatu"
      (gu) "શોધો"
      (hu) "Keresés"
      (ru) "Поиск"
      (zu) "Sesha"
      (lv) "Meklēt"
      (sv) "Sök"
      (iw) "חיפוש"
      (sw) "Tafuta"
      (hy) "Որոնել"
      (ky) "Издөө"
      (my) "ရှာရန်"
      (az) "Axtarın"
      (uz) "Qidiruv"
      (en-rCA) "Search"
      (fr-rCA) "Rechercher"
      (en-rGB) "Search"
      (en-rXC) "‎‏‎‎‎‎‎‏‎‏‏‏‎‎‎‎‎‎‏‎‎‏‎‎‎‎‏‏‏‏‏‏‎‏‎‏‏‏‏‎‏‏‎‏‏‎‏‏‏‏‏‏‎‏‎‎‏‎‏‎‎‏‏‎‎‎‎‎‎‎‎‎‏‏‎‏‎‏‏‏‎‎‏‏‏‏‏‎‎‏‏‏‎‎‎‎Search‎‏‎‎‏‎"
      (zh-rHK) "搜尋"
      (zh-rCN) "搜索"
      (en-rIN) "Search"
      (pt-rBR) "Pesquisar"
      (es-rUS) "Buscar"
      (pt-rPT) "Pesquisar"
      (en-rAU) "Search"
      (zh-rTW) "搜尋"
    resource 0x7f0f0016 string/abc_searchview_description_submit
      () "Submit query"
      (ca) "Envia la consulta"
      (da) "Indsend forespørgsel"
      (fa) "ارسال پُرسمان"
      (ja) "検索キーワードを送信"
      (ka) "მოთხოვნის გადაგზავნა"
      (pa) "ਪੁੱਛਗਿੱਛ ਸਪੁਰਦ ਕਰੋ"
      (ta) "வினவலைச் சமர்ப்பிக்கும்"
      (nb) "Utfør søket"
      (be) "Адправіць запыт"
      (de) "Anfrage senden"
      (ne) "क्वेरी पेस गर्नुहोस्"
      (te) "ప్రశ్నని సమర్పిస్తుంది"
      (af) "Dien navraag in"
      (bg) "Изпращане на заявката"
      (th) "ส่งคำค้นหา"
      (fi) "Lähetä kysely"
      (hi) "क्वेरी सबमिट करें"
      (si) "විමසුම යොමු කරන්න"
      (vi) "Gửi truy vấn"
      (kk) "Сұрауды жіберу"
      (mk) "Испрати барање"
      (sk) "Odoslať dopyt"
      (uk) "Наіслати запит"
      (el) "Υποβολή ερωτήματος"
      (gl) "Envía a consulta"
      (ml) "ചോദ്യം സമർപ്പിക്കുക"
      (nl) "Zoekopdracht verzenden"
      (pl) "Wyślij zapytanie"
      (sl) "Pošiljanje poizvedbe"
      (tl) "Isumite ang query"
      (am) "መጠይቅ አስገባ"
      (km) "ដាក់បញ្ជូន​សំណួរ"
      (bn) "কোয়েরি জমা দিন"
      (in) "Kirim kueri"
      (kn) "ಪ್ರಶ್ನೆಯನ್ನು ಸಲ್ಲಿಸಿ"
      (mn) "Асуулга илгээх"
      (ko) "검색어 보내기"
      (lo) "ສົ່ງຂໍ້ມູນ"
      (ro) "Trimite interogarea"
      (sq) "Dërgo pyetjen"
      (ar) "إرسال طلب البحث"
      (fr) "Envoyer la requête"
      (hr) "Pošalji upit"
      (mr) "क्वेरी सबमिट करा"
      (or) "କ୍ୱେରୀ ଦାଖଲ କରନ୍ତୁ"
      (sr) "Пошаљите упит"
      (b+sr+Latn) "Pošaljite upit"
      (tr) "Sorguyu gönder"
      (ur) "استفسار جمع کرائیں"
      (as) "প্ৰশ্ন দাখিল কৰক"
      (bs) "Pošalji upit"
      (cs) "Odeslat dotaz"
      (es) "Enviar consulta"
      (is) "Senda fyrirspurn"
      (ms) "Serah pertanyaan"
      (et) "Päringu esitamine"
      (it) "Invia query"
      (lt) "Pateikti užklausą"
      (pt) "Enviar consulta"
      (eu) "Bidali kontsulta"
      (gu) "ક્વેરી સબમિટ કરો"
      (hu) "Lekérdezés küldése"
      (ru) "Отправить запрос"
      (zu) "Thumela umbuzo"
      (lv) "Iesniegt vaicājumu"
      (sv) "Skicka fråga"
      (iw) "שליחת שאילתה"
      (sw) "Wasilisha hoja"
      (hy) "Ուղարկել հարցումը"
      (ky) "Сурам тапшыруу"
      (my) "ရှာဖွေစရာ အချက်အလက်ကို ပေးပို့ရန်"
      (az) "Sorğunu göndərin"
      (uz) "So‘rov yaratish"
      (en-rCA) "Submit query"
      (fr-rCA) "Envoyer la requête"
      (en-rGB) "Submit query"
      (en-rXC) "‎‏‎‎‎‎‎‏‎‏‏‏‎‎‎‎‎‎‏‎‎‏‎‎‎‎‏‏‏‏‏‎‏‏‎‏‎‎‏‎‏‎‎‎‎‏‎‎‏‏‏‏‎‎‎‎‏‎‏‏‎‏‎‏‎‏‎‏‏‎‏‏‏‎‎‎‏‏‏‏‏‎‏‏‎‎‏‏‎‏‏‏‏‏‎Submit query‎‏‎‎‏‎"
      (zh-rHK) "提交查詢"
      (zh-rCN) "提交查询"
      (en-rIN) "Submit query"
      (pt-rBR) "Enviar consulta"
      (es-rUS) "Enviar consulta"
      (pt-rPT) "Enviar consulta"
      (en-rAU) "Submit query"
      (zh-rTW) "提交查詢"
    resource 0x7f0f0017 string/abc_searchview_description_voice
      () "Voice search"
      (ca) "Cerca per veu"
      (da) "Talesøgning"
      (fa) "جستجوی گفتاری"
      (ja) "音声検索"
      (ka) "ხმოვანი ძიება"
      (pa) "ਅਵਾਜ਼ੀ ਖੋਜ"
      (ta) "குரல் தேடல்"
      (nb) "Talesøk"
      (be) "Галасавы пошук"
      (de) "Sprachsuche"
      (ne) "आवाजमा आधारित खोजी"
      (te) "వాయిస్ సెర్చ్"
      (af) "Stemsoektog"
      (bg) "Гласово търсене"
      (th) "ค้นหาด้วยเสียง"
      (fi) "Puhehaku"
      (hi) "बोलकर खोजें"
      (si) "හඬ සෙවීම"
      (vi) "Tìm kiếm bằng giọng nói"
      (kk) "Дауыспен іздеу"
      (mk) "Гласовно пребарување"
      (sk) "Hlasové vyhľadávanie"
      (uk) "Голосовий пошук"
      (el) "Φωνητική αναζήτηση"
      (gl) "Busca por voz"
      (ml) "സംസാരത്തിലൂടെ തിരയുക"
      (nl) "Gesproken zoekopdracht"
      (pl) "Wyszukiwanie głosowe"
      (sl) "Glasovno iskanje"
      (tl) "Paghahanap gamit ang boses"
      (am) "የድምጽ ፍለጋ"
      (km) "ស្វែងរក​តាម​សំឡេង"
      (bn) "ভয়েস সার্চ করুন"
      (in) "Penelusuran suara"
      (kn) "ಧ್ವನಿ ಹುಡುಕಾಟ"
      (mn) "Дуут хайлт"
      (ko) "음성 검색"
      (lo) "ຊອກຫາດ້ວຍສຽງ"
      (ro) "Căutare vocală"
      (sq) "Kërkim me zë"
      (ar) "بحث صوتي"
      (fr) "Recherche vocale"
      (hr) "Glasovno pretraživanje"
      (mr) "व्हॉइस शोध"
      (or) "ଭଏସ ସର୍ଚ୍ଚ"
      (sr) "Гласовна претрага"
      (b+sr+Latn) "Glasovna pretraga"
      (tr) "Sesli arama"
      (ur) "صوتی تلاش"
      (as) "কণ্ঠধ্বনিৰ দ্বাৰা সন্ধান"
      (bs) "Glasovno pretraživanje"
      (cs) "Hlasové vyhledávání"
      (es) "Búsqueda por voz"
      (is) "Raddleit"
      (ms) "Carian suara"
      (et) "Häälotsing"
      (it) "Ricerca vocale"
      (lt) "Paieška balsu"
      (pt) "Pesquisa por voz"
      (eu) "Ahozko bilaketa"
      (gu) "વૉઇસ શોધ"
      (hu) "Hangalapú keresés"
      (ru) "Голосовой поиск"
      (zu) "Ukusesha ngezwi"
      (lv) "Meklēt ar balsi"
      (sv) "Röstsökning"
      (iw) "חיפוש קולי"
      (sw) "Kutafuta kwa kutamka"
      (hy) "Ձայնային որոնում"
      (ky) "Айтып издөө"
      (my) "အသံဖြင့် ရှာရန်"
      (az) "Səsli axtarış"
      (uz) "Ovozli qidiruv"
      (en-rCA) "Voice search"
      (fr-rCA) "Recherche vocale"
      (en-rGB) "Voice search"
      (en-rXC) "‎‏‎‎‎‎‎‏‎‏‏‏‎‎‎‎‎‎‏‎‎‏‎‎‎‎‏‏‏‏‏‎‏‏‏‏‏‏‏‏‎‏‎‏‎‎‎‏‏‎‏‏‎‏‏‎‎‎‏‎‏‏‏‏‏‎‏‏‎‎‎‏‏‎‏‏‎‏‎‎‎‎‏‎‎‎‏‎‎‏‎‏‏‏‎Voice search‎‏‎‎‏‎"
      (zh-rHK) "語音搜尋"
      (zh-rCN) "语音搜索"
      (en-rIN) "Voice search"
      (pt-rBR) "Pesquisa por voz"
      (es-rUS) "Búsqueda por voz"
      (pt-rPT) "Pesquisa por voz"
      (en-rAU) "Voice search"
      (zh-rTW) "語音搜尋"
    resource 0x7f0f001a string/abc_toolbar_collapse_description
      () "Collapse"
      (ca) "Replega"
      (da) "Skjul"
      (fa) "کوچک کردن"
      (ja) "折りたたむ"
      (ka) "ჩაკეცვა"
      (pa) "ਸਮੇਟੋ"
      (ta) "சுருக்கும்"
      (nb) "Skjul"
      (be) "Згарнуць"
      (de) "Minimieren"
      (ne) "संक्षिप्त गर्नुहोस्"
      (te) "కుదిస్తుంది"
      (af) "Vou in"
      (bg) "Свиване"
      (th) "ยุบ"
      (fi) "Tiivistä"
      (hi) "छोटा करें"
      (si) "හකුළන්න"
      (vi) "Thu gọn"
      (kk) "Жию"
      (mk) "Собери"
      (sk) "Zbaliť"
      (uk) "Згорнути"
      (el) "Σύμπτυξη"
      (gl) "Contrae"
      (ml) "ചുരുക്കുക"
      (nl) "Samenvouwen"
      (pl) "Zwiń"
      (sl) "Strnitev"
      (tl) "I-collapse"
      (am) "ሰብስብ"
      (km) "បង្រួម"
      (bn) "সঙ্কুচিত করুন"
      (in) "Ciutkan"
      (kn) "ಕುಗ್ಗಿಸಿ"
      (mn) "Буулгах"
      (ko) "접기"
      (lo) "ຫຍໍ້ລົງ"
      (ro) "Restrânge"
      (sq) "Palos"
      (ar) "تصغير"
      (fr) "Réduire"
      (hr) "Sažmi"
      (mr) "कोलॅप्स करा"
      (or) "ସଂକୁଚିତ କରନ୍ତୁ"
      (sr) "Скупи"
      (b+sr+Latn) "Skupi"
      (tr) "Daralt"
      (ur) "سکیڑیں"
      (as) "সংকোচন কৰক"
      (bs) "Suzi"
      (cs) "Sbalit"
      (es) "Ocultar"
      (is) "Minnka"
      (ms) "Runtuhkan"
      (et) "Ahendamine"
      (it) "Comprimi"
      (lt) "Sutraukti"
      (pt) "Recolher"
      (eu) "Tolestu"
      (gu) "સંકુચિત કરો"
      (hu) "Összecsukás"
      (ru) "Свернуть"
      (zu) "Goqa"
      (lv) "Sakļaut"
      (sv) "Komprimera"
      (iw) "כיווץ"
      (sw) "Kunja"
      (hy) "Ծալել"
      (ky) "Жыйыштыруу"
      (my) "လျှော့ပြရန်"
      (az) "Yığcamlaşdırın"
      (uz) "Yig‘ish"
      (en-rCA) "Collapse"
      (fr-rCA) "Réduire"
      (en-rGB) "Collapse"
      (en-rXC) "‎‏‎‎‎‎‎‏‎‏‏‏‎‎‎‎‎‎‏‎‎‏‎‎‎‎‏‏‏‏‏‎‏‏‎‏‏‎‏‏‏‏‏‏‏‎‎‏‎‏‎‎‏‎‏‎‎‏‏‎‏‏‏‎‏‏‏‏‏‏‏‏‎‎‎‎‏‏‎‎‎‎‏‎‎‎‏‏‎‏‎‎‏‎‎Collapse‎‏‎‎‏‎"
      (zh-rHK) "收合"
      (zh-rCN) "收起"
      (en-rIN) "Collapse"
      (pt-rBR) "Recolher"
      (es-rUS) "Contraer"
      (pt-rPT) "Reduzir"
      (en-rAU) "Collapse"
      (zh-rTW) "收合"
    resource 0x7f0f001b string/about
      () "About"
      (zh) "关于"
      (b+zh+Hant) "關於"
      (fr) "À propos"
    resource 0x7f0f001c string/active
      () "In use"
      (zh) "在用"
      (b+zh+Hant) "在用"
      (fr) "En cours d'utilisation"
    resource 0x7f0f001d string/actual_dose
      () "Actual dose"
      (zh) "实际剂量"
      (b+zh+Hant) "實際劑量"
      (fr) "Dose réelle"
    resource 0x7f0f001e string/actual_time
      () "Time taken"
      (zh) "实际服药时间"
      (b+zh+Hant) "實際服藥時間"
      (fr) "Heure de prise"
    resource 0x7f0f001f string/add
      () "Add"
      (zh) "添加"
      (b+zh+Hant) "新增"
      (fr) "Ajouter"
    resource 0x7f0f0020 string/add_medication
      () "Add medication"
      (zh) "添加药物"
      (b+zh+Hant) "新增藥物"
      (fr) "Ajouter un médicament"
    resource 0x7f0f0021 string/add_time
      () "Add time"
      (zh) "添加时间"
      (b+zh+Hant) "新增時間"
      (fr) "Ajouter une heure"
    resource 0x7f0f0022 string/adherence_on_time_rate
      () "of due intakes taken on time"
      (zh) "的计划服药按时完成"
      (b+zh+Hant) "的計畫服藥按時完成"
      (fr) "des prises prévues faites à l'heure"
    resource 0x7f0f0023 string/adherence_title
      () "Adherence"
      (zh) "依从性"
      (b+zh+Hant) "依從性"
      (fr) "Observance"
    resource 0x7f0f0024 string/all_medications
      () "All"
      (zh) "全部"
      (b+zh+Hant) "全部"
      (fr) "Tous"
    resource 0x7f0f0025 string/androidx_startup
      () "androidx.startup"
    resource 0x7f0f0026 string/app_name
      () "HRT Log"
      (zh) "HRT 日志"
      (b+zh+Hant) "HRT 日誌"
      (fr) "HRT Log"
    resource 0x7f0f0027 string/appearance
      () "Appearance"
      (zh) "外观"
      (b+zh+Hant) "外觀"
      (fr) "Apparence"
    resource 0x7f0f0028 string/appointment
      () "Appointment"
      (zh) "就诊预约"
      (b+zh+Hant) "就診預約"
      (fr) "Rendez-vous"
    resource 0x7f0f0029 string/appointment_type
      () "Type"
      (zh) "类型"
      (b+zh+Hant) "類型"
      (fr) "Type"
    resource 0x7f0f002a string/appt_endo
      () "Endocrinology"
      (zh) "内分泌科"
      (b+zh+Hant) "內分泌科"
      (fr) "Endocrinologie"
    resource 0x7f0f002b string/appt_gp
      () "General practitioner"
      (zh) "全科医生"
      (b+zh+Hant) "家醫科"
      (fr) "Médecin généraliste"
    resource 0x7f0f002c string/appt_lab
      () "Blood test"
      (zh) "抽血化验"
      (b+zh+Hant) "抽血檢驗"
      (fr) "Prise de sang"
    resource 0x7f0f002d string/appt_psy
      () "Mental health"
      (zh) "心理健康"
      (b+zh+Hant) "心理健康"
      (fr) "Santé mentale"
    resource 0x7f0f002e string/appt_surgery
      () "Surgery"
      (zh) "手术"
      (b+zh+Hant) "手術"
      (fr) "Chirurgie"
    resource 0x7f0f002f string/archived
      () "Archived"
      (zh) "已停用"
      (b+zh+Hant) "已停用"
      (fr) "Archivé"
    resource 0x7f0f0030 string/autofill
      () "Autofill"
      (ca) "Emplena automàticament"
      (da) "Autofyld"
      (fa) "تکمیل خودکار"
      (ja) "自動入力"
      (ka) "ავტომატური შევსება"
      (pa) "ਆਟੋਫਿਲ"
      (ta) "தன்னிரப்பி"
      (nb) "Autofyll"
      (be) "Аўтазапаўненне"
      (de) "Automatisch ausfüllen"
      (ne) "अटोफिल"
      (te) "ఆటోఫిల్"
      (af) "Outovul"
      (bg) "Автоматично попълване"
      (th) "ป้อนข้อความอัตโนมัติ"
      (fi) "Automaattinen täyttö"
      (hi) "ऑटोमैटिक तरीके से भरें"
      (si) "ස්වයං පිරවුම"
      (vi) "Tự động điền"
      (kk) "Автотолтыру"
      (mk) "Автоматско пополнување"
      (sk) "Automatické dopĺňanie"
      (uk) "Автозаповнення"
      (el) "Αυτόματη συμπλήρωση"
      (gl) "Autocompletar"
      (ml) "സ്വയമേവ പൂരിപ്പിക്കൽ"
      (nl) "Automatisch invullen"
      (pl) "Autouzupełnianie"
      (sl) "Samodejno izpolnjevanje"
      (tl) "Autofill"
      (am) "ራስ-ሙላ"
      (km) "បំពេញ​ស្វ័យ​ប្រវត្តិ"
      (bn) "অটোফিল"
      (in) "Isi otomatis"
      (kn) "ಆಟೋಫಿಲ್"
      (mn) "Автоматаар бөглөх"
      (ko) "자동 완성"
      (lo) "ຕື່ມຂໍ້ມູນອັດຕະໂນມັດ"
      (ro) "Completare automată"
      (sq) "Plotësimi automatik"
      (ar) "الملء التلقائي"
      (fr) "Saisie automatique"
      (hr) "Automatsko popunjavanje"
      (mr) "ऑटोफिल"
      (or) "ଅଟୋଫିଲ"
      (sr) "Аутоматско попуњавање"
      (b+sr+Latn) "Automatsko popunjavanje"
      (tr) "Otomatik doldurma"
      (ur) "آٹو فل"
      (as) "স্বয়ংক্রিয়ভাৱে পূৰ হোৱাৰ সুবিধা"
      (bs) "Automatsko popunjavanje"
      (cs) "Automatické vyplňování"
      (es) "Autocompletar"
      (is) "Sjálfvirk útfylling"
      (ms) "Autolengkap"
      (et) "Automaattäide"
      (it) "Compilazione automatica"
      (lt) "Automatinis pildymas"
      (pt) "Preenchimento automático"
      (eu) "Betetze automatikoa"
      (gu) "ઑટોમૅટિક રીતે ભરવાની સુવિધા"
      (hu) "Automatikus kitöltés"
      (ru) "Заполнить автоматически"
      (zu) "Ukugcwalisa okuzenzakalelayo"
      (lv) "Automātiskā aizpilde"
      (sv) "Autofyll"
      (iw) "מילוי אוטומטי"
      (sw) "Jaza kiotomatiki"
      (hy) "Ինքնալրացում"
      (ky) "Автотолтуруу функиясы"
      (my) "အော်တိုဖြည့်"
      (az) "Avto-doldurma"
      (uz) "Avtomatik kiritish"
      (en-rCA) "Autofill"
      (fr-rCA) "Remplissage automatique"
      (en-rGB) "Autofill"
      (zh-rHK) "自動填入"
      (zh-rCN) "自动填充"
      (en-rIN) "Autofill"
      (pt-rBR) "Preenchimento automático"
      (es-rUS) "Autocompletar"
      (pt-rPT) "Preencher automaticamente"
      (en-rAU) "Autofill"
      (zh-rTW) "自動填入"
    resource 0x7f0f0031 string/backup_bad_file
      () "This file is not a compatible backup. Nothing was changed."
      (zh) "这不是兼容的备份文件，没有做任何更改。"
      (b+zh+Hant) "這不是相容的備份檔案，沒有做任何更改。"
      (fr) "Ce fichier n'est pas une sauvegarde compatible. Rien n'a été modifié."
    resource 0x7f0f0032 string/backup_export
      () "Export encrypted backup"
      (zh) "导出加密备份"
      (b+zh+Hant) "匯出加密備份"
      (fr) "Exporter une sauvegarde chiffrée"
    resource 0x7f0f0033 string/backup_export_desc
      () "All data in one file protected by a password"
      (zh) "全部数据保存为一个由密码保护的文件"
      (b+zh+Hant) "全部資料儲存為一個由密碼保護的檔案"
      (fr) "Toutes les données dans un fichier protégé par mot de passe"
    resource 0x7f0f0034 string/backup_newer_version
      () "This backup was created by a newer app version. Update the app before restoring it."
      (zh) "这份备份来自更新的应用版本，请先更新应用再恢复。"
      (b+zh+Hant) "這份備份來自更新的應用版本，請先更新應用再還原。"
      (fr) "Cette sauvegarde provient d’une version plus récente de l’application. Mettez l’application à jour avant de la restaurer."
    resource 0x7f0f0035 string/backup_password
      () "Backup password"
      (zh) "备份密码"
      (b+zh+Hant) "備份密碼"
      (fr) "Mot de passe de sauvegarde"
    resource 0x7f0f0036 string/backup_password_min
      () "At least 8 characters"
      (zh) "至少 8 个字符"
      (b+zh+Hant) "至少 8 個字元"
      (fr) "Au moins 8 caractères"
    resource 0x7f0f0037 string/backup_password_note
      () "The backup cannot be opened without this password, and it cannot be recovered. Keep it somewhere safe."
      (zh) "没有这个密码就无法打开备份，而且密码无法找回。请妥善保管。"
      (b+zh+Hant) "沒有這個密碼就無法開啟備份，而且密碼無法找回。請妥善保管。"
      (fr) "La sauvegarde ne peut pas être ouverte sans ce mot de passe, qui est irrécupérable. Conservez-le en lieu sûr."
    resource 0x7f0f0038 string/backup_password_repeat
      () "Repeat password"
      (zh) "再次输入密码"
      (b+zh+Hant) "再次輸入密碼"
      (fr) "Répéter le mot de passe"
    resource 0x7f0f0039 string/backup_restore
      () "Restore a backup"
      (zh) "从备份恢复"
      (b+zh+Hant) "從備份恢復"
      (fr) "Restaurer une sauvegarde"
    resource 0x7f0f003a string/backup_restore_desc
      () "Replaces everything on this device"
      (zh) "会替换这台设备上的全部数据"
      (b+zh+Hant) "會替換這台裝置上的全部資料"
      (fr) "Remplace tout sur cet appareil"
    resource 0x7f0f003b string/backup_restore_warning
      () "Restoring replaces all current data on this device with the backup."
      (zh) "恢复会用备份替换这台设备上现有的全部数据。"
      (b+zh+Hant) "恢復會用備份替換這台裝置上現有的全部資料。"
      (fr) "La restauration remplace toutes les données actuelles par la sauvegarde."
    resource 0x7f0f003c string/backup_restored
      () "Backup restored."
      (zh) "已从备份恢复。"
      (b+zh+Hant) "已從備份恢復。"
      (fr) "Sauvegarde restaurée."
    resource 0x7f0f003d string/backup_saved
      () "Backup saved."
      (zh) "备份已保存。"
      (b+zh+Hant) "備份已儲存。"
      (fr) "Sauvegarde enregistrée."
    resource 0x7f0f003e string/backup_too_large
      () "This backup exceeds the supported size or structure limits. No data was restored."
      (zh) "备份超过支持的大小或结构限制，未恢复任何数据。"
      (b+zh+Hant) "備份超過支援的大小或結構限制，未還原任何資料。"
      (fr) "Cette sauvegarde dépasse les limites de taille ou de structure prises en charge. Aucune donnée n’a été restaurée."
    resource 0x7f0f003f string/backup_wrong_password
      () "Wrong password, or the file is damaged. Nothing was changed."
      (zh) "密码错误或文件已损坏，没有做任何更改。"
      (b+zh+Hant) "密碼錯誤或檔案已損壞，沒有做任何更改。"
      (fr) "Mot de passe incorrect ou fichier endommagé. Rien n'a été modifié."
    resource 0x7f0f0040 string/batch_add
      () "Batch add"
      (zh) "批量添加"
      (b+zh+Hant) "批次新增"
      (fr) "Ajout groupé"
    resource 0x7f0f0041 string/batch_done
      () "Added %1$d intakes"
      (zh) "已补录 %1$d 次服药"
      (b+zh+Hant) "已補錄 %1$d 次服藥"
      (fr) "%1$d prises ajoutées"
    resource 0x7f0f0042 string/batch_dose
      () "Dose each time"
      (zh) "每次剂量"
      (b+zh+Hant) "每次劑量"
      (fr) "Dose à chaque prise"
    resource 0x7f0f0043 string/batch_from
      () "From"
      (zh) "开始日期"
      (b+zh+Hant) "開始日期"
      (fr) "Du"
    resource 0x7f0f0044 string/batch_note
      () "Fills in history for the concentration estimate; stock is not changed. Times within an hour of an existing intake are skipped."
      (zh) "只补录历史，用于浓度估算，不扣减库存。已有记录前后 1 小时内的时间会跳过。"
      (b+zh+Hant) "只補錄歷史，用於濃度估算，不扣減庫存。已有記錄前後 1 小時內的時間會跳過。"
      (fr) "Complète l’historique pour l’estimation des concentrations ; le stock n’est pas modifié. Les heures à moins d’une heure d’une prise existante sont ignorées."
    resource 0x7f0f0045 string/batch_range_error
      () "The end date must be on or after the start date, at most two years later."
      (zh) "结束日期不能早于开始日期，且相隔最多两年。"
      (b+zh+Hant) "結束日期不能早於開始日期，且相隔最多兩年。"
      (fr) "La date de fin doit suivre la date de début, deux ans au plus tard."
    resource 0x7f0f0046 string/batch_summary
      () "Adds up to %1$d intakes (past times only)."
      (zh) "最多补录 %1$d 次（只算已经过去的时间）。"
      (b+zh+Hant) "最多補錄 %1$d 次（只算已經過去的時間）。"
      (fr) "Ajoute jusqu’à %1$d prises (heures passées uniquement)."
    resource 0x7f0f0047 string/batch_times
      () "Times each day"
      (zh) "每天的时间"
      (b+zh+Hant) "每天的時間"
      (fr) "Heures chaque jour"
    resource 0x7f0f0048 string/batch_to
      () "To"
      (zh) "结束日期"
      (b+zh+Hant) "結束日期"
      (fr) "Au"
    resource 0x7f0f0049 string/calendar
      () "Calendar"
      (zh) "日历"
      (b+zh+Hant) "日曆"
      (fr) "Calendrier"
    resource 0x7f0f004b string/calendar_day_empty
      () "Nothing recorded or planned on this day."
      (zh) "这天没有记录，也没有计划。"
      (b+zh+Hant) "這天沒有記錄，也沒有計畫。"
      (fr) "Rien d’enregistré ni de prévu ce jour-là."
    resource 0x7f0f004c string/calendar_next
      () "Next"
      (zh) "下一个"
      (b+zh+Hant) "下一個"
      (fr) "Suivant"
    resource 0x7f0f004d string/calendar_pick_start
      () "Show from another date"
      (zh) "从其他日期开始查看"
      (b+zh+Hant) "從其他日期開始檢視"
      (fr) "Afficher depuis une autre date"
    resource 0x7f0f004e string/calendar_previous
      () "Previous"
      (zh) "上一个"
      (b+zh+Hant) "上一個"
      (fr) "Précédent"
    resource 0x7f0f0050 string/calib_amplitude
      () "Level factor"
      (zh) "整体幅度系数"
      (b+zh+Hant) "整體幅度係數"
      (fr) "Facteur de niveau"
    resource 0x7f0f0051 string/calib_baseline
      () "Pre-treatment baseline: %1$s %2$s (added to the curve)"
      (zh) "用药前基线：%1$s %2$s（已叠加到曲线上）"
      (b+zh+Hant) "用藥前基線：%1$s %2$s（已疊加到曲線上）"
      (fr) "Niveau de base avant traitement : %1$s %2$s (ajouté à la courbe)"
    resource 0x7f0f0052 string/calib_causal
      () "Causal"
      (zh) "因果"
      (b+zh+Hant) "因果"
      (fr) "Causal"
    resource 0x7f0f0053 string/calib_causal_desc
      () "At each queried time, uses only history-qualified labs sampled by that instant. Forecasts use no samples dated after this session."
      (zh) "每个查询时刻只使用此前或此时采样且历史合格的化验；未来预测不使用晚于本次会话的采样。"
      (b+zh+Hant) "每個查詢時刻只使用此前或此時採樣且歷史合格的檢驗；未來預測不使用晚於本次會話的採樣。"
      (fr) "À chaque instant interrogé, utilise uniquement les analyses admissibles prélevées au plus tard à cet instant. Les prévisions excluent les prélèvements datés après cette session."
    resource 0x7f0f0054 string/calib_clearance
      () "Model rate factor"
      (zh) "模型速率系数"
      (b+zh+Hant) "模型速率係數"
      (fr) "Facteur de vitesse du modèle"
    resource 0x7f0f0055 string/calib_convergence
      () "Convergence"
      (zh) "收敛度"
      (b+zh+Hant) "收斂度"
      (fr) "Convergence"
    resource 0x7f0f0056 string/calib_enable
      () "Calibrate with my E2 labs"
      (zh) "用我的 E2 化验校准"
      (b+zh+Hant) "用我的 E2 檢驗校準"
      (fr) "Calibrer avec mes analyses d'E2"
    resource 0x7f0f0057 string/calib_evaluation_time
      () "Summary evaluated at %1$s, using sampling-time availability."
      (zh) "摘要评估时刻：%1$s，按采样时间判定可用性。"
      (b+zh+Hant) "摘要評估時刻：%1$s，按採樣時間判定可用性。"
      (fr) "Résumé évalué à %1$s, selon la disponibilité au moment du prélèvement."
    resource 0x7f0f0058 string/calib_few
      () "Few labs so far: the population prior still dominates. More labs at different times after a dose make the fit more reliable."
      (zh) "化验还比较少，结果仍主要由群体先验决定。在服药后的不同时间点多做几次化验，拟合会更可靠。"
      (b+zh+Hant) "檢驗還比較少，結果仍主要由群體先驗決定。在服藥後的不同時間點多做幾次檢驗，擬合會更可靠。"
      (fr) "Peu d'analyses pour l'instant : l'a priori de population domine encore. Des analyses à différents moments après une prise rendent l'ajustement plus fiable."
    resource 0x7f0f0059 string/calib_fit_baseline
      () "Confirmed baseline observation"
      (zh) "已明确确认的基线观测"
      (b+zh+Hant) "已明確確認的基線觀測"
      (fr) "Observation de base explicitement confirmée"
    resource 0x7f0f005a string/calib_fit_counts
      () "Available now: %1$d · Used in fit: %2$d · Automatically excluded: %3$d"
      (zh) "当前可用：%1$d · 实际参与：%2$d · 自动排除：%3$d"
      (b+zh+Hant) "目前可用：%1$d · 實際參與：%2$d · 自動排除：%3$d"
      (fr) "Disponibles maintenant : %1$d · Utilisées : %2$d · Exclues automatiquement : %3$d"
    resource 0x7f0f005b string/calib_fit_duplicate
      () "Conflicting observation identifiers; not fitted"
      (zh) "观测标识冲突；未拟合"
      (b+zh+Hant) "觀測識別衝突；未擬合"
      (fr) "Identifiants contradictoires ; observation non ajustée"
    resource 0x7f0f005c string/calib_fit_excluded
      () "Automatically excluded from this fit"
      (zh) "已自动排除，未参与本次拟合"
      (b+zh+Hant) "已自動排除，未參與本次擬合"
      (fr) "Exclue automatiquement de cet ajustement"
    resource 0x7f0f005d string/calib_fit_invalid_time
      () "Invalid sampling time"
      (zh) "采样时间无效"
      (b+zh+Hant) "採樣時間無效"
      (fr) "Heure de prélèvement invalide"
    resource 0x7f0f005e string/calib_fit_invalid_value
      () "Invalid concentration: a finite positive value is required"
      (zh) "浓度无效：须为有限正数"
      (b+zh+Hant) "濃度無效：須為有限正數"
      (fr) "Concentration invalide : une valeur positive et finie est nécessaire"
    resource 0x7f0f005f string/calib_fit_no_exposure
      () "No modelled estradiol exposure"
      (zh) "没有可建模的雌二醇暴露"
      (b+zh+Hant) "沒有可建模的雌二醇暴露"
      (fr) "Aucune exposition à l’estradiol modélisable"
    resource 0x7f0f0060 string/calib_fit_not_candidate
      () "Not a post-dose fit candidate"
      (zh) "不是剂量后拟合候选"
      (b+zh+Hant) "不是劑量後擬合候選"
      (fr) "Ne fait pas partie des observations après dose"
    resource 0x7f0f0061 string/calib_fit_unconfirmed
      () "Pre-treatment status has not been confirmed"
      (zh) "尚未明确确认治疗前状态"
      (b+zh+Hant) "尚未明確確認治療前狀態"
      (fr) "Le statut avant traitement reste non confirmé"
    resource 0x7f0f0062 string/calib_fit_used
      () "Participates in this fit"
      (zh) "实际参与本次拟合"
      (b+zh+Hant) "實際參與本次擬合"
      (fr) "Participe à cet ajustement"
    resource 0x7f0f0063 string/calib_history_context
      () "A potentially relevant dose has unknown frozen configuration."
      (zh) "可能相关的给药缺少冻结配置。"
      (b+zh+Hant) "可能相關的給藥缺少凍結配置。"
      (fr) "Une prise potentiellement pertinente manque de configuration figée."
    resource 0x7f0f0064 string/calib_history_counts
      () "Eligible at query: %1$d · Not used: %2$d"
      (zh) "查询时可用：%1$d · 未纳入：%2$d"
      (b+zh+Hant) "查詢時可用：%1$d · 未納入：%2$d"
      (fr) "Admissibles à cet instant : %1$d · Non utilisés : %2$d"
    resource 0x7f0f0065 string/calib_history_details
      () "Review calibration eligibility"
      (zh) "查看校准资格"
      (b+zh+Hant) "查看校準資格"
      (fr) "Voir l’admissibilité des analyses"
    resource 0x7f0f0066 string/calib_history_done
      () "Close"
      (zh) "关闭"
      (b+zh+Hant) "關閉"
      (fr) "Fermer"
    resource 0x7f0f0067 string/calib_history_dose
      () "A relevant actual dose is unknown."
      (zh) "相关实际剂量未知。"
      (b+zh+Hant) "相關實際劑量未知。"
      (fr) "Une dose réelle pertinente est inconnue."
    resource 0x7f0f0068 string/calib_history_eligible
      () "History gate passed; used only when calibration is on. Outlier handling may still apply."
      (zh) "通过历史门控；仅开启校准时使用，仍可能受离群处理影响。"
      (b+zh+Hant) "通過歷史門控；僅開啟校準時使用，仍可能受離群處理影響。"
      (fr) "Historique admissible ; utilisation seulement si la calibration est activée. Le traitement des valeurs aberrantes reste applicable."
    resource 0x7f0f0069 string/calib_history_excluded
      () "Not used for calibration; original observation retained."
      (zh) "未纳入校准，原始观测保留。"
      (b+zh+Hant) "未納入校準，原始觀測保留。"
      (fr) "Non utilisée pour la calibration ; observation originale conservée."
    resource 0x7f0f006a string/calib_history_future
      () "History read does not reach this sampling time."
      (zh) "历史读取尚未覆盖该采样时刻。"
      (b+zh+Hant) "歷史讀取尚未覆蓋該採樣時刻。"
      (fr) "La lecture de l’historique ne couvre pas ce prélèvement."
    resource 0x7f0f006b string/calib_history_no_start
      () "No evidence establishes treatment status at sampling; this is not a confirmed pre-treatment baseline."
      (zh) "无法确证采样时的治疗状态；不是已确认的治疗前基线。"
      (b+zh+Hant) "無法確證採樣時的治療狀態；不是已確認的治療前基線。"
      (fr) "Le statut thérapeutique au prélèvement est inconnu ; ce n’est pas un niveau de base prétraitement confirmé."
    resource 0x7f0f006c string/calib_history_not_fitted
      () "Personal calibration is off or unavailable; the original observations remain visible."
      (zh) "个人校准已关闭或不可用，原始观测仍保留。"
      (b+zh+Hant) "個人校準已關閉或不可用，原始觀測仍保留。"
      (fr) "Calibration personnelle désactivée ou indisponible ; les observations originales restent visibles."
    resource 0x7f0f006d string/calib_history_omitted
      () "An earlier exposure is omitted and its contribution cannot be bounded sufficiently."
      (zh) "更早的暴露未进入模拟，无法充分约束其贡献。"
      (b+zh+Hant) "更早的暴露未進入模擬，無法充分約束其貢獻。"
      (fr) "Une exposition antérieure est omise et sa contribution ne peut être suffisamment bornée."
    resource 0x7f0f006e string/calib_history_population
      () "No eligible labs: showing the population model and parameter uncertainty, without a lab-derived baseline."
      (zh) "没有合格化验：显示人口模型及参数不确定性，不添加化验推断的基线。"
      (b+zh+Hant) "沒有合格檢驗：顯示人口模型及參數不確定性，不加入檢驗推斷的基線。"
      (fr) "Aucune analyse admissible : modèle de population et incertitude des paramètres, sans niveau de base déduit des analyses."
    resource 0x7f0f006f string/calib_history_resource
      () "The history review exceeds the calculation budget; needs review."
      (zh) "历史核对超过计算预算，需要审查。"
      (b+zh+Hant) "歷史核對超過計算預算，需要審查。"
      (fr) "La vérification dépasse le budget de calcul ; examen nécessaire."
    resource 0x7f0f0070 string/calib_history_scope
      () "Saved-history read coverage is not established."
      (zh) "无法确认已保存历史的读取覆盖。"
      (b+zh+Hant) "無法確認已保存歷史的讀取覆蓋。"
      (fr) "La couverture de lecture de l’historique enregistré est inconnue."
    resource 0x7f0f0071 string/calib_history_time
      () "A potentially relevant actual administration time is unknown."
      (zh) "可能相关的实际服药时间未知。"
      (b+zh+Hant) "可能相關的實際服藥時間未知。"
      (fr) "Une heure réelle de prise potentiellement pertinente est inconnue."
    resource 0x7f0f0072 string/calib_history_total
      () "Historically eligible in the loaded records: %1$d (including later samples)"
      (zh) "已加载记录中历史资格合格：%1$d（含较晚采样）"
      (b+zh+Hant) "已載入記錄中歷史資格合格：%1$d（含較晚採樣）"
      (fr) "Historiquement admissibles parmi les données chargées : %1$d (prélèvements ultérieurs inclus)"
    resource 0x7f0f0073 string/calib_history_unmodelled
      () "A relevant exposure cannot be modelled."
      (zh) "相关暴露无法建模。"
      (b+zh+Hant) "相關暴露無法建模。"
      (fr) "Une exposition pertinente ne peut être modélisée."
    resource 0x7f0f0074 string/calib_history_window
      () "Sampling falls outside the simulated history window."
      (zh) "采样时间位于模拟历史窗口之外。"
      (b+zh+Hant) "採樣時間位於模擬歷史視窗之外。"
      (fr) "Prélèvement hors de la fenêtre simulée."
    resource 0x7f0f0075 string/calib_intro
      () "Uses E2 labs to adjust exposure amplitude. Sublingual curve shape stays fixed; other routes may adjust a model rate factor. Priors are assumptions, not validated personal physiology. Estimates never change treatment."
      (zh) "按 E2 化验调整暴露幅度。舌下曲线形状固定；其他途径可调整模型速率系数。先验是模型假设，并非已验证的个人生理参数。估算不会改变用药。"
      (b+zh+Hant) "按 E2 檢驗調整暴露幅度。舌下曲線形狀固定；其他途徑可調整模型速率係數。先驗是模型假設，並非已驗證的個人生理參數。估算不會改變用藥。"
      (fr) "Ajuste l’amplitude selon les analyses E2. La forme sublinguale reste fixe ; les autres voies peuvent ajuster un facteur de vitesse du modèle. Les a priori sont des hypothèses, pas une physiologie personnelle validée. Aucun traitement n’est modifié."
    resource 0x7f0f0076 string/calib_labs
      () "Labs used"
      (zh) "参与校准的化验"
      (b+zh+Hant) "參與校準的檢驗"
      (fr) "Analyses utilisées"
    resource 0x7f0f0077 string/calib_last
      () "Latest lab: measured %1$s, model expected %2$s %3$s"
      (zh) "最近一次化验：实测 %1$s，模型预期 %2$s %3$s"
      (b+zh+Hant) "最近一次檢驗：實測 %1$s，模型預期 %2$s %3$s"
      (fr) "Dernière analyse : mesuré %1$s, attendu par le modèle %2$s %3$s"
    resource 0x7f0f0078 string/calib_last_excluded
      () "Latest observation: automatically excluded from the fit"
      (zh) "最近观测：已自动排除，未参与拟合"
      (b+zh+Hant) "最近觀測：已自動排除，未參與擬合"
      (fr) "Dernière observation : exclue automatiquement de l’ajustement"
    resource 0x7f0f0079 string/calib_last_not_used
      () "Latest observation: not a fit candidate"
      (zh) "最近观测：不是拟合候选"
      (b+zh+Hant) "最近觀測：不是擬合候選"
      (fr) "Dernière observation : ne fait pas partie des observations ajustées"
    resource 0x7f0f007a string/calib_last_used
      () "Latest observation: participates in the fit"
      (zh) "最近观测：实际参与拟合"
      (b+zh+Hant) "最近觀測：實際參與擬合"
      (fr) "Dernière observation : participe à l’ajustement"
    resource 0x7f0f007b string/calib_manage_labs
      () "Manage lab results"
      (zh) "管理化验结果"
      (b+zh+Hant) "管理檢驗結果"
      (fr) "Gérer les analyses"
    resource 0x7f0f007c string/calib_mode
      () "Calibration mode"
      (zh) "校准模式"
      (b+zh+Hant) "校準模式"
      (fr) "Mode de calibration"
    resource 0x7f0f007d string/calib_no_available_sample
      () "No eligible sample is available for calibration at this query, or calibration is off. Original observations are retained."
      (zh) "此查询时刻尚无可用的合格采样，或校准已关闭；原始观测保留。"
      (b+zh+Hant) "此查詢時刻尚無可用的合格採樣，或校準已關閉；原始觀測保留。"
      (fr) "Aucun prélèvement admissible disponible pour cet instant, ou calibration désactivée. Les observations originales sont conservées."
    resource 0x7f0f007e string/calib_no_labs
      () "No E2 lab results yet. Add one to personalise the curve."
      (zh) "还没有 E2 化验结果。添加后即可让曲线贴近你本人。"
      (b+zh+Hant) "還沒有 E2 檢驗結果。新增後即可讓曲線貼近你本人。"
      (fr) "Aucune analyse d'E2 pour l'instant. Ajoutez-en une pour personnaliser la courbe."
    resource 0x7f0f007f string/calib_outlier
      () "The latest lab differs greatly from the model. Outlier flags do not always mean exclusion. Check value, unit and sampling time."
      (zh) "最近一次化验与模型差异很大。离群标记不一定代表实际排除。请核对数值、单位和采样时间。"
      (b+zh+Hant) "最近一次檢驗與模型差異很大。離群標記不一定代表實際排除。請核對數值、單位和採樣時間。"
      (fr) "La dernière analyse diffère fortement du modèle. Un signalement aberrant ne garantit pas une exclusion. Vérifiez la valeur, l’unité et le prélèvement."
    resource 0x7f0f0080 string/calib_rate_fixed
      () "Fixed model rate"
      (zh) "模型速率固定"
      (b+zh+Hant) "模型速率固定"
      (fr) "Vitesse du modèle fixe"
    resource 0x7f0f0081 string/calib_rate_non_sl
      () "Non-sublingual model rate"
      (zh) "非舌下模型速率"
      (b+zh+Hant) "非舌下模型速率"
      (fr) "Vitesse hors voie sublinguale"
    resource 0x7f0f0082 string/calib_residual_warning
      () "Large residual against the screening model; not a verdict on the observation."
      (zh) "首轮模型残差较大；不代表观测事实错误。"
      (b+zh+Hant) "首輪模型殘差較大；不代表觀測事實錯誤。"
      (fr) "Résidu important au premier ajustement ; cela ne juge pas la validité de l’observation."
    resource 0x7f0f0083 string/calib_retro
      () "Retrospective"
      (zh) "回溯"
      (b+zh+Hant) "回溯"
      (fr) "Rétrospectif"
    resource 0x7f0f0084 string/calib_retro_desc
      () "Later eligible labs can reinterpret the earlier curve; this is retrospective reconstruction, not a prediction available then."
      (zh) "后来合格的化验可重新解释早期曲线；这是回顾式重建，不代表当时已经能作出的预测。"
      (b+zh+Hant) "後來合格的檢驗可重新解釋早期曲線；這是回顧式重建，不代表當時已經能作出的預測。"
      (fr) "Les analyses admissibles ultérieures peuvent réinterpréter la courbe passée : une reconstruction rétrospective, pas une prédiction disponible à cette époque."
    resource 0x7f0f0085 string/calib_safety_limits
      () "Calibration remains experimental: unrecorded exposure or unknown past configuration can mislead. Model residual warnings do not prove a lab error; numerical stability does not establish individual accuracy."
      (zh) "校准仍为实验性：未记录的暴露或未知历史配置可能误导。模型残差警告不能证明化验错误；数值稳定不等于个体预测准确。"
      (b+zh+Hant) "校準仍為實驗性：未記錄的暴露或未知歷史配置可能誤導。模型殘差警告不能證明化驗錯誤；數值穩定不等於個體預測準確。"
      (fr) "La calibration reste expérimentale : des expositions non enregistrées ou une configuration passée inconnue peuvent induire en erreur. Un résidu important ne prouve pas une erreur de laboratoire ; la stabilité numérique ne garantit pas la précision individuelle."
    resource 0x7f0f0086 string/calib_sample_time_semantics
      () "Causal reconstruction uses sampling time, not when the result became known. Later eligible labs can reinterpret earlier curves in retrospective mode."
      (zh) "因果重建按采样时间截止，不代表当时已经获知结果；回顾式可用后来合格的化验重新解释早期曲线。"
      (b+zh+Hant) "因果重建按採樣時間截止，不代表當時已經得知結果；回顧式可用後來合格的化驗重新解釋早期曲線。"
      (fr) "La reconstruction causale suit le moment du prélèvement, pas celui où le résultat a été connu. Le mode rétrospectif peut réinterpréter le passé avec des résultats admissibles ultérieurs."
    resource 0x7f0f0087 string/calib_time_pending
      () "History-qualified, but sampled after this query: not yet used here."
      (zh) "历史资格合格，但采样晚于查询时刻：此时尚不使用。"
      (b+zh+Hant) "歷史資格合格，但採樣晚於查詢時刻：此時尚不使用。"
      (fr) "Historique admissible, mais prélèvement après cet instant : pas encore utilisé ici."
    resource 0x7f0f0088 string/calib_title
      () "Lab calibration"
      (zh) "化验校准"
      (b+zh+Hant) "檢驗校準"
      (fr) "Calibration par analyses"
    resource 0x7f0f0089 string/calib_warning_used
      () "Large model residuals; these observations still participate in calibration. This does not establish a lab error."
      (zh) "与模型偏差较大；这些观测仍参与校准。这不能证明化验错误。"
      (b+zh+Hant) "與模型偏差較大；這些觀測仍參與校準。這不能證明化驗錯誤。"
      (fr) "Écart important avec le modèle ; ces observations participent toujours à la calibration. Cela ne prouve pas une erreur de laboratoire."
    resource 0x7f0f0091 string/cancel
      () "Cancel"
      (zh) "取消"
      (b+zh+Hant) "取消"
      (fr) "Annuler"
    resource 0x7f0f0092 string/capacity
      () "Container capacity"
      (zh) "每盒/每瓶容量"
      (b+zh+Hant) "每盒/每瓶容量"
      (fr) "Contenance du conditionnement"
    resource 0x7f0f0093 string/change_dose
      () "Change the dose"
      (zh) "修改剂量"
      (b+zh+Hant) "修改劑量"
      (fr) "Modifier la dose"
    resource 0x7f0f0094 string/change_time
      () "Change the time"
      (zh) "修改时间"
      (b+zh+Hant) "修改時間"
      (fr) "Modifier l'heure"
    resource 0x7f0f0095 string/chart_full_band
      () "Show the full uncertainty range"
      (zh) "完整显示不确定性区间"
      (b+zh+Hant) "完整顯示不確定性區間"
      (fr) "Afficher toute la plage d’incertitude"
    resource 0x7f0f0096 string/chart_scale_note
      () "The axis follows the visible curve and lab values. Bands outside the plot are clipped; switch above to see their full range. Calculated values do not change."
      (zh) "纵轴按可见曲线及化验值缩放。超出图窗的区间会裁剪；开启上方选项可看完整范围，计算值不变。"
      (b+zh+Hant) "縱軸按可見曲線及化驗值縮放。超出圖窗的區間會裁剪；開啟上方選項可看完整範圍，計算值不變。"
      (fr) "L’axe suit la courbe et les analyses visibles. Les bandes hors du graphique sont rognées ; activez l’option ci-dessus pour voir leur plage entière. Les valeurs calculées restent identiques."
    resource 0x7f0f0097 string/check_battery
      () "Battery optimisation"
      (zh) "电池优化"
      (b+zh+Hant) "電池最佳化"
      (fr) "Optimisation de la batterie"
    resource 0x7f0f0098 string/check_battery_bad
      () "Android may delay or drop reminders. Fix opens this app's info page: choose Battery, then Unrestricted."
      (zh) "系统可能延迟或丢弃提醒。点“修复”会打开本应用的应用信息：进入“电池”，选择“不受限制”。"
      (b+zh+Hant) "系統可能延遲或丟棄提醒。點“修復”會開啟本 App 的 App 資訊：進入“電池”，選擇“不受限制”。"
      (fr) "Android peut retarder ou supprimer les rappels. Corriger ouvre la fiche de cette app : choisissez Batterie, puis Non restreinte."
    resource 0x7f0f0099 string/check_exact
      () "Exact alarms"
      (zh) "精确闹钟"
      (b+zh+Hant) "精確鬧鐘"
      (fr) "Alarmes exactes"
    resource 0x7f0f009a string/check_exact_bad
      () "Not allowed: reminders may be late"
      (zh) "未允许：提醒可能延迟"
      (b+zh+Hant) "未允許：提醒可能延遲"
      (fr) "Non autorisées : les rappels peuvent être en retard"
    resource 0x7f0f009b string/check_notifications
      () "Notifications"
      (zh) "通知"
      (b+zh+Hant) "通知"
      (fr) "Notifications"
    resource 0x7f0f009c string/check_notifications_bad
      () "Blocked: reminders will not show"
      (zh) "已被屏蔽：提醒不会显示"
      (b+zh+Hant) "已被封鎖：提醒不會顯示"
      (fr) "Bloquées : les rappels ne s'afficheront pas"
    resource 0x7f0f009d string/check_ok
      () "OK"
      (zh) "正常"
      (b+zh+Hant) "正常"
      (fr) "OK"
    resource 0x7f0f009e string/choice_bica
      () "Bicalutamide"
      (zh) "比卡鲁胺"
      (b+zh+Hant) "比卡魯胺"
      (fr) "Bicalutamide"
    resource 0x7f0f009f string/choice_cma
      () "Chlormadinone acetate"
      (zh) "醋酸氯地孕酮"
      (b+zh+Hant) "醋酸氯地孕酮"
      (fr) "Acétate de chlormadinone"
    resource 0x7f0f00a0 string/choice_cpa
      () "Cyproterone acetate (CPA)"
      (zh) "醋酸环丙孕酮（CPA）"
      (b+zh+Hant) "醋酸環丙孕酮（CPA）"
      (fr) "Acétate de cyprotérone (CPA)"
    resource 0x7f0f00a1 string/choice_dht
      () "Androstanolone (DHT)"
      (zh) "雄烷醇酮（DHT）"
      (b+zh+Hant) "雄烷醇酮（DHT）"
      (fr) "Androstanolone (DHT)"
    resource 0x7f0f00a2 string/choice_dut
      () "Dutasteride"
      (zh) "度他雄胺"
      (b+zh+Hant) "度他雄胺"
      (fr) "Dutastéride"
    resource 0x7f0f00a3 string/choice_e2
      () "Estradiol (E2)"
      (zh) "雌二醇（E2）"
      (b+zh+Hant) "雌二醇（E2）"
      (fr) "Estradiol (E2)"
    resource 0x7f0f00a4 string/choice_eb
      () "Estradiol benzoate (EB)"
      (zh) "苯甲酸雌二醇（EB）"
      (b+zh+Hant) "苯甲酸雌二醇（EB）"
      (fr) "Benzoate d'estradiol (EB)"
    resource 0x7f0f00a5 string/choice_ec
      () "Estradiol cypionate (EC)"
      (zh) "环戊丙酸雌二醇（EC）"
      (b+zh+Hant) "環戊丙酸雌二醇（EC）"
      (fr) "Cypionate d'estradiol (EC)"
    resource 0x7f0f00a6 string/choice_en
      () "Estradiol enanthate (EN)"
      (zh) "庚酸雌二醇（EN）"
      (b+zh+Hant) "庚酸雌二醇（EN）"
      (fr) "Énanthate d'estradiol (EN)"
    resource 0x7f0f00a7 string/choice_eu
      () "Estradiol undecylate (EU)"
      (zh) "十一酸雌二醇（EU）"
      (b+zh+Hant) "十一酸雌二醇（EU）"
      (fr) "Undécylate d'estradiol (EU)"
    resource 0x7f0f00a8 string/choice_ev
      () "Estradiol valerate (EV)"
      (zh) "戊酸雌二醇（EV）"
      (b+zh+Hant) "戊酸雌二醇（EV）"
      (fr) "Valérate d'estradiol (EV)"
    resource 0x7f0f00a9 string/choice_every_n_days
      () "Every N days"
      (zh) "每 N 天"
      (b+zh+Hant) "每 N 天"
      (fr) "Tous les N jours"
    resource 0x7f0f00aa string/choice_every_n_hours
      () "Every N elapsed hours"
      (zh) "每 N 小时（按实际经过时间）"
      (b+zh+Hant) "每 N 小時（按實際經過時間）"
      (fr) "Toutes les N heures écoulées"
    resource 0x7f0f00ab string/choice_fin
      () "Finasteride"
      (zh) "非那雄胺"
      (b+zh+Hant) "非那雄胺"
      (fr) "Finastéride"
    resource 0x7f0f00ac string/choice_gel
      () "Gel"
      (zh) "凝胶"
      (b+zh+Hant) "凝膠"
      (fr) "Gel"
    resource 0x7f0f00ad string/choice_injection
      () "Injection"
      (zh) "注射"
      (b+zh+Hant) "注射"
      (fr) "Injection"
    resource 0x7f0f00ae string/choice_mg
      () "mg"
      (zh) "mg"
      (b+zh+Hant) "mg"
      (fr) "mg"
    resource 0x7f0f00af string/choice_ml
      () "ml"
      (zh) "ml"
      (b+zh+Hant) "ml"
      (fr) "ml"
    resource 0x7f0f00b0 string/choice_nomac
      () "Nomegestrol acetate"
      (zh) "醋酸诺美孕酮"
      (b+zh+Hant) "醋酸諾美孕酮"
      (fr) "Acétate de nomégestrol"
    resource 0x7f0f00b1 string/choice_oral
      () "Oral"
      (zh) "口服"
      (b+zh+Hant) "口服"
      (fr) "Orale"
    resource 0x7f0f00b2 string/choice_other
      () "Other"
      (zh) "其他"
      (b+zh+Hant) "其他"
      (fr) "Autre"
    resource 0x7f0f00b3 string/choice_p4
      () "Progesterone (P4)"
      (zh) "孕酮（P4）"
      (b+zh+Hant) "孕酮（P4）"
      (fr) "Progestérone (P4)"
    resource 0x7f0f00b4 string/choice_patch
      () "Patch"
      (zh) "贴片"
      (b+zh+Hant) "貼片"
      (fr) "Patch"
    resource 0x7f0f00b5 string/choice_pump
      () "pump"
      (zh) "泵"
      (b+zh+Hant) "泵"
      (fr) "pression"
    resource 0x7f0f00b6 string/choice_spi
      () "Spironolactone"
      (zh) "螺内酯"
      (b+zh+Hant) "螺內酯"
      (fr) "Spironolactone"
    resource 0x7f0f00b7 string/choice_sublingual
      () "Sublingual"
      (zh) "舌下"
      (b+zh+Hant) "舌下"
      (fr) "Sublinguale"
    resource 0x7f0f00b8 string/choice_t
      () "Testosterone (T)"
      (zh) "睾酮（T）"
      (b+zh+Hant) "睪固酮（T）"
      (fr) "Testostérone (T)"
    resource 0x7f0f00b9 string/choice_tablet
      () "tablet"
      (zh) "片"
      (b+zh+Hant) "片"
      (fr) "comprimé"
    resource 0x7f0f00ba string/choice_trip
      () "Triptorelin"
      (zh) "曲普瑞林"
      (b+zh+Hant) "曲普瑞林"
      (fr) "Triptoréline"
    resource 0x7f0f00bb string/choice_weekly
      () "Every N weeks on selected weekdays"
      (zh) "每 N 周的指定星期几"
      (b+zh+Hant) "每 N 週的指定星期幾"
      (fr) "Toutes les N semaines, jours choisis"
    resource 0x7f0f00bc string/chrysalide_body
      () "Chrysalide is a French association supporting trans people; Trans Memo is their app. You can donate on their website."
      (zh) "Chrysalide 是一个支持跨性别者的法国协会，Trans Memo 是他们开发的应用。可以在他们的网站上捐助。"
      (b+zh+Hant) "Chrysalide 是一個支援跨性別者的法國協會，Trans Memo 是他們開發的 App。可以在他們的網站上捐助。"
      (fr) "Chrysalide est une association française de soutien aux personnes trans ; Trans Memo est leur application. Vous pouvez faire un don sur leur site."
    resource 0x7f0f00bd string/chrysalide_link
      () "Chrysalide website"
      (zh) "Chrysalide 网站"
      (b+zh+Hant) "Chrysalide 網站"
      (fr) "Site de Chrysalide"
    resource 0x7f0f00be string/chrysalide_title
      () "Support Chrysalide"
      (zh) "支持 Chrysalide"
      (b+zh+Hant) "支援 Chrysalide"
      (fr) "Soutenir Chrysalide"
    resource 0x7f0f00bf string/close
      () "Close"
      (zh) "关闭"
      (b+zh+Hant) "關閉"
      (fr) "Fermer"
    resource 0x7f0f00c0 string/close_drawer
      () "Close navigation menu"
      (ca) "Tanca el menú de navegació"
      (da) "Luk navigationsmenuen"
      (fa) "بستن منوی پیمایش"
      (ja) "ナビゲーションメニューを閉じる"
      (ka) "ნავიგაციის მენიუს დახურვა"
      (pa) "ਨੈਵੀਗੇਸ਼ਨ ਮੀਨੂ ਬੰਦ ਕਰੋ"
      (ta) "வழிசெலுத்தல் மெனுவை மூடும்"
      (nb) "Lukk navigasjonsmenyen"
      (be) "Закрыць меню навігацыі"
      (de) "Navigationsmenü schließen"
      (ne) "नेभिगेसन मेनु बन्द गर्नुहोस्"
      (te) "నావిగేషన్ మెనూను మూసివేయండి"
      (af) "Maak navigasiekieslys toe"
      (bg) "Затваряне на менюто за навигация"
      (th) "ปิดเมนูการนำทาง"
      (fi) "Sulje navigointivalikko"
      (hi) "नेविगेशन मेन्यू बंद करें"
      (si) "සංචාලන මෙනුව වසන්න"
      (vi) "Đóng trình đơn điều hướng"
      (kk) "Навигация мәзірін жабу"
      (mk) "Затворете го менито за навигација"
      (sk) "Zavrieť navigačnú ponuku"
      (uk) "Закрити меню навігації"
      (el) "Κλείσιμο του μενού πλοήγησης"
      (gl) "Pechar menú de navegación"
      (ml) "നാവിഗേഷൻ മെനു അടയ്‌ക്കുക"
      (nl) "Navigatiemenu sluiten"
      (pl) "Zamknij menu nawigacyjne"
      (sl) "Zapri meni za krmarjenje"
      (tl) "Isara ang menu ng navigation"
      (am) "የዳሰሳ ምናሌን ዝጋ"
      (km) "បិទម៉ឺនុយរុករក"
      (bn) "নেভিগেশন মেনু বন্ধ করুন"
      (in) "Tutup menu navigasi"
      (kn) "ನ್ಯಾವಿಗೇಷನ್‌ ಮೆನು ಮುಚ್ಚಿರಿ"
      (mn) "Навигацын цэсийг хаах"
      (ko) "탐색 메뉴 닫기"
      (lo) "ປິດ​ເມ​ນູການ​ນຳ​ທາງ"
      (ro) "Închide meniul de navigare"
      (sq) "Mbyll menynë e navigimit"
      (ar) "إغلاق قائمة التنقل"
      (fr) "Fermer le menu de navigation"
      (hr) "Zatvaranje izbornika za navigaciju"
      (mr) "नेव्हिगेशन मेनू बंद करा"
      (or) "ନାଭିଗେସନ୍ ମେନୁ ବନ୍ଦ କରନ୍ତୁ"
      (sr) "Затвори мени за навигацију"
      (b+sr+Latn) "Zatvori meni za navigaciju"
      (tr) "Gezinme menüsünü kapat"
      (ur) "نیویگیشن مینیو بند کریں"
      (as) "নেভিগেশ্বন মেনু বন্ধ কৰক"
      (bs) "Zatvaranje navigacionog menija"
      (cs) "Zavřít navigační panel"
      (es) "Cerrar menú de navegación"
      (is) "Loka yfirlitsvalmynd"
      (ms) "Tutup menu navigasi"
      (et) "Sule navigeerimismenüü"
      (it) "Chiudi il menu di navigazione"
      (lt) "Uždaryti naršymo meniu"
      (pt) "Fechar menu de navegação"
      (eu) "Itxi nabigazio-menua"
      (gu) "નૅવિગેશન મેનૂ બંધ કરો"
      (hu) "Navigációs menü bezárása"
      (ru) "Закрыть меню навигации"
      (zu) "Vala imenyu yokuzulazula"
      (lv) "Aizvērt navigācijas izvēlni"
      (sv) "Stäng navigeringsmenyn"
      (iw) "סגירת תפריט הניווט"
      (sw) "Funga menyu ya kusogeza"
      (hy) "Փակել նավիգացիայի ընտրացանկը"
      (ky) "Чабыттоо менюсун жабуу"
      (my) "လမ်းညွှန် မီနူး ပိတ်ရန်"
      (az) "Naviqasiya menyusunu bağlayın"
      (uz) "Navigatsiya menyusini yopish"
      (en-rCA) "Close navigation menu"
      (fr-rCA) "Fermer le menu de navigation"
      (en-rGB) "Close navigation menu"
      (en-rXC) "‎‏‎‎‎‎‎‏‎‏‏‏‎‎‎‎‎‎‏‎‎‏‎‎‎‎‏‏‏‏‎‏‏‏‎‏‏‎‏‎‎‏‎‎‎‎‎‎‎‎‏‏‎‎‏‏‏‏‎‎‎‎‏‏‏‏‎‏‎‎‏‏‏‎‎‏‎‏‎‎‏‏‎‎‎‏‎‏‎‏‎‎‎Close navigation menu‎‏‎‎‏‎"
      (zh-rHK) "閂導覽選單"
      (zh-rCN) "关闭导航菜单"
      (en-rIN) "Close navigation menu"
      (pt-rBR) "Fechar menu de navegação"
      (es-rUS) "Cerrar el menú de navegación"
      (pt-rPT) "Fechar menu de navegação"
      (en-rAU) "Close navigation menu"
      (zh-rTW) "關閉導覽選單"
    resource 0x7f0f00c2 string/coming_soon_body
      () "This section is being built and will arrive in a coming version."
      (zh) "这部分正在开发中，将在后续版本提供。"
      (b+zh+Hant) "這部分正在開發中，將在後續版本提供。"
      (fr) "Cette section est en cours de développement et arrivera dans une prochaine version."
    resource 0x7f0f00c3 string/complete
      () "Record intake"
      (zh) "完成服药"
      (b+zh+Hant) "完成服藥"
      (fr) "Enregistrer la prise"
    resource 0x7f0f00c4 string/complete_info
      () "Complete"
      (zh) "去补全"
      (b+zh+Hant) "補齊"
      (fr) "Compléter"
    resource 0x7f0f00c5 string/concentration
      () "Estimated levels"
      (zh) "血药浓度"
      (b+zh+Hant) "血藥濃度"
      (fr) "Concentrations estimées"
    resource 0x7f0f00c6 string/confirm_device_credential_password
      () "Use password"
      (ca) "Utilitza la contrasenya"
      (da) "Brug adgangskode"
      (fa) "استفاده از گذرواژه"
      (ja) "パスワードを使用"
      (ka) "პაროლის გამოყენება"
      (pa) "ਪਾਸਵਰਡ ਵਰਤੋ"
      (ta) "கடவுச்சொல்லைப் பயன்படுத்து"
      (nb) "Bruk passord"
      (be) "Выкарыстаць пароль"
      (de) "Passwort nutzen"
      (ne) "पासवर्ड प्रयोग गर्नुहोस्"
      (te) "పాస్‌వర్డ్‌ను ఉపయోగించు"
      (af) "Gebruik wagwoord"
      (bg) "Използване на парола"
      (th) "ใช้รหัสผ่าน"
      (fi) "Käytä salasanaa"
      (hi) "पासवर्ड का इस्तेमाल करें"
      (si) "මුරපදය භාවිත කරන්න"
      (vi) "Dùng mật khẩu"
      (kk) "Құпия сөзді пайдалану"
      (mk) "Употребете ја лозинката"
      (sk) "Použiť heslo"
      (uk) "Ввести пароль"
      (el) "Χρήση κωδικού πρόσβασης"
      (gl) "Usar contrasinal"
      (ml) "പാസ്‌വേഡ് ഉപയോഗിക്കുക"
      (nl) "Wachtwoord gebruiken"
      (pl) "Użyj hasła"
      (sl) "Uporaba gesla"
      (tl) "Gamitin ang password"
      (am) "የይለፍ ቃል ተጠቀም"
      (km) "ប្រើពាក្យសម្ងាត់"
      (bn) "পাসওয়ার্ড ব্যবহার করুন"
      (in) "Gunakan sandi"
      (kn) "ಪಾಸ್‌ವರ್ಡ್ ಬಳಸಿ"
      (mn) "Нууц үг ашиглах"
      (ko) "비밀번호 사용"
      (lo) "ໃຊ້ລະຫັດຜ່ານ"
      (ro) "Folosiți parola"
      (sq) "Përdor fjalëkalimin"
      (ar) "استخدام كلمة المرور"
      (fr) "Utiliser un mot de passe"
      (hr) "Koristite zaporku"
      (mr) "पासवर्ड वापरा"
      (or) "ପାସ୍‌ୱାର୍ଡ୍ ବ୍ୟବହାର କରନ୍ତୁ"
      (sr) "Користите лозинку"
      (b+sr+Latn) "Koristite lozinku"
      (tr) "Şifre kullan"
      (ur) "پاس ورڈ استعمال کریں"
      (as) "পাছৱৰ্ড ব্যৱহাৰ কৰক"
      (bs) "Koristi lozinku"
      (cs) "Použít heslo"
      (es) "Usar contraseña"
      (is) "Nota aðgangsorð"
      (ms) "Guna kata laluan"
      (et) "Kasuta parooli"
      (it) "Utilizza password"
      (lt) "Naudoti slaptažodį"
      (pt) "Usar senha"
      (eu) "Erabili pasahitza"
      (gu) "પાસવર્ડનો ઉપયોગ કરો"
      (hu) "Jelszó használata"
      (ru) "Ввести пароль"
      (zu) "Sebenzisa iphasiwedi"
      (lv) "Izmantot paroli"
      (sv) "Använd lösenord"
      (iw) "שימוש בסיסמה"
      (sw) "Tumia nenosiri"
      (hy) "Օգտագործել գաղտնաբառ"
      (ky) "Сырсөз колдонуу"
      (my) "စကားဝှက်သုံးရန်"
      (az) "Parol istifadə edin"
      (uz) "Paroldan foydalanish"
      (en-rCA) "Use password"
      (fr-rCA) "Utiliser le mot de passe"
      (en-rGB) "Use password"
      (en-rXC) "‎‏‎‎‎‎‎‏‎‏‏‏‎‎‎‎‎‎‏‎‎‏‎‎‎‎‏‏‏‏‏‏‏‏‎‏‎‎‏‎‎‎‎‎‏‏‏‎‎‏‎‎‎‎‎‎‎‎‎‏‏‏‏‎‎‎‎‎‏‎‏‏‏‎‏‏‎‏‏‏‏‎‏‎‏‏‏‏‏‏‎‎‏‎‎‏‎Use password‎‏‎‎‏‎"
      (zh-rHK) "使用密碼"
      (zh-rCN) "使用密码"
      (en-rIN) "Use password"
      (pt-rBR) "Usar senha"
      (es-rUS) "Usar contraseña"
      (pt-rPT) "Utilizar palavra-passe"
      (en-rAU) "Use password"
      (zh-rTW) "使用密碼"
    resource 0x7f0f00c7 string/confirm_missed
      () "Confirm missed dose"
      (zh) "确认漏服"
      (b+zh+Hant) "確認漏服"
      (fr) "Confirmer la prise manquée"
    resource 0x7f0f00c8 string/contrast
      () "Contrast"
      (zh) "对比度"
      (b+zh+Hant) "對比度"
      (fr) "Contraste"
    resource 0x7f0f00c9 string/contrast_high
      () "High"
      (zh) "高"
      (b+zh+Hant) "高"
      (fr) "Élevé"
    resource 0x7f0f00ca string/contrast_low
      () "Standard"
      (zh) "标准"
      (b+zh+Hant) "標準"
      (fr) "Standard"
    resource 0x7f0f00cb string/contrast_medium
      () "Medium"
      (zh) "中"
      (b+zh+Hant) "中"
      (fr) "Moyen"
    resource 0x7f0f00cc string/credits
      () "Credits"
      (zh) "致谢"
      (b+zh+Hant) "致謝"
      (fr) "Remerciements"
    resource 0x7f0f00cd string/credits_body
      () "HRT Log's features were modelled on Trans Memo, made by the Chrysalide association (its screenshots were used as a reference during development), and on Transmtf HRT Tracker. HRT Log does not use any Trans Memo code and has no affiliation or partnership with Chrysalide or Transmtf."
      (zh) "HRT 日志的功能设计参照了 Chrysalide 协会出品的 Trans Memo（开发时参考了它的界面截图），也参照了 Transmtf HRT Tracker。HRT 日志没有使用 Trans Memo 的代码，与 Chrysalide、Transmtf 都没有隶属或合作关系。"
      (b+zh+Hant) "HRT 日誌的功能設計參照了 Chrysalide 協會出品的 Trans Memo（開發時參考了它的介面截圖），也參照了 Transmtf HRT Tracker。HRT 日誌沒有使用 Trans Memo 的程式碼，與 Chrysalide、Transmtf 都沒有隸屬或合作關係。"
      (fr) "Les fonctionnalités de HRT Log s'inspirent de Trans Memo, créée par l'association Chrysalide (ses captures d'écran ont servi de référence pendant le développement), ainsi que de Transmtf HRT Tracker. HRT Log n'utilise aucun code de Trans Memo et n'a aucun lien d'affiliation ni de partenariat avec Chrysalide ou Transmtf."
    resource 0x7f0f00ce string/curve_canrenone
      () "Canrenone (spironolactone metabolite)"
      (zh) "坎利酮（螺内酯代谢物）"
      (b+zh+Hant) "坎利酮（螺內酯代謝物）"
      (fr) "Canrénone (métabolite de la spironolactone)"
    resource 0x7f0f00cf string/data
      () "Data"
      (zh) "数据"
      (b+zh+Hant) "資料"
      (fr) "Données"
    resource 0x7f0f00d0 string/data_error
      () "Encrypted data could not be opened. Unlock your device and retry. If the key is unavailable, restore from a backup; existing data will be kept."
      (zh) "无法打开加密数据。请先解锁设备再重试。如果密钥不可用，请从备份恢复；现有数据会被保留。"
      (b+zh+Hant) "無法開啟加密資料。請先解鎖裝置再重試。如果金鑰不可用，請從備份恢復；現有資料會被保留。"
      (fr) "Impossible d'ouvrir les données chiffrées. Déverrouillez l'appareil puis réessayez. Si la clé n'est plus disponible, restaurez une sauvegarde ; les données existantes sont conservées."
    resource 0x7f0f00d1 string/day_unit
      () "days"
      (zh) "天"
      (b+zh+Hant) "天"
      (fr) "jours"
    resource 0x7f0f00d2 string/days_ago
      () "%1$d days ago"
      (zh) "%1$d 天前"
      (b+zh+Hant) "%1$d 天前"
      (fr) "il y a %1$d jours"
    resource 0x7f0f00d3 string/days_short
      () "%1$dd"
      (zh) "%1$d天"
      (b+zh+Hant) "%1$d天"
      (fr) "%1$d j"
    resource 0x7f0f00d4 string/default_error_message
      () "Invalid input"
      (ca) "L'entrada no és vàlida"
      (da) "Ugyldigt input"
      (fa) "ورودی نامعتبر"
      (ja) "入力値が無効です"
      (ka) "შენატანი არასწორია"
      (pa) "ਅਵੈਧ ਇਨਪੁੱਟ"
      (ta) "தவறான உள்ளீடு"
      (nb) "Ugyldige inndata"
      (be) "Памылка ўводу"
      (de) "Ungültige Eingabe"
      (ne) "अवैद्य इन्पुट"
      (te) "ఇన్‌పుట్ చెల్లదు"
      (af) "Ongeldige invoer"
      (bg) "Въведеното е невалидно"
      (th) "อินพุตไม่ถูกต้อง"
      (fi) "Virheellinen syöte"
      (hi) "अमान्य इनपुट"
      (si) "වලංගු නොවන ආදානයකි"
      (vi) "Giá trị nhập không hợp lệ"
      (kk) "Енгізілген мән жарамсыз."
      (mk) "Неважечки запис"
      (sk) "Neplatný vstup"
      (uk) "Введено недійсні дані"
      (el) "Μη έγκυρη καταχώριση"
      (gl) "O texto escrito non é válido"
      (ml) "ഇൻപുട്ട് അസാധുവാണ്"
      (nl) "Ongeldige invoer"
      (pl) "Nieprawidłowe dane wejściowe"
      (sl) "Neveljaven vnos"
      (tl) "Invalid na input"
      (am) "ልክ ያልሆነ ግቤት"
      (km) "ការបញ្ចូល​មិនត្រឹមត្រូវ"
      (bn) "ভুল ইনপুট"
      (in) "Input tidak valid"
      (kn) "ಅಮಾನ್ಯ ಇನ್‌ಪುಟ್"
      (mn) "Буруу оролт"
      (ko) "입력이 잘못됨"
      (lo) "ຂໍ້ມູນທີ່ປ້ອນເຂົ້າບໍ່ຖືກຕ້ອງ"
      (ro) "Intrare nevalidă"
      (sq) "Hyrje e pavlefshme"
      (ar) "إدخال غير صالح"
      (fr) "Données incorrectes"
      (hr) "Nevažeći unos"
      (mr) "इनपुट चुकीचे आहे"
      (or) "ଅବୈଧ ଇନପୁଟ୍"
      (sr) "Унос је неважећи"
      (b+sr+Latn) "Unos je nevažeći"
      (tr) "Geçersiz giriş"
      (ur) "غلط ان پٹ"
      (as) "অমান্য ইনপুট"
      (bs) "Pogrešan unos"
      (cs) "Neplatný údaj"
      (es) "Entrada no válida"
      (is) "Ógildur innsláttur"
      (ms) "Input tidak sah"
      (et) "Sobimatu sisend"
      (it) "Valore non valido"
      (lt) "Netinkama įvestis"
      (pt) "Entrada inválida"
      (eu) "Sarrerak ez du balio"
      (gu) "અમાન્ય ઇનપુટ"
      (hu) "Érvénytelen adat"
      (ru) "Неправильный ввод"
      (zu) "Okufakwayo okungalungile"
      (lv) "Nederīga ievade"
      (sv) "Ogiltiga indata"
      (iw) "הקלט לא תקין"
      (sw) "Ulichoweka si sahihi"
      (hy) "Սխալ ներածում"
      (ky) "Киргизилген маалымат жараксыз"
      (my) "ထည့်သွင်းမှု မမှန်ကန်ပါ"
      (az) "Yanlış daxiletmə"
      (uz) "Kiritilgan axborot xato"
      (en-rCA) "Invalid input"
      (fr-rCA) "Entrée incorrecte"
      (en-rGB) "Invalid input"
      (en-rXC) "‎‏‎‎‎‎‎‏‎‏‏‏‎‎‎‎‎‎‏‎‎‏‎‎‎‎‏‏‏‏‏‏‏‏‏‎‏‏‏‏‏‎‎‎‏‏‎‏‏‎‎‏‏‏‏‏‏‎‏‎‎‏‏‎‎‎‏‏‏‏‎‎‏‎‎‎‎‏‎‏‎‏‎‏‏‏‏‎‎‎‎‏‏‏‎‎‎Invalid input‎‏‎‎‏‎"
      (zh-rHK) "輸入嘅資料無效"
      (zh-rCN) "输入无效"
      (en-rIN) "Invalid input"
      (pt-rBR) "Entrada inválida"
      (es-rUS) "Entrada no válida"
      (pt-rPT) "Entrada inválida"
      (en-rAU) "Invalid input"
      (zh-rTW) "輸入內容無效"
    resource 0x7f0f00d5 string/default_error_msg
      () "Unknown error"
      (ca) "Error desconegut"
      (da) "Ukendt fejl"
      (fa) "خطای ناشناس"
      (ja) "不明なエラーです"
      (ka) "უცნობი შეცდომა"
      (pa) "ਅਗਿਆਤ ਗੜਬੜ"
      (ta) "அறியப்படாத பிழை"
      (nb) "Ukjent feil"
      (be) "Невядомая памылка"
      (de) "Unbekannter Fehler"
      (ne) "अज्ञात त्रुटि"
      (te) "తెలియని ఎర్రర్"
      (af) "Onbekende fout"
      (bg) "Неизвестна грешка"
      (th) "ข้อผิดพลาดที่ไม่รู้จัก"
      (fi) "Tuntematon virhe"
      (hi) "अनजान गड़बड़ी"
      (si) "නොදන්නා දෝෂයකි"
      (vi) "Lỗi không xác định"
      (kk) "Белгісіз қате"
      (mk) "Непозната грешка"
      (sk) "Neznáma chyba"
      (uk) "Невідома помилка"
      (el) "Άγνωστο σφάλμα"
      (gl) "Produciuse un erro descoñecido"
      (ml) "അജ്ഞാത പിശക്"
      (nl) "Onbekende fout"
      (pl) "Nieznany błąd"
      (sl) "Neznana napaka"
      (tl) "Hindi alam na error"
      (am) "ያልታወቀ ስህተት"
      (km) "មាន​បញ្ហា​ដែល​មិន​ស្គាល់"
      (bn) "অজানা সমস্যা"
      (in) "Error tidak diketahui"
      (kn) "ಅಪರಿಚಿತ ದೋಷ"
      (mn) "Тодорхойгүй алдаа гарлаа"
      (ko) "알 수 없는 오류"
      (lo) "ຄວາມຜິດພາດທີ່ບໍ່ຮູ້ຈັກ"
      (ro) "Eroare necunoscută"
      (sq) "Gabim i panjohur"
      (ar) "خطأ غير معروف"
      (fr) "Erreur inconnue"
      (hr) "Nepoznata pogreška"
      (mr) "अज्ञात एरर"
      (or) "ଅଜଣା ତ୍ରୁଟି"
      (sr) "Непозната грешка"
      (b+sr+Latn) "Nepoznata greška"
      (tr) "Bilinmeyen hata"
      (ur) "نامعلوم خرابی"
      (as) "অজ্ঞাত আসোঁৱাহ"
      (bs) "Nepoznata greška"
      (cs) "Neznámá chyba"
      (es) "Error desconocido"
      (is) "Óþekkt villa"
      (ms) "Ralat tidak diketahui"
      (et) "Tundmatu viga"
      (it) "Errore sconosciuto"
      (lt) "Nežinoma klaida"
      (pt) "Erro desconhecido"
      (eu) "Errore ezezaguna"
      (gu) "અજાણી ભૂલ"
      (hu) "Ismeretlen hiba"
      (ru) "Неизвестная ошибка"
      (zu) "Iphutha elingaziwe"
      (lv) "Nezināma kļūda"
      (sv) "Okänt fel"
      (iw) "שגיאה לא ידועה"
      (sw) "Hitilafu isiyojulikana"
      (hy) "Անհայտ սխալ"
      (ky) "Белгисиз ката"
      (my) "အမျိုးအမည်မသိ အမှား"
      (az) "Naməlum xəta"
      (uz) "Notanish xato"
      (en-rCA) "Unknown error"
      (fr-rCA) "Erreur inconnue"
      (en-rGB) "Unknown error"
      (en-rXC) "‎‏‎‎‎‎‎‏‎‏‏‏‎‎‎‎‎‎‏‎‎‏‎‎‎‎‏‏‏‏‏‏‏‏‎‎‎‎‏‎‎‏‎‎‏‎‏‎‏‏‎‎‏‎‏‏‎‏‏‏‏‎‎‏‎‏‏‎‏‎‏‎‏‎‏‎‏‏‎‎‎‎‎‏‎‎‎‎‎‏‏‏‎‏‏‎‎Unknown error‎‏‎‎‏‎"
      (zh-rHK) "不明錯誤"
      (zh-rCN) "未知错误"
      (en-rIN) "Unknown error"
      (pt-rBR) "Erro desconhecido"
      (es-rUS) "Error desconocido"
      (pt-rPT) "Erro desconhecido."
      (en-rAU) "Unknown error"
      (zh-rTW) "不明的錯誤"
    resource 0x7f0f00d6 string/default_popup_window_title
      () "Pop-Up Window"
      (ca) "Finestra emergent"
      (da) "Pop op-vindue"
      (fa) "پنجره بالاپر"
      (ja) "ポップアップウィンドウ"
      (ka) "ამომხტარი ფანჯარა"
      (pa) "ਪੌਪ-ਅੱਪ ਵਿੰਡੋ"
      (ta) "பாப்-அப் சாளரம்"
      (nb) "Forgrunnsvindu"
      (be) "Усплывальнае акно"
      (de) "Pop-up-Fenster"
      (ne) "पपअप विन्डो"
      (te) "పాప్-అప్ విండో"
      (af) "Opspringvenster"
      (bg) "Изскачащ прозорец"
      (th) "หน้าต่างป๊อปอัป"
      (fi) "Ponnahdusikkuna"
      (hi) "पॉप-अप विंडो"
      (si) "උත්පතන කවුළුව"
      (vi) "Cửa sổ bật lên"
      (kk) "Қалқымалы терезе"
      (mk) "Скокачки прозорец"
      (sk) "Vyskakovacie okno"
      (uk) "Спливаюче вікно"
      (el) "Αναδυόμενο παράθυρο"
      (gl) "Ventá emerxente"
      (ml) "പോപ്പ്-അപ്പ് വിൻഡോ"
      (nl) "Pop-upvenster"
      (pl) "Wyskakujące okienko"
      (sl) "Pojavno okno"
      (tl) "Window ng Pop-Up"
      (am) "ብቅ-ባይ መስኮት"
      (km) "វិនដូ​លោតឡើង"
      (bn) "পপ-আপ উইন্ডো"
      (in) "Jendela Pop-Up"
      (kn) "ಪಾಪ್-ಅಪ್ ವಿಂಡೋ"
      (mn) "Попап цонх"
      (ko) "팝업 창"
      (lo) "ໜ້າຈໍປັອບອັບ"
      (ro) "Fereastră pop-up"
      (sq) "Dritare kërcyese"
      (ar) "نافذة منبثقة"
      (fr) "Fenêtre pop-up"
      (hr) "Skočni prozor"
      (mr) "पॉप-अप विंडो"
      (or) "ପପ୍-ଅପ୍ ୱିଣ୍ଡୋ"
      (sr) "Искачући прозор"
      (b+sr+Latn) "Iskačući prozor"
      (tr) "Pop-up Pencere"
      (ur) "پاپ اپ ونڈو"
      (as) "পপ-আপ ৱিণ্ড’"
      (bs) "Skočni prozor"
      (cs) "Vyskakovací okno"
      (es) "Ventana emergente"
      (is) "Sprettigluggi"
      (ms) "Tetingkap Timbul"
      (et) "Hüpikaken"
      (it) "Finestra popup"
      (lt) "Iššokantysis langas"
      (pt) "Janela pop-up"
      (eu) "Leiho gainerakorra"
      (gu) "પૉપ-અપ વિન્ડો"
      (hu) "Előugró ablak"
      (ru) "Всплывающее окно"
      (zu) "Iwindi Lesikhashana"
      (lv) "Uznirstošais logs"
      (sv) "Popup-fönster"
      (iw) "חלון קופץ"
      (sw) "Dirisha Ibukizi"
      (hy) "Ելնող պատուհան"
      (ky) "Калкыма терезе"
      (my) "ပေါ့ပ်အပ် ဝင်းဒိုး"
      (az) "Popap Pəncərəsi"
      (uz) "Qalqib chiquvchi oyna"
      (en-rCA) "Pop-Up Window"
      (fr-rCA) "Fenêtre contextuelle"
      (en-rGB) "Pop-up window"
      (en-rXC) "‎‏‎‎‎‎‎‏‎‏‏‏‎‎‎‎‎‎‏‎‎‏‎‎‎‎‏‏‏‏‏‏‏‏‎‏‎‏‏‏‏‎‎‏‏‎‏‏‎‏‎‎‏‎‏‎‏‎‏‏‎‎‎‎‏‏‏‎‏‏‎‏‏‎‏‏‏‏‏‏‏‏‏‏‏‏‎‏‏‏‏‎‏‎‏‎‎Pop-Up Window‎‏‎‎‏‎"
      (zh-rHK) "彈出式視窗"
      (zh-rCN) "弹出式窗口"
      (en-rIN) "Pop-up window"
      (pt-rBR) "Janela pop-up"
      (es-rUS) "Ventana emergente"
      (pt-rPT) "Janela pop-up"
      (en-rAU) "Pop-up window"
      (zh-rTW) "彈出式視窗"
    resource 0x7f0f00d7 string/delete
      () "Archive medication"
      (zh) "停用并归档"
      (b+zh+Hant) "停用並歸檔"
      (fr) "Archiver le médicament"
    resource 0x7f0f00d8 string/delete_confirm
      () "Archive this medication and cancel future reminders? History will be kept."
      (zh) "停用并归档这种药物，并取消今后的提醒？历史记录会保留。"
      (b+zh+Hant) "停用並歸檔這種藥物，並取消今後的提醒？歷史記錄會保留。"
      (fr) "Archiver ce médicament et annuler les rappels à venir ? L'historique sera conservé."
    resource 0x7f0f00d9 string/disguise_backup
      () "Step 1: save an encrypted backup. Wrong codes give no hint, and if you forget your code, the backup is the only way to get your data back (reinstall, then restore it)."
      (zh) "第一步：先保存一份加密备份。输错密码不会有任何提示；忘记密码时，只能卸载重装后用这份备份恢复数据。"
      (b+zh+Hant) "第一步：先儲存一份加密備份。輸錯密碼不會有任何提示；忘記密碼時，只能解除安裝重灌後用這份備份恢復資料。"
      (fr) "Étape 1 : enregistrez une sauvegarde chiffrée. Un code erroné ne donne aucun indice ; si vous oubliez votre code, seule cette sauvegarde permet de récupérer vos données (réinstaller, puis restaurer)."
    resource 0x7f0f00da string/disguise_backup_action
      () "Save encrypted backup"
      (zh) "保存加密备份"
      (b+zh+Hant) "儲存加密備份"
      (fr) "Enregistrer une sauvegarde chiffrée"
    resource 0x7f0f00db string/disguise_backup_done
      () "Backup saved. Now choose the look and your code."
      (zh) "备份已保存。接下来选择外观并设置密码。"
      (b+zh+Hant) "備份已儲存。接下來選擇外觀並設定密碼。"
      (fr) "Sauvegarde enregistrée. Choisissez maintenant l’apparence et votre code."
    resource 0x7f0f00dc string/disguise_backup_failed
      () "The backup could not be saved. Try again or pick another location."
      (zh) "备份没有保存成功，请重试或换一个保存位置。"
      (b+zh+Hant) "備份沒有儲存成功，請重試或換一個儲存位置。"
      (fr) "La sauvegarde n’a pas pu être enregistrée. Réessayez ou choisissez un autre emplacement."
    resource 0x7f0f00dd string/disguise_code
      () "Code (4–12 digits)"
      (zh) "密码（4–12 位数字）"
      (b+zh+Hant) "密碼（4–12 位數字）"
      (fr) "Code (4 à 12 chiffres)"
    resource 0x7f0f00de string/disguise_code_repeat
      () "Repeat code"
      (zh) "再次输入密码"
      (b+zh+Hant) "再次輸入密碼"
      (fr) "Répétez le code"
    resource 0x7f0f00df string/disguise_desc
      () "Replaces the app icon with a working calculator or notes app. Entering your code there opens HRT Log."
      (zh) "把应用图标换成一个能正常使用的计算器或便签。在其中输入你的密码即可打开 HRT 日志。"
      (b+zh+Hant) "把 App 圖示換成一個能正常使用的計算器或便籤。在其中輸入你的密碼即可開啟 HRT 日誌。"
      (fr) "Remplace l’icône de l’app par une calculatrice ou un bloc-notes fonctionnels. Saisir votre code y ouvre HRT Log."
    resource 0x7f0f00e0 string/disguise_disable
      () "Turn off disguise"
      (zh) "关闭伪装"
      (b+zh+Hant) "關閉偽裝"
      (fr) "Désactiver le camouflage"
    resource 0x7f0f00e1 string/disguise_disable_desc
      () "Restores the normal icon, removes both codes and permanently deletes all private notes."
      (zh) "恢复普通图标，移除两个解锁码，并永久删除所有私人便签。"
      (b+zh+Hant) "恢復普通圖示，移除兩個解鎖碼，並永久刪除所有私人便箋。"
      (fr) "Rétablit le raccourci normal, retire les deux codes et supprime définitivement toutes les notes privées."
    resource 0x7f0f00e2 string/disguise_enable
      () "Turn on"
      (zh) "开启"
      (b+zh+Hant) "開啟"
      (fr) "Activer"
    resource 0x7f0f00e3 string/disguise_enabled_title
      () "Disguise mode is on"
      (zh) "伪装模式已开启"
      (b+zh+Hant) "偽裝模式已開啟"
      (fr) "Mode camouflage activé"
    resource 0x7f0f00e4 string/disguise_exit
      () "Shake the phone at any time to go back to the disguise."
      (zh) "随时摇一摇手机即可回到伪装界面。"
      (b+zh+Hant) "隨時搖一搖手機即可回到偽裝介面。"
      (fr) "Secouez le téléphone à tout moment pour revenir au camouflage."
    resource 0x7f0f00e5 string/disguise_guide_disable
      () "To turn it off: open the app with your code, then Settings → Disguise mode → Turn off disguise."
      (zh) "关闭方法：用密码进入应用，然后 设置 → 伪装模式 → 关闭伪装。"
      (b+zh+Hant) "關閉方法：用密碼進入 App，然後 設定 → 偽裝模式 → 關閉偽裝。"
      (fr) "Pour le désactiver : ouvrez l’app avec votre code, puis Réglages → Mode camouflage → Désactiver le camouflage."
    resource 0x7f0f00e6 string/disguise_guide_enter
      () "From now on, the app appears as “%1$s” on your home screen and in the app drawer."
      (zh) "从现在起，应用在桌面和应用抽屉里显示为“%1$s”。"
      (b+zh+Hant) "從現在起，App 在桌面和 App 抽屜裡顯示為“%1$s”。"
      (fr) "Désormais, l’app apparaît comme « %1$s » sur l’écran d’accueil et dans le tiroir d’apps."
    resource 0x7f0f00e7 string/disguise_guide_forgot
      () "Forgot the code? Uninstall the app, install it again and restore the backup you just saved."
      (zh) "忘记密码？卸载应用后重新安装，再恢复刚才保存的备份。"
      (b+zh+Hant) "忘記密碼？解除安裝 App 後重新安裝，再恢復剛才儲存的備份。"
      (fr) "Code oublié ? Désinstallez l’app, réinstallez-la et restaurez la sauvegarde que vous venez d’enregistrer."
    resource 0x7f0f00e8 string/disguise_how_calc
      () "To open: type your code, then press =."
      (zh) "打开方式：输入密码后按 =。"
      (b+zh+Hant) "開啟方式：輸入密碼後按 =。"
      (fr) "Pour ouvrir : tapez votre code puis appuyez sur =."
    resource 0x7f0f00e9 string/disguise_how_notes
      () "To open: tap search and search for your code."
      (zh) "打开方式：点搜索，搜索你的密码。"
      (b+zh+Hant) "開啟方式：點搜尋，搜尋你的密碼。"
      (fr) "Pour ouvrir : touchez Rechercher et cherchez votre code."
    resource 0x7f0f00ea string/disguise_limits
      () "Only the home screen icon changes. Android still shows the real name HRT Log in system app settings, and notification headers can show it too. Exported files, system activity history and previously saved shortcuts may also reveal app use. Add the current icon again from the app drawer if needed."
      (zh) "伪装只改变桌面图标。系统的应用设置里仍显示真实名称“HRT Log”，通知顶部也可能显示。导出的文件、系统活动记录和以前保存的快捷方式也可能暴露应用用途；需要时从应用列表重新添加当前图标。"
      (b+zh+Hant) "偽裝只改變桌面圖示。系統的 App 設定裡仍顯示真實名稱“HRT Log”，通知頂部也可能顯示。匯出的檔案、系統活動記錄和以前儲存的快捷方式也可能暴露 App 用途；需要時從 App 列表重新新增目前圖示。"
      (fr) "Seule l’icône de l’écran d’accueil change. Android affiche toujours le vrai nom HRT Log dans les réglages système, et les en-têtes des notifications peuvent aussi l’afficher. Les fichiers exportés, les activités système et les anciens raccourcis peuvent aussi révéler cet usage. Ajoutez à nouveau le raccourci actuel si nécessaire."
    resource 0x7f0f00eb string/disguise_lock_note
      () "Leaving the app locks it at once and brings back the disguise. Choosing a file for import or export is the only exception."
      (zh) "离开应用会立即锁定并回到伪装界面；只有导入、导出时选择文件除外。"
      (b+zh+Hant) "離開 App 會立即鎖定並回到偽裝介面；只有匯入、匯出時選擇檔案除外。"
      (fr) "Quitter l’app la verrouille aussitôt et réaffiche le camouflage, sauf pendant le choix d’un fichier pour importer ou exporter."
    resource 0x7f0f00ec string/disguise_mismatch
      () "Codes do not match"
      (zh) "两次输入的密码不一致"
      (b+zh+Hant) "兩次輸入的密碼不一致"
      (fr) "Les codes ne correspondent pas"
    resource 0x7f0f00ed string/disguise_on
      () "On: %1$s"
      (zh) "已开启：%1$s"
      (b+zh+Hant) "已開啟：%1$s"
      (fr) "Activé : %1$s"
    resource 0x7f0f00ee string/disguise_private_code
      () "Alternate unlock code (advanced)"
      (zh) "替代解锁码（高级）"
      (b+zh+Hant) "替代解鎖碼（進階）"
      (fr) "Code de déverrouillage alternatif (avancé)"
    resource 0x7f0f00ef string/disguise_private_desc
      () "This code opens separate private notes instead of your main data. You can prepare ordinary notes there."
      (zh) "输入此解锁码会打开独立的私人便签，而非主要数据。你可以提前放入普通便签。"
      (b+zh+Hant) "輸入此解鎖碼會開啟獨立的私人便箋，而非主要資料。你可以預先放入普通便箋。"
      (fr) "Ce code ouvre des notes privées séparées de vos données principales. Vous pouvez y préparer des notes ordinaires."
    resource 0x7f0f00f0 string/disguise_same
      () "The alternate code must differ from the main code."
      (zh) "替代解锁码必须与主要解锁码不同。"
      (b+zh+Hant) "替代解鎖碼必須與主要解鎖碼不同。"
      (fr) "Le code alternatif doit différer du code principal."
    resource 0x7f0f00f1 string/disguise_setup
      () "Set up disguise"
      (zh) "设置伪装"
      (b+zh+Hant) "設定偽裝"
      (fr) "Configurer le camouflage"
    resource 0x7f0f00f2 string/disguise_shell
      () "Look like"
      (zh) "伪装成"
      (b+zh+Hant) "偽裝成"
      (fr) "Apparence"
    resource 0x7f0f00f3 string/disguise_title
      () "Disguise mode"
      (zh) "伪装模式"
      (b+zh+Hant) "偽裝模式"
      (fr) "Mode camouflage"
    resource 0x7f0f00f4 string/dose
      () "Dose per intake"
      (zh) "每次剂量"
      (b+zh+Hant) "每次劑量"
      (fr) "Dose par prise"
    resource 0x7f0f00f5 string/dose_display
      () "%1$s %2$s"
      (zh) "%1$s %2$s"
      (b+zh+Hant) "%1$s %2$s"
      (fr) "%1$s %2$s"
    resource 0x7f0f00f7 string/dynamic_color
      () "Wallpaper colours"
      (zh) "动态取色"
      (b+zh+Hant) "動態取色"
      (fr) "Couleurs du fond d'écran"
    resource 0x7f0f00f8 string/dynamic_color_desc
      () "Use Material You colours from your wallpaper"
      (zh) "使用根据壁纸生成的 Material You 配色"
      (b+zh+Hant) "使用根據桌布生成的 Material You 配色"
      (fr) "Utiliser les couleurs Material You du fond d'écran"
    resource 0x7f0f00f9 string/edit
      () "Edit"
      (zh) "编辑"
      (b+zh+Hant) "編輯"
      (fr) "Modifier"
    resource 0x7f0f00fa string/edit_medication
      () "Edit medication"
      (zh) "编辑药物"
      (b+zh+Hant) "編輯藥物"
      (fr) "Modifier le médicament"
    resource 0x7f0f00fb string/empty_body
      () "Add your first medication and its schedule. Reminders and the calendar fill in automatically."
      (zh) "添加第一种药物和它的给药周期，提醒和日历会自动生成。"
      (b+zh+Hant) "新增第一種藥物和它的給藥週期，提醒和日曆會自動生成。"
      (fr) "Ajoutez votre premier médicament et sa fréquence. Les rappels et le calendrier se remplissent automatiquement."
    resource 0x7f0f00fc string/empty_title
      () "Nothing planned yet"
      (zh) "还没有计划"
      (b+zh+Hant) "還沒有計畫"
      (fr) "Rien de prévu pour l'instant"
    resource 0x7f0f00fd string/epoch_no_plan
      () "No active saved regimen. This does not mean no medication was taken."
      (zh) "没有生效的已存方案；不代表没有服药。"
      (b+zh+Hant) "沒有生效的已存方案；不代表沒有服藥。"
      (fr) "Aucun schéma enregistré actif. Cela ne signifie pas qu’aucun médicament n’a été pris."
    resource 0x7f0f00ff string/epoch_ongoing
      () "Ongoing"
      (zh) "至今"
      (b+zh+Hant) "至今"
      (fr) "En cours"
    resource 0x7f0f0100 string/epoch_reconstructed
      () "Reconstructed from saved schedules; the original entry time is unknown."
      (zh) "根据保存的计划回推；原始录入时间未知。"
      (b+zh+Hant) "根據儲存的計畫回推；原始錄入時間未知。"
      (fr) "Reconstitué à partir des calendriers enregistrés ; la date de saisie initiale est inconnue."
    resource 0x7f0f0104 string/ester
      () "Ester"
      (zh) "酯型"
      (b+zh+Hant) "酯型"
      (fr) "Ester"
    resource 0x7f0f0105 string/expiry
      () "Days after opening (optional)"
      (zh) "开封后有效天数（可选）"
      (b+zh+Hant) "開封後有效天數（可選）"
      (fr) "Jours après ouverture (facultatif)"
    resource 0x7f0f0106 string/export_action
      () "Export"
      (zh) "导出"
      (b+zh+Hant) "匯出"
      (fr) "Exporter"
    resource 0x7f0f0107 string/export_csv
      () "Export CSV"
      (zh) "导出 CSV"
      (b+zh+Hant) "匯出 CSV"
      (fr) "Exporter en CSV"
    resource 0x7f0f0108 string/export_csv_desc
      () "Intakes, well-being and lab results as spreadsheet files (zip)"
      (zh) "服药、身心状态和化验结果的表格文件（zip）"
      (b+zh+Hant) "服藥、身心狀態和檢驗結果的表格檔案（zip）"
      (fr) "Prises, bien-être et analyses en tableurs (zip)"
    resource 0x7f0f0109 string/export_pdf
      () "PDF report for your doctor"
      (zh) "导出 PDF 报告（给医生看）"
      (b+zh+Hant) "匯出 PDF 報告（給醫師看）"
      (fr) "Rapport PDF pour votre médecin"
    resource 0x7f0f010a string/export_pdf_desc
      () "Medications, adherence and lab results for a chosen period"
      (zh) "所选时间段内的药物、依从性和化验结果"
      (b+zh+Hant) "所選時間段內的藥物、依從性和檢驗結果"
      (fr) "Médicaments, observance et analyses sur une période"
    resource 0x7f0f010b string/export_saved
      () "File saved."
      (zh) "文件已保存。"
      (b+zh+Hant) "檔案已儲存。"
      (fr) "Fichier enregistré."
    resource 0x7f0f010c string/fingerprint_dialog_touch_sensor
      () "Touch the fingerprint sensor"
      (ca) "Toca sensor d'empremtes"
      (da) "Sæt finger på fingeraftrykslæser"
      (fa) "حسگر اثر انگشت را لمس کنید"
      (ja) "指紋認証センサーをタップ"
      (ka) "შეეხეთ თითის ანაბეჭდის სენსორს"
      (pa) "ਫਿੰਗਰਪ੍ਰਿੰਟ ਸੈਂਸਰ ਨੂੰ ਸਪਰਸ਼ ਕਰੋ"
      (ta) "கைரேகை சென்சாரைத் தொடுக"
      (nb) "Trykk på fingeravtrykkssensoren"
      (be) "Дакраніцеся да сканера адбіткаў пальцаў"
      (de) "Fingerabdrucksensor berühren"
      (ne) "फिंगरप्रिन्ट सेन्सरमा छुनुहोस्‌"
      (te) "వేలిముద్ర సెన్సార్‌ను తాకండి"
      (af) "Raak die vingerafdruksensor"
      (bg) "Докоснете сензора за отпечатъци"
      (th) "แตะเซ็นเซอร์ลายนิ้วมือ"
      (fi) "Kosketa sormenjälkitunnistinta"
      (hi) "फ़िंगरप्रिंट सेंसर को छुएं"
      (si) "ඇඟිලි සලකුණු සංවේදකය ස්පර්ශ කරන්න"
      (vi) "Chạm vào cảm biến vân tay"
      (kk) "Саусақ ізін оқу сканерін түртіңіз"
      (mk) "Допрете го сенз. за отпечатоци"
      (sk) "Dotknite sa senzora odtlačkov prstov"
      (uk) "Торкніться сканера відбитків пальців"
      (el) "Αγγίξτε τον αισθ. δακτ. αποτ."
      (gl) "Toca o sensor de impresión dixital"
      (ml) "ഫിംഗർപ്രിന്റ് സെൻസർ സ്‌പർശിക്കുക"
      (nl) "Raak de vingerafdruksensor aan"
      (pl) "Dotknij czytnika linii papilarnych"
      (sl) "Dotaknite se tipala prst. odt."
      (tl) "Pindutin ang fingerprint sensor"
      (am) "የጣት አሻራ ዳሳሹን ይንኩ"
      (km) "ប៉ះ​ឧបករណ៍​ចាប់ស្នាម​ម្រាមដៃ"
      (bn) "আঙ্গুলের ছাপের সেন্সর টাচ করুন"
      (in) "Sentuh sensor sidik jari"
      (kn) "ಫಿಂಗರ್‌ಪ್ರಿಂಟ್ ಸೆನ್ಸರ್‌‌ ಅನ್ನು ಸ್ಪರ್ಶಿಸಿ"
      (mn) "Хурууны хээ мэдрэгчид хүрнэ үү"
      (ko) "지문 센서를 터치하세요."
      (lo) "ແຕະເຊັນເຊີລາຍນິ້ວມື"
      (ro) "Atingeți senzorul de amprentă"
      (sq) "Prek sensorin e gjurmës së gishtit"
      (ar) "المس زر استشعار بصمة الإصبع"
      (fr) "Appuyez sur lecteur d'empreinte"
      (hr) "Dodirnite senzor otiska prsta"
      (mr) "फिंगरप्रिंट सेन्सरला स्पर्श करा"
      (or) "ଟିପଚିହ୍ନ ସେନସର୍‌କୁ ଛୁଅଁନ୍ତୁ"
      (sr) "Додирн. сензор за отисак прста"
      (b+sr+Latn) "Dodirn. senzor za otisak prsta"
      (tr) "Parmak izi sensörüne dokunun"
      (ur) "فنگر پرنٹ سینسر کو ٹچ کریں"
      (as) "ফিংগাৰপ্ৰিণ্ট ছেন্সৰটো স্পৰ্শ কৰক"
      (bs) "Dodirnite senzor za otisak prsta"
      (cs) "Dotkněte se snímače otisků prstů"
      (es) "Toca sensor huellas digitales"
      (is) "Snertu fingrafaralesarann"
      (ms) "Sentuh penderia cap jari"
      (et) "Puudutage sõrmejäljeandurit"
      (it) "Tocca sensore impronte"
      (lt) "Palieskite piršto antspaudo jutiklį"
      (pt) "Toque no sensor de digital"
      (eu) "Sakatu hatz-marken sentsorea"
      (gu) "ફિંગરપ્રિન્ટના સેન્સરને સ્પર્શ કરો"
      (hu) "Érintse meg az ujjlenyomat-érzékelőt"
      (ru) "Коснитесь сканера отпечатков."
      (zu) "Thinta inzwa yezigxivizo zeminwe"
      (lv) "Pieskarieties pirksta nospieduma sensoram"
      (sv) "Tryck på fingeravtryckssensorn"
      (iw) "יש לגעת בחיישן טביעות האצבע"
      (sw) "Gusa kitambua alama ya kidole"
      (hy) "Հպեք մատնահետքի սկաներին"
      (ky) "Манжа изинин сенсорун басыңыз"
      (my) "လက်ဗွေအာရုံခံကိရိယာကို တို့ပါ"
      (az) "Barmaq izi sensoruna klikləyin"
      (uz) "Barmoq izi skaneriga tegining"
      (en-rCA) "Touch the fingerprint sensor"
      (fr-rCA) "Touch. capteur empr. digitales"
      (en-rGB) "Touch the fingerprint sensor"
      (en-rXC) "‎‏‎‎‎‎‎‏‎‏‏‏‎‎‎‎‎‎‏‎‎‏‎‎‎‎‏‏‏‏‏‎‎‏‏‏‎‏‏‏‎‎‎‎‏‏‎‎‏‏‎‏‎‎‏‏‏‏‏‎‎‎‎‏‎‎‎‎‏‎‎‎‏‏‏‏‏‎‎‎‎‏‏‏‎‎‎‎‎‎‎‏‏‎Touch the fingerprint sensor‎‏‎‎‏‎"
      (zh-rHK) "請輕觸指紋感應器"
      (zh-rCN) "请轻触指纹传感器"
      (en-rIN) "Touch the fingerprint sensor"
      (pt-rBR) "Toque no sensor de digital"
      (es-rUS) "Toca el sensor de huellas dig."
      (pt-rPT) "Toque no sensor de impressões digitais"
      (en-rAU) "Touch the fingerprint sensor"
      (zh-rTW) "請輕觸指紋感應器"
    resource 0x7f0f010d string/fingerprint_error_hw_not_available
      () "Fingerprint hardware not available."
      (ca) "El maquinari per a empremtes dactilars no està disponible."
      (da) "Hardwaren til fingeraftryk er ikke tilgængelig."
      (fa) "سخت‌افزار اثر انگشت در دسترس نیست."
      (ja) "指紋認証ハードウェアは使用できません。"
      (ka) "თითის ანაბეჭდის აპარატურა მიუწვდომელია."
      (pa) "ਫਿੰਗਰਪ੍ਰਿੰਟ ਹਾਰਡਵੇਅਰ ਉਪਲਬਧ ਨਹੀਂ ਹੈ।"
      (ta) "கைரேகை வன்பொருள் இல்லை."
      (nb) "Maskinvare for fingeravtrykk er ikke tilgjengelig."
      (be) "Апаратныя сродкі для зняцця адбіткаў пальцаў недаступныя."
      (de) "Fingerabdruckhardware nicht verfügbar."
      (ne) "फिंगरप्रिन्ट हार्डवेयर उपलब्ध छैन।"
      (te) "వేలిముద్ర హార్డ్‌వేర్ అందుబాటులో లేదు."
      (af) "Vingerafdrukhardeware is nie beskikbaar nie."
      (bg) "Хардуерът за отпечатъци не е налице."
      (th) "ฮาร์ดแวร์ลายนิ้วมือไม่พร้อมใช้งาน"
      (fi) "Sormenjälkilaitteisto ei ole käytettävissä."
      (hi) "फ़िंगरप्रिंट हार्डवेयर मौजूद नहीं है."
      (si) "ඇඟිලි සලකුණු දෘඪාංගය ලද නොහැකිය."
      (vi) "Không dùng được phần cứng vân tay."
      (kk) "Саусақ ізі жабдығы қолжетімді емес."
      (mk) "Нема достапен хардвер за отпечатоци."
      (sk) "Hardvér na snímanie odtlačku prsta nie je k dispozícii."
      (uk) "Сканер відбитків пальців недоступний."
      (el) "Ο εξοπλισμός δακτυλικού αποτυπώματος δεν είναι διαθέσιμος."
      (gl) "O hardware de impresión dixital non está dispoñible."
      (ml) "ഫിംഗർപ്രിന്റ് ഹാർഡ്‌വെയർ ലഭ്യമല്ല."
      (nl) "Hardware voor vingerafdruk niet beschikbaar."
      (pl) "Czytnik linii papilarnych nie jest dostępny."
      (sl) "Strojna oprema za prstne odtise ni na voljo."
      (tl) "Hindi available ang hardware na ginagamitan ng fingerprint."
      (am) "የጣት አሻራ ሃርድዌር የለም።"
      (km) "មិន​អាច​ប្រើហាតវែរ​ស្នាមម្រាមដៃបាន​ទេ។"
      (bn) "আঙ্গুলের ছাপ নেওয়ার হার্ডওয়্যার উপলভ্য নয়।"
      (in) "Hardware sidik jari tidak tersedia."
      (kn) "ಫಿಂಗರ್‌ಪ್ರಿಂಟ್ ಹಾರ್ಡ್‌ವೇರ್‌ ಲಭ್ಯವಿಲ್ಲ."
      (mn) "Хурууны хээний төхөөрөмж боломжгүй байна."
      (ko) "지문 인식 하드웨어를 사용할 수 없습니다."
      (lo) "ບໍ່​ມີ​ຮາດ​ແວລາຍ​ນີ້ວ​ມື​ທີ່ສາມາດໃຊ້ໄດ້."
      (ro) "Hardware-ul pentru amprentă nu este disponibil."
      (sq) "Hardueri i gjurmës së gishtit nuk mundësohet."
      (ar) "جهاز بصمة الإصبع غير متاح."
      (fr) "Matériel de lecture d'empreinte digitale indisponible."
      (hr) "Hardver za otisak prsta nije dostupan."
      (mr) "फिंगरप्रिंट हार्डवेअर उपलब्‍ध नाही."
      (or) "ଟିପଚିହ୍ନ ହାର୍ଡୱେର୍‍ ଉପଲବ୍ଧ ନାହିଁ।"
      (sr) "Хардвер за отиске прстију није доступан."
      (b+sr+Latn) "Hardver za otiske prstiju nije dostupan."
      (tr) "Parmak izi donanımı kullanılamıyor."
      (ur) "فنگر پرنٹ ہارڈ ویئر دستیاب نہیں ہے۔"
      (as) "ফিংগাৰপ্ৰিণ্ট হাৰ্ডৱেৰ নাই।"
      (bs) "Hardver za otisak prsta nije dostupan."
      (cs) "Není k dispozici hardware ke snímání otisků prstů."
      (es) "El hardware de huella digital no está disponible."
      (is) "Fingrafarsvélbúnaður ekki til staðar."
      (ms) "Perkakasan cap jari tidak tersedia."
      (et) "Sõrmejälje riistvara pole saadaval."
      (it) "Hardware per l'impronta non disponibile."
      (lt) "Piršto antspaudo aparatinė įranga nepasiekiama."
      (pt) "Hardware de impressão digital não disponível."
      (eu) "Hatz-marken hardwarea ez dago erabilgarri."
      (gu) "ફિંગરપ્રિન્ટ હાર્ડવેર ઉપલબ્ધ નથી."
      (hu) "Az ujjlenyomathoz szükséges hardverhez nem lehet hozzáférni."
      (ru) "Сканер отпечатков пальцев недоступен."
      (zu) "Izingxenyekazi zekhompuyutha zezigxivizo zeminwe azitholakali."
      (lv) "Pirksta nospieduma aparatūra nav pieejama."
      (sv) "Det finns ingen maskinvara för fingeravtryck."
      (iw) "החומרה בשביל טביעת אצבע אינה זמינה."
      (sw) "Maunzi ya alama ya kidole hayapatikani."
      (hy) "Մատնահետքերի սարքն անհասանելի է:"
      (ky) "Манжа изинин аппараттык камсыздоосу жеткиликтүү эмес."
      (my) "လက်ဗွေစက်ပစ္စည်း မရနိုင်ပါ။"
      (az) "Barmaq izi avadanlığı əlçatan deyil."
      (uz) "Barmoq izi skaneri ish holatida emas."
      (en-rCA) "Fingerprint hardware not available."
      (fr-rCA) "Le matériel de lecture d'empreintes digitales n'est pas accessible."
      (en-rGB) "Fingerprint hardware not available."
      (en-rXC) "‎‏‎‎‎‎‎‏‎‏‏‏‎‎‎‎‎‎‏‎‎‏‎‎‎‎‏‏‏‏‏‏‏‏‏‏‎‎‏‎‎‎‎‎‎‏‏‏‏‎‏‏‎‏‏‏‏‏‏‏‏‎‏‎‏‏‏‎‏‏‎‎‏‎‏‏‎‏‏‎‏‏‏‎‎‏‎‏‎‏‏‎‏‏‏‎‎Fingerprint hardware not available.‎‏‎‎‏‎"
      (zh-rHK) "無法使用指紋硬件。"
      (zh-rCN) "指纹硬件无法使用。"
      (en-rIN) "Fingerprint hardware not available."
      (pt-rBR) "Hardware de impressão digital não disponível."
      (es-rUS) "El hardware para detectar huellas digitales no está disponible."
      (pt-rPT) "Hardware de impressão digital não disponível."
      (en-rAU) "Fingerprint hardware not available."
      (zh-rTW) "指紋硬體無法使用。"
    resource 0x7f0f010e string/fingerprint_error_hw_not_present
      () "This device does not have a fingerprint sensor"
      (ca) "Aquest dispositiu no té sensor d'empremtes dactilars"
      (da) "Denne enhed har ingen fingeraftrykslæser"
      (fa) "این دستگاه حسگر اثر انگشت ندارد"
      (ja) "このデバイスには指紋認証センサーがありません"
      (ka) "ამ მოწყობილობას არ აქვს თითის ანაბეჭდის სენსორი"
      (pa) "ਇਸ ਡੀਵਾਈਸ ਵਿੱਚ ਫਿੰਗਰਪ੍ਰਿੰਟ ਸੈਂਸਰ ਨਹੀਂ ਹੈ"
      (ta) "இந்தச் சாதனத்தில் கைரேகை சென்சார் இல்லை"
      (nb) "Denne enheten har ikke fingeravtrykkssensor"
      (be) "На гэтай прыладзе няма сканера адбіткаў пальцаў"
      (de) "Dieses Gerät hat keinen Fingerabdrucksensor"
      (ne) "यो यन्त्रमा कुनै फिंगरप्रिन्ट सेन्सर छैन"
      (te) "ఈ పరికరంలో వేలిముద్ర సెన్సార్ లేదు"
      (af) "Hierdie toetstel het nie 'n vingerafdruksensor nie"
      (bg) "Това устройство няма сензор за отпечатъци"
      (th) "อุปกรณ์นี้ไม่มีเซ็นเซอร์ลายนิ้วมือ"
      (fi) "Laitteessa ei ole sormenjälkitunnistinta."
      (hi) "इस डिवाइस में फ़िंगरप्रिंट सेंसर नहीं है"
      (si) "මෙම උපාංගයේ ඇඟිලි සලකුණු සංවේදකයක් නොමැත"
      (vi) "Thiết bị này không có cảm biến vân tay"
      (kk) "Бұл құрылғыда саусақ ізін оқу сканері жоқ"
      (mk) "Уредов нема сензор за отпечатоци"
      (sk) "Toto zariadenie nemá senzor odtlačkov prstov"
      (uk) "На цьому пристрої немає сканера відбитків пальців"
      (el) "Αυτή η συσκευή δεν διαθέτει αισθητήρα δακτυλικού αποτυπώματος"
      (gl) "Este dispositivo non ten sensor de impresión dixital"
      (ml) "ഈ ഉപകരണത്തിൽ ഫിംഗർപ്രിന്റ് സെൻസർ ഇല്ല"
      (nl) "Dit apparaat heeft geen vingerafdruksensor"
      (pl) "To urządzenie nie jest wyposażone w czytnik linii papilarnych"
      (sl) "Ta naprava nima tipala prstnih odtisov"
      (tl) "Walang sensor para sa fingerprint ang device na ito"
      (am) "ይህ መሣሪያ የጣት አሻራ ዳሳሽ የለውም"
      (km) "ឧបករណ៍នេះ​មិនមាន​ឧបករណ៍ចាប់​ស្នាមម្រាមដៃទេ"
      (bn) "এই ডিভাইসে আঙ্গুলের ছাপ নেওয়ার সেন্সর নেই"
      (in) "Perangkat ini tidak memiliki sensor sidik jari"
      (kn) "ಈ ಸಾಧನವು ಫಿಂಗರ್‌ಪ್ರಿಂಟ್‌ ಸೆನ್ಸರ್ ಅನ್ನು ಹೊಂದಿಲ್ಲ"
      (mn) "Энэ төхөөрөмжид хурууны хээ мэдрэгч алга байна"
      (ko) "기기에 지문 센서가 없습니다."
      (lo) "ອຸປະກອນນີ້ບໍ່ມີເຊັນເຊີລາຍນິ້ວມື"
      (ro) "Acest dispozitiv nu are senzor de amprentă"
      (sq) "Kjo pajisje nuk ka një sensor të gjurmës së gishtit"
      (ar) "لا يحتوي هذا الجهاز على جهاز استشعار بصمات الأصابع."
      (fr) "Aucun lecteur d'empreinte digitale n'est installé sur cet appareil"
      (hr) "Ovaj uređaj nema senzor otiska prsta"
      (mr) "या डिव्हाइसवर फिंगरप्रिंट सेन्सर नाही"
      (or) "ଏହି ଡିଭାଇସ୍‌ରେ ଟିପଚିହ୍ନ ସେନସର୍‌ ନାହିଁ"
      (sr) "Овај уређај нема сензор за отисак прста"
      (b+sr+Latn) "Ovaj uređaj nema senzor za otisak prsta"
      (tr) "Bu cihazda parmak izi sensörü yok"
      (ur) "اس آلہ میں فنگر پرنٹ سینسر نہیں ہے"
      (as) "এই ডিভাইচটোত ফিংগাৰপ্ৰিণ্ট ছেন্সৰ নাই"
      (bs) "Ovaj uređaj nema senzor za otisak prsta"
      (cs) "Toto zařízení nemá snímač otisků prstů"
      (es) "El dispositivo no tiene ningún sensor de huellas digitales"
      (is) "Þetta tæki er ekki með fingrafaralesara"
      (ms) "Peranti ini tiada penderia cap jari"
      (et) "Selles seadmes pole sõrmejäljeandurit"
      (it) "Questo dispositivo non è dotato di sensore di impronte"
      (lt) "Šiame įrenginyje nėra piršto antspaudo jutiklio"
      (pt) "Este dispositivo não tem um sensor de impressão digital"
      (eu) "Gailu honek ez du hatz-marken sentsorerik"
      (gu) "આ ડિવાઇસમાં કોઈ ફિંગરપ્રિન્ટ સેન્સર નથી"
      (hu) "Ez az eszköz nem rendelkezik ujjlenyomat-érzékelővel"
      (ru) "На этом устройстве нет сканера отпечатков пальцев."
      (zu) "Le divayisi ayinayo inzwa yezigxivizo zeminwe"
      (lv) "Šajā ierīcē nav pirksta nospieduma sensora"
      (sv) "Enheten har ingen fingeravtryckssensor"
      (iw) "במכשיר זה אין חיישן טביעות אצבע"
      (sw) "Kifaa hiki hakina kitambua alama ya kidole"
      (hy) "Սարքը չունի մատնահետքերի սկաներ"
      (ky) "Бул түзмөктө манжа изинин сенсору жок"
      (my) "ဤစက်ပစ္စည်းတွင် လက်ဗွေအာရုံခံကိရိယာ မရှိပါ"
      (az) "Bu cihazda barmaq izi sensoru yoxdur"
      (uz) "Bu qurilmada barmoq izi skaneri yo‘q"
      (en-rCA) "This device does not have a fingerprint sensor"
      (fr-rCA) "Cet appareil ne possède pas de capteur d'empreintes digitales"
      (en-rGB) "This device does not have a fingerprint sensor"
      (en-rXC) "‎‏‎‎‎‎‎‏‎‏‏‏‎‎‎‎‎‎‏‎‎‏‎‎‎‎‏‏‏‏‏‏‏‏‎‏‎‏‏‏‏‎‎‎‎‏‏‎‏‏‏‎‏‏‎‎‏‏‏‏‏‎‎‏‏‏‎‎‏‏‎‎‎‎‎‎‎‏‏‏‏‎‏‏‏‏‎‏‎‎‏‏‏‏‏‎‎This device does not have a fingerprint sensor‎‏‎‎‏‎"
      (zh-rHK) "此裝置沒有指紋感應器"
      (zh-rCN) "此设备没有指纹传感器"
      (en-rIN) "This device does not have a fingerprint sensor"
      (pt-rBR) "Este dispositivo não tem um sensor de impressão digital"
      (es-rUS) "Este dispositivo no tiene sensor de huellas digitales"
      (pt-rPT) "Este dispositivo não tem sensor de impressões digitais."
      (en-rAU) "This device does not have a fingerprint sensor"
      (zh-rTW) "這個裝置沒有指紋感應器"
    resource 0x7f0f010f string/fingerprint_error_lockout
      () "Too many attempts. Please try again later."
      (ca) "Massa intents. Torna-ho a provar més tard."
      (da) "Der var for mange forsøg Prøv igen senere."
      (fa) "تعداد تلاش‌ها بیش از حد مجاز است. لطفاً بعداً دوباره امتحان کنید."
      (ja) "入力回数が上限を超えました。しばらくしてからもう一度お試しください。"
      (ka) "მეტისმეტად ბევრი მცდელობა იყო. გთხოვთ, ცადოთ მოგვიანებით."
      (pa) "ਬਹੁਤ ਜ਼ਿਆਦਾ ਕੋਸ਼ਿਸ਼ਾਂ। ਕਿਰਪਾ ਕਰਕੇ ਬਾਅਦ ਵਿੱਚ ਦੁਬਾਰਾ ਕੋਸ਼ਿਸ਼ ਕਰੋ।"
      (ta) "பலமுறை முயன்றுவிட்டீர்கள். பிறகு முயலவும்."
      (nb) "Du har gjort for mange forsøk. Prøv på nytt senere."
      (be) "Занадта шмат спроб. Паўтарыце спробу пазней."
      (de) "Zu viele Versuche. Versuche es bitte später noch einmal."
      (ne) "अत्यधिक पटक प्रयासहरू गरिए। कृपया पछि फेरि प्रयास गर्नुहोस्।"
      (te) "చాలా ఎక్కువ ప్రయత్నాలు చేసారు. దయచేసి తర్వాత మళ్లీ ప్రయత్నించండి."
      (af) "Te veel pogings. Probeer later weer."
      (bg) "Твърде много опити. Моля, опитайте отново по-късно."
      (th) "ลองหลายครั้งเกินไป โปรดลองอีกครั้งภายหลัง"
      (fi) "Liian monta epäonnistunutta yritystä. Yritä myöhemmin uudelleen."
      (hi) "कई बार कोशिश की जा चुकी है. कृपया बाद में फिर से कोशिश करें."
      (si) "උත්සාහ ඉතා වැඩියි. පසුව නැවත උත්සාහ කරන්න."
      (vi) "Bạn đã thử quá nhiều lần. Vui lòng thử lại sau."
      (kk) "Тым көп әрекет жасалды. Кейінірек қайталап көріңіз."
      (mk) "Премногу обиди. Обидете се повторно подоцна."
      (sk) "Príliš veľa pokusov. Skúste to znova neskôr."
      (uk) "Забагато спроб. Зачекайте."
      (el) "Υπερβολικά πολλές προσπάθειες. Δοκιμάστε ξανά αργότερα."
      (gl) "Tentáchelo demasiadas veces. Proba de novo máis tarde."
      (ml) "നിരവധി ശ്രമങ്ങൾ. പിന്നീട് വീണ്ടും ശ്രമിക്കുക."
      (nl) "Te veel pogingen. Probeer het later opnieuw."
      (pl) "Zbyt wiele prób. Spróbuj ponownie później."
      (sl) "Preveč poskusov. Poskusite znova pozneje."
      (tl) "Masyadong maraming pagsubok. Pakisubukan ulit sa ibang pagkakataon."
      (am) "በጣም ብዙ ሙከራዎች። እባክዎ ቆይተው እንደገና ይሞክሩ።"
      (km) "ផ្ទៀងផ្ទាត់​មិនត្រឹមត្រូវ​ច្រើនដងពេក​។ សូម​ព្យាយាម​ម្ដង​ទៀត​នៅ​ពេល​ក្រោយ​។"
      (bn) "অনেকবার চেষ্টা করেছেন। পরে আবার চেষ্টা করুন।"
      (in) "Terlalu banyak upaya yang gagal. Coba lagi nanti."
      (kn) "ಹಲವು ಬಾರಿ ಪ್ರಯತ್ನಿಸಿರುವಿರಿ ನಂತರ ಮತ್ತೆ ಪ್ರಯತ್ನಿಸಿ."
      (mn) "Хэт олон удаа оролдлоо. Та дараа дахин оролдоно уу."
      (ko) "시도 횟수가 너무 많습니다. 나중에 다시 시도해 주세요."
      (lo) "ມີຄວາມພະຍາຍາມຫຼາຍເທື່ອເກີນໄປ. ກະລຸນາລອງໃໝ່ໃນພາຍຫຼັງ."
      (ro) "Prea multe încercări. Încercați din nou mai târziu."
      (sq) "Janë bërë shumë përpjekje. Provo përsëri më vonë."
      (ar) "تم إجراء محاولات كثيرة جدًا. يُرجى المحاولة مرة أخرى لاحقًا."
      (fr) "Tentatives trop nombreuses. Veuillez réessayer plus tard."
      (hr) "Previše pokušaja. Pokušajte ponovno kasnije."
      (mr) "खूप जास्त प्रयत्न. कृपया नंतर पुन्हा प्रयत्न करा."
      (or) "ବହୁତ ଅଧିକ ପ୍ରଚେଷ୍ଟା। ଦୟାକରି ପରେ ପୁଣି ଚେଷ୍ଟା କରନ୍ତୁ।"
      (sr) "Превише покушаја. Пробајте поново касније."
      (b+sr+Latn) "Previše pokušaja. Probajte ponovo kasnije."
      (tr) "Çok fazla deneme yapıldı. Lütfen daha sonra tekrar deneyin."
      (ur) "کافی زیادہ کوششیں۔ براہ کرم بعد میں دوبارہ کوشش کریں۔"
      (as) "অতি বেছি চেষ্টা অনুগ্ৰহ কৰি পিছত আকৌ চেষ্টা কৰক।"
      (bs) "Previše pokušaja. Pokušajte ponovo kasnije."
      (cs) "Příliš mnoho pokusů. Zkuste to později."
      (es) "Has realizado demasiados intentos. Vuelve a probar más tarde."
      (is) "Of margar tilraunir. Reyndu aftur síðar."
      (ms) "Terlalu banyak percubaan. Sila cuba sebentar lagi."
      (et) "Liiga palju katseid. Proovige hiljem uuesti."
      (it) "È stato effettuato un numero eccessivo di tentativi. Riprova più tardi."
      (lt) "Per daug bandymų. Vėliau bandykite dar kartą."
      (pt) "Muitas tentativas. Tente novamente mais tarde."
      (eu) "Saiakera gehiegi egin dira. Saiatu berriro geroago."
      (gu) "ખૂબ વધારે પ્રયત્નો કર્યા. કૃપા કરીને પછીથી ફરી પ્રયાસ કરો."
      (hu) "Túl sok próbálkozás. Próbálja újra később."
      (ru) "Слишком много попыток входа. Попробуйте ещё раз позже."
      (zu) "Imizamo eminingi kakhulu. Sicela uzame futhi ngokuhamba kwesikhathi."
      (lv) "Pārāk daudz mēģinājumu. Lūdzu, vēlāk mēģiniet vēlreiz."
      (sv) "För många försök. Försök igen senare."
      (iw) "ניסית יותר מדי פעמים. יש לנסות שוב מאוחר יותר."
      (sw) "Umejaribu mara nyingi mno. Tafadhali jaribu tena baadaye."
      (hy) "Չափից շատ փորձեր եք կատարել: Փորձեք ավելի ուշ:"
      (ky) "Өтө көп жолу аракет кылдыңыз. Кийинчерээк кайра кайталап көрүңүз."
      (my) "အကြိမ်များစွာ စမ်းပြီးပါပြီ။ နောက်မှ ထပ်စမ်းကြည့်ပါ။"
      (az) "Həddən çox cəhd oldu. Sonra sınayın."
      (uz) "Juda koʻp urinish amalga oshirildi. Keyinroq qaytadan urining."
      (en-rCA) "Too many attempts. Please try again later."
      (fr-rCA) "Trop de tentatives. Veuillez réessayer plus tard."
      (en-rGB) "Too many attempts. Please try again later."
      (en-rXC) "‎‏‎‎‎‎‎‏‎‏‏‏‎‎‎‎‎‎‏‎‎‏‎‎‎‎‏‏‏‏‏‏‏‏‏‎‎‏‎‏‎‎‏‏‎‎‎‏‏‎‏‎‎‎‎‏‏‏‎‎‏‎‏‏‎‏‎‏‏‎‎‎‎‎‎‎‎‏‏‎‎‏‎‎‎‎‏‏‏‎‏‎‎‏‎‏‎Too many attempts. Please try again later.‎‏‎‎‏‎"
      (zh-rHK) "嘗試次數過多。請稍後再試。"
      (zh-rCN) "尝试次数过多，请稍后重试。"
      (en-rIN) "Too many attempts. Please try again later."
      (pt-rBR) "Muitas tentativas. Tente novamente mais tarde."
      (es-rUS) "Demasiados intentos. Vuelve a intentarlo más tarde."
      (pt-rPT) "Demasiadas tentativas. Tente novamente mais tarde."
      (en-rAU) "Too many attempts. Please try again later."
      (zh-rTW) "嘗試次數過多，請稍後再試。"
    resource 0x7f0f0110 string/fingerprint_error_no_fingerprints
      () "No fingerprints enrolled."
      (ca) "No s'ha registrat cap empremta digital."
      (da) "Der er ikke registreret nogen fingeraftryk."
      (fa) "اثر انگشتی ثبت نشده است."
      (ja) "指紋が登録されていません。"
      (ka) "თითის ანაბეჭდები არ არის რეგისტრირებული."
      (pa) "ਕੋਈ ਫਿੰਗਰਪ੍ਰਿੰਟ ਦਰਜ ਨਹੀਂ ਕੀਤਾ ਗਿਆ।"
      (ta) "கைரேகைப் பதிவுகள் எதுவுமில்லை."
      (nb) "Ingen fingeravtrykk er registrert."
      (be) "Адбіткі пальцаў не зарэгістраваны."
      (de) "Keine Fingerabdrücke erfasst."
      (ne) "कुनै पनि फिंगरप्रिन्ट दर्ता गरिएको छैन।"
      (te) "వేలిముద్రలు నమోదు చేయబడలేదు."
      (af) "Geen vingerafdrukke is geregistreer nie."
      (bg) "Няма регистрирани отпечатъци."
      (th) "ไม่มีลายนิ้วมือที่ลงทะเบียน"
      (fi) "Sormenjälkiä ei ole lisätty."
      (hi) "कोई फ़िंगरप्रिंट रजिस्टर नहीं किया गया है."
      (si) "ඇඟිලි සලකුණු ඇතුළත් කර නොමැත."
      (vi) "Chưa đăng ký vân tay."
      (kk) "Саусақ іздері тіркелмеген."
      (mk) "Нема запишани отпечатоци."
      (sk) "Neregistrovali ste žiadne odtlačky prstov."
      (uk) "Відбитки пальців не зареєстровано."
      (el) "Δεν έχουν καταχωριστεί δακτυλικά αποτυπώματα."
      (gl) "Non se rexistraron impresións dixitais."
      (ml) "ഫിംഗർപ്രിന്റുകളൊന്നും എൻറോൾ ചെയ്‌തിട്ടില്ല."
      (nl) "Geen vingerafdrukken geregistreerd."
      (pl) "Nie zarejestrowano odcisków palców."
      (sl) "Ni prijavljenih prstnih odtisov."
      (tl) "Walang naka-enroll na fingerprint."
      (am) "ምንም የጣት አሻራዎች አልተመዘገቡም።"
      (km) "មិន​មាន​ការ​ថតបញ្ចូល​ស្នាម​ម្រាមដៃទេ។"
      (bn) "কোনও আঙ্গুলের ছাপ নথিভুক্ত নেই।"
      (in) "Tidak ada sidik jari yang terdaftar."
      (kn) "ಯಾವುದೇ ಫಿಂಗರ್‌ಪ್ರಿಂಟ್‌ ಅನ್ನು ನೋಂದಣಿ ಮಾಡಿಲ್ಲ."
      (mn) "Бүртгүүлсэн хурууны хээ алга байна."
      (ko) "등록된 지문이 없습니다."
      (lo) "ບໍ່ມີການລົງທະບຽນລາຍນິ້ວມື."
      (ro) "Nu au fost înregistrate amprente digitale."
      (sq) "Nuk ka asnjë gjurmë gishti të regjistruar."
      (ar) "ليست هناك بصمات إصبع مسجَّلة."
      (fr) "Aucune empreinte digitale enregistrée."
      (hr) "Nije registriran nijedan otisak prsta."
      (mr) "कोणत्याही फिंगरप्रिंटची नोंद झाली नाही."
      (or) "କୌଣସି ଆଙ୍ଗୁଠି ଚିହ୍ନ ପଞ୍ଜୀକୃତ ହୋଇନାହିଁ।"
      (sr) "Није регистрован ниједан отисак прста."
      (b+sr+Latn) "Nije registrovan nijedan otisak prsta."
      (tr) "Parmak izi kaydedilmedi."
      (ur) "کوئی فنگر پرنٹ مندرج نہیں ہے۔"
      (as) "কোনো ফিংগাৰপ্ৰিণ্ট যোগ কৰা নহ'ল।"
      (bs) "Nije prijavljen nijedan otisak prsta."
      (cs) "Nejsou zaregistrovány žádné otisky prstů."
      (es) "No se ha registrado ninguna huella digital."
      (is) "Engin fingraför hafa verið skráð."
      (ms) "Tiada cap jari didaftarkan."
      (et) "Ühtegi sõrmejälge pole registreeritud."
      (it) "Nessuna impronta digitale registrata."
      (lt) "Neužregistruota jokių kontrolinių kodų."
      (pt) "Nenhuma impressão digital registrada."
      (eu) "Ez da erregistratu hatz-markarik."
      (gu) "કોઈ ફિંગરપ્રિન્ટની નોંધણી કરવામાં આવી નથી."
      (hu) "Nincsenek regisztrált ujjlenyomatok."
      (ru) "Нет отсканированных отпечатков пальцев."
      (zu) "Azikho izigxivizo zeminwe ezibhalisiwe."
      (lv) "Nav reģistrēts neviens pirksta nospiedums."
      (sv) "Inga fingeravtryck har registrerats."
      (iw) "לא נרשמו טביעות אצבע."
      (sw) "Hakuna alama za vidole zilizojumuishwa."
      (hy) "Գրանցված մատնահետքեր չկան:"
      (ky) "Бир да манжа изи катталган эмес."
      (my) "မည်သည့် လက်ဗွေကိုမျှ ထည့်သွင်းမထားပါ။"
      (az) "Barmaq izi qeydə alınmayıb."
      (uz) "Hech qanday barmoq izi qayd qilinmagan."
      (en-rCA) "No fingerprints enrolled."
      (fr-rCA) "Aucune empreinte digitale enregistrée."
      (en-rGB) "No fingerprints enrolled."
      (en-rXC) "‎‏‎‎‎‎‎‏‎‏‏‏‎‎‎‎‎‎‏‎‎‏‎‎‎‎‏‏‏‏‏‏‏‏‏‎‏‎‎‎‎‏‎‏‏‏‏‎‏‏‏‏‎‎‎‎‎‏‏‏‎‎‎‏‎‎‏‏‏‏‎‎‎‏‏‏‏‎‎‏‏‎‏‎‎‏‏‏‏‏‏‎‎‎‎‎‎No fingerprints enrolled.‎‏‎‎‏‎"
      (zh-rHK) "尚未註冊任何指紋。"
      (zh-rCN) "未注册任何指纹。"
      (en-rIN) "No fingerprints enrolled."
      (pt-rBR) "Nenhuma impressão digital registrada."
      (es-rUS) "No se registraron huellas digitales."
      (pt-rPT) "Nenhuma impressão digital registada."
      (en-rAU) "No fingerprints enrolled."
      (zh-rTW) "未登錄任何指紋。"
    resource 0x7f0f0111 string/fingerprint_error_user_canceled
      () "Fingerprint operation canceled by user."
      (ca) "L'usuari ha cancel·lat l'operació d'empremta digital."
      (da) "Fingeraftrykshandlingen blev annulleret af brugeren."
      (fa) "کاربر عملیات اثر انگشت را لغو کرد"
      (ja) "指紋認証操作がユーザーによりキャンセルされました。"
      (ka) "თითის ანაბეჭდის ოპერაცია გააუქმა მომხმარებელმა."
      (pa) "ਫਿੰਗਰਪ੍ਰਿੰਟ ਦੇ ਪੁਸ਼ਟੀਕਰਨ ਦੀ ਕਾਰਵਾਈ ਵਰਤੋਂਕਾਰ ਵੱਲੋਂ ਰੱਦ ਕੀਤੀ ਗਈ।"
      (ta) "கைரேகைச் சரிபார்ப்பு பயனரால் ரத்துசெய்யப்பட்டது."
      (nb) "Fingeravtrykk-operasjonen ble avbrutt av brukeren."
      (be) "Аўтэнтыфікацыя па адбітках пальцаў скасавана карыстальнікам."
      (de) "Vorgang der Fingerabdruckauthentifizierung vom Nutzer abgebrochen."
      (ne) "प्रयोगकर्ताले फिंगरप्रिन्टसम्बन्धी कारबाही रद्द गर्नुभयो।"
      (te) "వేలిముద్ర చర్యని వినియోగదారు రద్దు చేసారు."
      (af) "Vingerafdrukhandeling is deur gebruiker gekanselleer."
      (bg) "Операцията за удостоверяване чрез отпечатък бе анулирана от потребителя."
      (th) "ผู้ใช้ยกเลิกการทำงานของลายนิ้วมือ"
      (fi) "Käyttäjä peruutti sormenjälkitoiminnon."
      (hi) "उपयोगकर्ता ने फिंगरप्रिंट की पुष्टि की कार्रवाई रद्द कर दी है."
      (si) "පරිශීලක විසින් ඇඟිලි සලකුණු මෙහෙයුම අවසන් කරන ලදී."
      (vi) "Người dùng đã hủy thao tác dùng dấu vân tay."
      (kk) "Пайдаланушы саусақ ізі операциясынан бас тартты."
      (mk) "Корисникот ја откажа потврдата со отпечаток."
      (sk) "Overenie odtlačku prsta zrušil používateľ."
      (uk) "Користувач скасував дію з відбитком пальця."
      (el) "Η λειτουργία δακτυλικού αποτυπώματος ακυρώθηκε από τον χρήστη."
      (gl) "O usuario cancelou a operación da impresión dixital."
      (ml) "ഫിംഗർപ്രിന്റിന്റെ പ്രവർത്തനം ഉപയോക്താവ് റദ്ദാക്കി."
      (nl) "Vingerafdrukverificatie geannuleerd door gebruiker."
      (pl) "Odczyt odcisku palca został anulowany przez użytkownika."
      (sl) "Dejanje s prstnim odtisom je preklical uporabnik."
      (tl) "Kinansela ng user ang operasyon sa fingerprint."
      (am) "የጣት አሻራ ክወና በተጠቃሚ ተሰርዟል።"
      (km) "ប្រតិបត្តិការ​ស្នាម​ម្រាម​ដៃ​ត្រូវ​បាន​បោះ​បង់​ដោយ​អ្នក​ប្រើប្រាស់។"
      (bn) "ব্যবহারকারী আঙ্গুলের ছাপ নেওয়ার অপারেশনটি বাতিল করেছেন।"
      (in) "Operasi sidik jari dibatalkan oleh pengguna."
      (kn) "ಬಳಕೆದಾರರು ಫಿಂಗರ್‌ಪ್ರಿಂಟ್ ಕಾರ್ಯಾಚರಣೆಯನ್ನು ರದ್ದುಪಡಿಸಿದ್ದಾರೆ."
      (mn) "Хэрэглэгч хурууны хээний баталгаажуулалтыг болиулсан байна."
      (ko) "사용자가 지문 인식 작업을 취소했습니다."
      (lo) "ຜູ້ໃຊ້ໄດ້ຍົກເລີກຄຳສັ່ງລາຍນິ້ວມືແລ້ວ."
      (ro) "Operațiunea privind amprenta a fost anulată de utilizator."
      (sq) "Veprimi i gjurmës së gishtit u anulua nga përdoruesi."
      (ar) "تم إلغاء تشغيل بصمة الإصبع بواسطة المستخدم."
      (fr) "Opération d'authentification par empreinte digitale annulée par l'utilisateur."
      (hr) "Radnju s otiskom prsta otkazao je korisnik."
      (mr) "वापरकर्त्याने फिंगरप्रिंट ऑपरेशन रद्द केले."
      (or) "ଟିପଚିହ୍ନ କାର୍ଯ୍ୟ ଉପଯୋଗକର୍ତ୍ତାଙ୍କ ଦ୍ୱାରା ବାତିଲ୍ କରାଯାଇଛି।"
      (sr) "Корисник је отказао радњу са отиском прста."
      (b+sr+Latn) "Korisnik je otkazao radnju sa otiskom prsta."
      (tr) "Parmak izi işlemi kullanıcı tarafından iptal edildi."
      (ur) "صارف نے فنگر پرنٹ کی کارروائی منسوخ کر دی۔"
      (as) "ব্যৱহাৰকাৰীয়ে ফিংগাৰপ্ৰিণ্টৰ দ্বাৰা বিশ্বাসযোগ্যতা প্ৰমাণীকৰণ কাৰ্য বাতিল কৰিছে।"
      (bs) "Korisnik je otkazao radnju s otiskom prsta."
      (cs) "Uživatel operaci s otiskem prstu zrušil."
      (es) "El usuario ha cancelado la operación de huella digital."
      (is) "Notandi hætti við að nota fingrafar."
      (ms) "Pengendalian cap jari dibatalkan oleh pengguna."
      (et) "Kasutaja tühistas sõrmejälje kasutamise."
      (it) "Operazione di autenticazione dell'impronta annullata dall'utente."
      (lt) "Piršto antspaudo operaciją atšaukė naudotojas."
      (pt) "Operação de impressão digital cancelada pelo usuário."
      (eu) "Erabiltzaileak bertan behera utzi du hatz-marka bidezko eragiketa."
      (gu) "ફિંગરપ્રિન્ટ ચકાસવાની પ્રક્રિયા વપરાશકર્તાએ રદ કરી."
      (hu) "Az ujjlenyomattal kapcsolatos műveletet a felhasználó megszakította."
      (ru) "Операция с отпечатком пальца отменена пользователем."
      (zu) "Umsebenzi wezigxivizo zeminwe ukhanselwe umsebenzisi."
      (lv) "Lietotājs atcēla pirksta nospieduma darbību."
      (sv) "Fingeravtrycksåtgärden avbröts av användaren."
      (iw) "פעולת טביעת האצבע בוטלה בידי המשתמש."
      (sw) "Mtumiaji ameghairi uthibitishaji wa alama ya kidole."
      (hy) "Մատնահետքով նույնականացման գործողությունը չեղարկվել է օգտատիրոջ կողմից:"
      (ky) "Манжа изи менен аныктыгын текшерүүнү колдонуучу жокко чыгарды."
      (my) "လက်ဗွေဖြင့် အထောက်အထားစိစစ်ခြင်းကို အသုံးပြုသူက ပယ်ဖျက်ထားသည်။"
      (az) "Barmaq izi əməliyyatı istifadəçi tərəfindən ləğv edildi."
      (uz) "Barmoq izi amali foydalanuvchi tomonidan bekor qilindi"
      (en-rCA) "Fingerprint operation cancelled by user."
      (fr-rCA) "L'opération d'authentification par empreinte digitale a été annulée par l'utilisateur."
      (en-rGB) "Fingerprint operation cancelled by user."
      (en-rXC) "‎‏‎‎‎‎‎‏‎‏‏‏‎‎‎‎‎‎‏‎‎‏‎‎‎‎‏‏‏‏‏‏‏‏‏‎‏‎‎‏‏‏‎‏‏‎‏‏‎‎‎‏‎‏‏‏‏‎‎‎‏‏‏‎‏‎‏‎‎‏‏‏‎‏‏‏‎‏‎‏‎‏‏‏‎‎‏‎‏‏‎‎‎‎‏‏‎Fingerprint operation canceled by user.‎‏‎‎‏‎"
      (zh-rHK) "使用者已取消指紋操作。"
      (zh-rCN) "用户取消了指纹操作。"
      (en-rIN) "Fingerprint operation cancelled by user."
      (pt-rBR) "Operação de impressão digital cancelada pelo usuário."
      (es-rUS) "El usuario canceló la operación de huella digital."
      (pt-rPT) "Operação de impressão digital cancelada pelo utilizador."
      (en-rAU) "Fingerprint operation cancelled by user."
      (zh-rTW) "使用者已取消指紋驗證作業。"
    resource 0x7f0f0112 string/fingerprint_not_recognized
      () "Not recognized"
      (ca) "No s'ha reconegut"
      (da) "Ikke genkendt"
      (fa) "شناسایی نشد"
      (ja) "認識されませんでした"
      (ka) "არ არის ამოცნობილი"
      (pa) "ਪਛਾਣ ਨਹੀਂ ਹੋਈ"
      (ta) "பொருந்தவில்லை"
      (nb) "Ikke gjenkjent"
      (be) "Не распазнана"
      (de) "Nicht erkannt"
      (ne) "पहिचान भएन"
      (te) "గుర్తించబడలేదు"
      (af) "Nie herken nie"
      (bg) "Не е разпознато"
      (th) "ไม่รู้จัก"
      (fi) "Ei tunnistettu"
      (hi) "पहचान नहीं हो पाई"
      (si) "හඳුනා නොගන්නා ලදී"
      (vi) "Không nhận dạng được"
      (kk) "Танылмады"
      (mk) "Непознат"
      (sk) "Nerozpoznané"
      (uk) "Не розпізнано"
      (el) "Δεν αναγνωρίστηκε"
      (gl) "Non se recoñeceu"
      (ml) "തിരിച്ചറിഞ്ഞില്ല"
      (nl) "Niet herkend"
      (pl) "Nie rozpoznano"
      (sl) "Ni prepoznano"
      (tl) "Hindi nakilala"
      (am) "አልታወቀም"
      (km) "មិនអាចសម្គាល់បានទេ"
      (bn) "শনাক্ত করা যায়নি"
      (in) "Tidak dikenali"
      (kn) "ಗುರುತಿಸಲಾಗಿಲ್ಲ"
      (mn) "Таниагүй"
      (ko) "인식할 수 없음"
      (lo) "ບໍ່ຮັບຮູ້"
      (ro) "Nu este recunoscut"
      (sq) "Nuk njihet"
      (ar) "لم يتم التعرف عليها."
      (fr) "Non reconnue"
      (hr) "Nije prepoznat"
      (mr) "ओळखले नाही"
      (or) "ଚିହ୍ନଟ ହେଲାନାହିଁ"
      (sr) "Није препознат"
      (b+sr+Latn) "Nije prepoznat"
      (tr) "Tanınmadı"
      (ur) "شناخت نہیں ہو سکی"
      (as) "চিনাক্ত কৰিব পৰা নাই"
      (bs) "Nije prepoznato"
      (cs) "Nerozpoznáno"
      (es) "No se reconoce"
      (is) "Þekktist ekki"
      (ms) "Tidak dikenali"
      (et) "Ei tuvastatud"
      (it) "Non riconosciuta"
      (lt) "Neatpažinta"
      (pt) "Não reconhecido"
      (eu) "Ez da ezagutu"
      (gu) "ઓળખાયેલ નથી"
      (hu) "Nem ismerhető fel"
      (ru) "Не распознано"
      (zu) "Akwaziwa"
      (lv) "Nav atpazīts"
      (sv) "Identifierades inte"
      (iw) "לא זוהתה"
      (sw) "Haitambuliwi"
      (hy) "Չհաջողվեց ճանաչել"
      (ky) "Таанылган жок"
      (my) "မသိ"
      (az) "Tanınmır"
      (uz) "Aniqlanmadi"
      (en-rCA) "Not recognised"
      (fr-rCA) "Doigt non reconnu"
      (en-rGB) "Not recognised"
      (en-rXC) "‎‏‎‎‎‎‎‏‎‏‏‏‎‎‎‎‎‎‏‎‎‏‎‎‎‎‏‏‏‏‏‏‎‏‏‎‏‎‏‏‏‎‎‎‎‎‎‏‏‏‎‏‏‏‏‏‏‏‎‏‎‎‏‎‎‏‎‏‏‎‎‏‎‎‏‏‎‎‎‏‎‏‏‏‏‏‏‏‎‎‏‎‎‎‏‎Not recognized‎‏‎‎‏‎"
      (zh-rHK) "未能識別"
      (zh-rCN) "无法识别"
      (en-rIN) "Not recognised"
      (pt-rBR) "Não reconhecido"
      (es-rUS) "No se reconoció"
      (pt-rPT) "Não reconhecida."
      (en-rAU) "Not recognised"
      (zh-rTW) "無法辨識"
    resource 0x7f0f0113 string/fix
      () "Fix"
      (zh) "去设置"
      (b+zh+Hant) "前往設定"
      (fr) "Corriger"
    resource 0x7f0f0114 string/flag_after_8h
      () "Sublingual data cover only 8 hours after a dose; later values are extrapolated."
      (zh) "舌下数据只覆盖服药后 8 小时，之后的数值是外推的。"
      (b+zh+Hant) "舌下資料只覆蓋服藥後 8 小時，之後的數值是外推的。"
      (fr) "Les données sublinguales ne couvrent que 8 heures après une prise ; au-delà, les valeurs sont extrapolées."
    resource 0x7f0f0115 string/flag_extrapolated_tier
      () "This hold time has no study data; the curve is extrapolated from the calibrated hold time."
      (zh) "这个含服时长没有研究数据，曲线是从已校准的时长外推的，无文献。"
      (b+zh+Hant) "這個含服時長沒有研究資料，曲線是從已校準的時長外推的，無文獻。"
      (fr) "Cette durée de maintien n’a pas de données ; la courbe est extrapolée à partir de la durée calibrée."
    resource 0x7f0f0116 string/flag_illustrative
      () "Illustrative curve only, with a deliberately wide band."
      (zh) "仅为示意曲线，区间特意放宽。"
      (b+zh+Hant) "僅為示意曲線，區間特意放寬。"
      (fr) "Courbe indicative seulement, avec un intervalle volontairement large."
    resource 0x7f0f0117 string/flag_no_product_data
      () "No data for this gel product: parameters lie between the studied gels, with a wide band."
      (zh) "无该产品数据：参数取已研究凝胶之间的值，区间较宽。"
      (b+zh+Hant) "無該產品資料：參數取已研究凝膠之間的值，區間較寬。"
      (fr) "Pas de données pour ce gel : les paramètres sont entre ceux des gels étudiés, avec un intervalle large."
    resource 0x7f0f0118 string/forecast_add
      () "Add stock"
      (zh) "添加库存"
      (b+zh+Hant) "新增庫存"
      (fr) "Ajouter"
    resource 0x7f0f0119 string/forecast_empty
      () "Not enough for the next planned dose"
      (zh) "库存不够下一次计划服药"
      (b+zh+Hant) "庫存不夠下一次計畫服藥"
      (fr) "Pas assez pour la prochaine prise prévue"
    resource 0x7f0f011a string/forecast_no_plan
      () "%1$s left · no schedule to forecast from"
      (zh) "剩余 %1$s · 没有服药计划，无法预测"
      (b+zh+Hant) "剩餘 %1$s · 沒有服藥計畫，無法預測"
      (fr) "Reste %1$s · aucun planning pour prévoir"
    resource 0x7f0f011b string/forecast_note
      () "Based on your schedule and the open and sealed packages in Stock."
      (zh) "按服药计划和库存页里已开封、未开封的包装推算。"
      (b+zh+Hant) "按服藥計畫和庫存頁裡已開封、未開封的包裝推算。"
      (fr) "Calculé à partir du planning et des boîtes ouvertes et neuves du stock."
    resource 0x7f0f011c string/forecast_title
      () "Stock forecast"
      (zh) "库存预计"
      (b+zh+Hant) "庫存預計"
      (fr) "Prévision du stock"
    resource 0x7f0f011d string/forecast_until
      () "Lasts until %1$s (%2$d days) · %3$s left"
      (zh) "可用到 %1$s（还有 %2$d 天）· 剩余 %3$s"
      (b+zh+Hant) "可用到 %1$s（還有 %2$d 天）· 剩餘 %3$s"
      (fr) "Jusqu’au %1$s (%2$d jours) · reste %3$s"
    resource 0x7f0f011e string/forecast_untracked
      () "Stock not tracked yet"
      (zh) "还没有记录库存"
      (b+zh+Hant) "還沒有記錄庫存"
      (fr) "Stock non suivi"
    resource 0x7f0f011f string/forecast_year
      () "%1$s left · lasts more than a year"
      (zh) "剩余 %1$s · 够用一年以上"
      (b+zh+Hant) "剩餘 %1$s · 夠用一年以上"
      (fr) "Reste %1$s · plus d’un an"
    resource 0x7f0f0120 string/future_time_warning
      () "This time is in the future."
      (zh) "这个时间在未来。"
      (b+zh+Hant) "這個時間在未來。"
      (fr) "Cette heure est dans le futur."
    resource 0x7f0f0121 string/gel_assumptions
      () "The gel curve depends on the product and the dose. Application site, area, washing and other skin products are not modelled."
      (zh) "凝胶曲线只取决于产品和剂量，不考虑涂抹部位、面积、洗去以及其他护肤品。"
      (b+zh+Hant) "凝膠曲線只取決於產品和劑量，不考慮塗抹部位、面積、洗去以及其他護膚品。"
      (fr) "La courbe du gel dépend du produit et de la dose. Le site, la surface, le lavage et les autres produits cutanés ne sont pas modélisés."
    resource 0x7f0f0122 string/gel_divigel
      () "Divigel"
      (zh) "Divigel"
      (b+zh+Hant) "Divigel"
      (fr) "Divigel"
    resource 0x7f0f0123 string/gel_diy
      () "Home-made (1 mg/g)"
      (zh) "自配（1 mg/g）"
      (b+zh+Hant) "自配（1 mg/g）"
      (fr) "Préparation maison (1 mg/g)"
    resource 0x7f0f0124 string/gel_estreva
      () "Estreva"
      (zh) "Estreva"
      (b+zh+Hant) "Estreva"
      (fr) "Estreva"
    resource 0x7f0f0125 string/gel_estrogel
      () "EstroGel"
      (zh) "EstroGel"
      (b+zh+Hant) "EstroGel"
      (fr) "EstroGel"
    resource 0x7f0f0126 string/gel_oestrogel
      () "Oestrogel"
      (zh) "Oestrogel"
      (b+zh+Hant) "Oestrogel"
      (fr) "Oestrogel"
    resource 0x7f0f0127 string/gel_product
      () "Gel product"
      (zh) "凝胶产品"
      (b+zh+Hant) "凝膠產品"
      (fr) "Gel"
    resource 0x7f0f0128 string/gel_site
      () "Application site"
      (zh) "涂抹部位"
      (b+zh+Hant) "塗抹部位"
      (fr) "Zone d'application"
    resource 0x7f0f0129 string/gel_site_not_modelled
      () "Recorded only: the model does not use the application site."
      (zh) "仅作记录：模型不使用涂抹部位。"
      (b+zh+Hant) "僅作記錄：模型不使用塗抹部位。"
      (fr) "Enregistré seulement : le modèle n’utilise pas le site d’application."
    resource 0x7f0f012a string/generic_error_no_device_credential
      () "No PIN, pattern, or password set."
      (ca) "No s'ha definit cap PIN, patró o contrasenya."
      (da) "Der er ikke angivet pinkode, mønster eller adgangskode."
      (fa) "پین، الگو، یا گذرواژه‌ای تنظیم نشده است."
      (ja) "PIN、パターン、パスワードが設定されていません。"
      (ka) "PIN-კოდი, განმბლოკავი ნიმუში ან პაროლი დაყენებული არ არის."
      (pa) "ਕੋਈ ਪਿੰਨ, ਪੈਟਰਨ ਜਾਂ ਪਾਸਵਰਡ ਸੈੱਟ ਨਹੀਂ ਕੀਤਾ ਗਿਆ।"
      (ta) "பின்னோ பேட்டர்னோ கடவுச்சொல்லோ அமைக்கப்படவில்லை."
      (nb) "PIN-kode, mønster eller passord er ikke angitt."
      (be) "Не заданы PIN-код, узор разблакіроўкі ці пароль."
      (de) "Keine PIN, kein Muster und kein Passwort festgelegt."
      (ne) "कुनै पनि PIN, ढाँचा वा पासवर्ड सेट गरिएको छैन।"
      (te) "పిన్‌ను గానీ, ఆకృతిని గానీ, పాస్‌వర్డ్‌ను గానీ‌ సెట్ చేయలేదు."
      (af) "Geen PIN, patroon of wagwoord is gestel nie."
      (bg) "Няма зададен ПИН код, фигура или парола."
      (th) "ไม่ได้ตั้ง PIN, รูปแบบ หรือรหัสผ่าน"
      (fi) "PIN-koodia, kuviota tai salasanaa ei ole lisätty."
      (hi) "पिन, पैटर्न या पासवर्ड सेट नहीं है."
      (si) "PIN, රටා, හෝ මුරපද කිසිවක් සකසා නැත"
      (vi) "Chưa đặt mã PIN, hình mở khóa hoặc mật khẩu."
      (kk) "Ешқандай PIN коды, өрнек немесе құпия сөз орнатылмаған."
      (mk) "Не е поставен PIN, шема или лозинка."
      (sk) "Nie je nastavený kód PIN, vzor ani heslo."
      (uk) "Не вказано PIN-код, ключ або пароль."
      (el) "Δεν έχει οριστεί PIN, μοτίβο ή κωδικός πρόσβασης."
      (gl) "Non se estableceu ningún PIN, padrón nin contrasinal."
      (ml) "പിൻ, പാറ്റേൺ, അല്ലെങ്കിൽ പാസ്‍വേഡ് ഇവയൊന്നും സജ്ജീകരിച്ചിട്ടില്ല."
      (nl) "Geen pincode, patroon of wachtwoord ingesteld."
      (pl) "Nie ustawiono kodu PIN, wzoru ani hasła."
      (sl) "Nastavljena ni nobena koda PIN, vzorec ali geslo."
      (tl) "Walang itinakdang PIN, pattern, o password."
      (am) "ምንም ፒን፣ ሥርዓተ ጥለት ወይም የይለፍ ቃል አልተቀናበረም።"
      (km) "គ្មាន​ការកំណត់​កូដ PIN លំនាំ ឬពាក្យសម្ងាត់​ទេ។"
      (bn) "পিন, প্যাটার্ন অথবা পাসওয়ার্ড সেট করা নেই।"
      (in) "Tidak ada PIN, pola, atau sandi yang disetel."
      (kn) "ಯಾವುದೇ ಪಿನ್, ಪ್ಯಾಟರ್ನ್ ಅಥವಾ ಪಾಸ್‌ವರ್ಡ್ ಅನ್ನು ಹೊಂದಿಸಿಲ್ಲ."
      (mn) "Тохируулсан ПИН, хээ эсвэл нууц үг алга."
      (ko) "PIN, 패턴, 비밀번호가 설정되지 않았습니다."
      (lo) "ບໍ່ໄດ້ຕັ້ງ PIN, ຮູບແບບປົດລັອກ ຫຼື ລະຫັດຜ່ານ."
      (ro) "Nu este setat niciun cod PIN, model sau parolă."
      (sq) "Nuk është vendosur kod PIN, motiv ose fjalëkalim."
      (ar) "لم يتم ضبط رقم تعريف شخصي أو نقش أو كلمة مرور."
      (fr) "Aucun code, schéma ni mot de passe n'est défini."
      (hr) "Nisu postavljeni PIN, uzorak ni zaporka."
      (mr) "कोणताही पिन, पॅटर्न किंवा पासवर्ड सेट केलेला नाही."
      (or) "କୌଣସି PIN, ପାଟର୍ନ ବା ପାସୱାର୍ଡ ସେଟ୍ ହୋଇନାହିଁ।"
      (sr) "Нисте подесили ни PIN, ни шаблон, ни лозинку."
      (b+sr+Latn) "Niste podesili ni PIN, ni šablon, ni lozinku."
      (tr) "PIN, desen veya şifre seti yok"
      (ur) "کوئی پن، پیٹرن، یا پاس ورڈ سیٹ نہیں ہے۔"
      (as) "কোনো পিন, আৰ্হি অথবা পাছৱৰ্ড ছেট কৰা হোৱা নাই।"
      (bs) "Nije postavljen PIN, uzorak niti lozinka."
      (cs) "Není nastaven žádný PIN, gesto ani heslo."
      (es) "No se ha definido el PIN, el patrón o la contraseña."
      (is) "Ekkert PIN-númer, mynstur eða aðgangsorð stillt."
      (ms) "PIN, corak atau kata laluan tidak ditetapkan."
      (et) "PIN-koodi, mustrit ega parooli pole määratud."
      (it) "Non hai impostato PIN, sequenza o password."
      (lt) "Nenustatytas PIN kodas, atrakinimo piešinys arba slaptažodis."
      (pt) "Nenhum PIN, padrão ou senha configurado."
      (eu) "Ez da ezarri PIN koderik, eredurik edo pasahitzik."
      (gu) "કોઈ પિન, પૅટર્ન અથવા પાસવર્ડ સેટ કરેલો નથી."
      (hu) "Nem állított be PIN-kódot, mintát vagy jelszót."
      (ru) "Не заданы PIN-код, пароль или графический ключ."
      (zu) "Ayikho iphinikhodi, iphethini, noma iphasiwedi esethiwe."
      (lv) "Nav iestatīts PIN, kombinācija vai parole."
      (sv) "Pinkod, grafiskt lösenord eller lösenord har inte angetts."
      (iw) "עוד לא הוגדרו קוד אימות, קו ביטול נעילה או סיסמה."
      (sw) "Hujaweka PIN, mchoro au nenosiri."
      (hy) "Ավելացրեք PIN կոդ, նախշ կամ գաղտնաբառ։"
      (ky) "PIN код, графикалык ачкыч же сырсөз коюлган жок."
      (my) "ပင်နံပါတ်၊ လော့ခ်ပုံစံ သို့မဟုတ် စကားဝှက် သတ်မှတ်မထားပါ။"
      (az) "PIN, model və ya parol ayarlanmayıb."
      (uz) "PIN kod, grafik kalit yoki parol sozlanmagan."
      (en-rCA) "No PIN, pattern or password set."
      (fr-rCA) "Aucun NIP, schéma ni mot de passe défini"
      (en-rGB) "No PIN, pattern or password set."
      (en-rXC) "‎‏‎‎‎‎‎‏‎‏‏‏‎‎‎‎‎‎‏‎‎‏‎‎‎‎‏‏‏‏‏‏‎‏‏‎‏‎‎‏‎‎‏‏‏‏‏‎‎‏‎‎‎‎‎‏‎‏‎‏‎‎‎‎‏‏‏‏‎‎‎‏‎‏‏‏‏‏‏‎‎‏‎‎‏‎‏‏‏‎‎‏‎‎‏‎No PIN, pattern, or password set.‎‏‎‎‏‎"
      (zh-rHK) "未設定 PIN、圖案或密碼。"
      (zh-rCN) "未设置 PIN 码、解锁图案或密码。"
      (en-rIN) "No PIN, pattern or password set."
      (pt-rBR) "Nenhum PIN, padrão ou senha configurado."
      (es-rUS) "No se estableció ningún PIN, patrón ni contraseña."
      (pt-rPT) "Nenhum PIN, padrão ou palavra-passe definidos."
      (en-rAU) "No PIN, pattern or password set."
      (zh-rTW) "未設定 PIN 碼、解鎖圖案或密碼。"
    resource 0x7f0f012b string/generic_error_no_keyguard
      () "This device does not support PIN, pattern, or password."
      (ca) "Aquest dispositiu no admet utilitzar cap PIN, patró ni contrasenya."
      (da) "Denne enhed understøtter ikke pinkode, mønster eller adgangskode."
      (fa) "این دستگاه از پین، الگو، یا گذرواژه پشتیبانی نمی‌کند."
      (ja) "このデバイスは PIN、パターン、パスワードをサポートしていません。"
      (ka) "ამ მოწყობილობას არ აქვს PIN-კოდის, ნიმუშის ან პაროლის მხარდაჭერა."
      (pa) "ਇਹ ਡੀਵਾਈਸ ਪਿੰਨ, ਪੈਟਰਨ ਜਾਂ ਪਾਸਵਰਡ ਦਾ ਸਮਰਥਨ ਨਹੀਂ ਕਰਦਾ।"
      (ta) "பின், பேட்டர்ன், கடவுச்சொல் ஆகியவற்றை இந்தச் சாதனம் ஆதரிக்கவில்லை."
      (nb) "Denne enheten støtter ikke PIN-kode, mønster eller passord."
      (be) "Гэта прылада не падтрымлівае PIN-код, узор разблакіроўкі ці пароль."
      (de) "Dieses Gerät kann nicht mit einer PIN, einem Muster oder einem Passwort gesperrt bzw. entsperrt werden."
      (ne) "यस यन्त्रमा PIN, ढाँचा वा पासवर्ड प्रयोग गर्न मिल्दैन।"
      (te) "ఈ పరికరం పిన్, ఆకృతి లేదా పాస్‌వర్డ్‌‌ను సపోర్ట్ చేయదు."
      (af) "Hierdie toestel ondersteun nie PIN, patroon of wagwoord nie."
      (bg) "Устройството не поддържа ПИН код, фигура или парола."
      (th) "อุปกรณ์นี้ไม่รองรับ PIN, รูปแบบ หรือรหัสผ่าน"
      (fi) "Tämä laite ei tue PIN-koodia, kuviota eikä salasanaa."
      (hi) "इस डिवाइस को पिन, पैटर्न या पासवर्ड की मदद से लॉक/अनलॉक नहीं किया जा सकता."
      (si) "මෙම උපාංගය PIN, රටාව හෝ මුරපදය සඳහා සහාය නොදක්වයි."
      (vi) "Thiết bị này không hỗ trợ mã PIN, hình mở khóa hoặc mật khẩu."
      (kk) "Бұл құрылғы PIN кодын, өрнекті не құпия сөзді қолдамайды."
      (mk) "Уредов не поддржува PIN, шема или лозинка."
      (sk) "Toto zariadenie nepodporuje PIN, vzor ani heslo."
      (uk) "Пристрій не підтримує PIN-код, ключ або пароль."
      (el) "Αυτή η συσκευή δεν υποστηρίζει PIN, μοτίβο ή κωδικό πρόσβασης."
      (gl) "Este dispositivo non permite usar un PIN, padrón ou contrasinal."
      (ml) "പിൻ, പാറ്റേൺ, പാസ്‌വേഡ് എന്നിവ ഈ ഉപകരണം പിന്തുണയ്ക്കുന്നില്ല."
      (nl) "Dit apparaat ondersteunt geen pincode, patroon of wachtwoord."
      (pl) "To urządzenie nie obsługuje kodu PIN, wzoru ani hasła."
      (sl) "Ta naprava ne podpira kode PIN, vzorca ali gesla."
      (tl) "Hindi sinusuportahan ng device na ito ang PIN, pattern, o password."
      (am) "ይህ መሣሪያ ፒን፣ ስርዓተ-ጥለት ወይም የይለፍ ቃል አይደግፍም።"
      (km) "ឧបករណ៍នេះ​មិនអាចប្រើកូដ PIN លំនាំ ឬពាក្យ​សម្ងាត់បានទេ។"
      (bn) "এই ডিভাইসে পিন, প্যাটার্ন বা পাসওয়ার্ড ব্যবহার করা যাবে না।"
      (in) "Perangkat ini tidak mendukung PIN, pola, atau sandi."
      (kn) "ಈ ಸಾಧನವು ಪಿನ್, ಪ್ಯಾಟರ್ನ್ ಅಥವಾ ಪಾಸ್‌ವರ್ಡ್ ಅನ್ನು ಬೆಂಬಲಿಸುವುದಿಲ್ಲ."
      (mn) "Энэ төхөөрөмж ПИН, хээ эсвэл нууц үгийг дэмждэггүй."
      (ko) "PIN, 패턴, 비밀번호를 지원하지 않는 기기입니다."
      (lo) "ອຸປະກອນນີ້ບໍ່ຮອງຮັບ PIN, ຮູບແບບ ຫຼື ລະຫັດຜ່ານ."
      (ro) "Dispozitivul nu acceptă codul PIN, modelul sau parola."
      (sq) "Kjo pajisje nuk e mbështet kodin PIN, motivin ose fjalëkalimin."
      (ar) "هذا الجهاز لا يتيح استخدام رقم تعريف شخصي أو نقش أو كلمة مرور."
      (fr) "Cet appareil n'est pas compatible avec les codes, schémas ni mots de passe."
      (hr) "Ovaj uređaj ne podržava PIN, uzorak ili zaporku."
      (mr) "हे डिव्हाइस पिन, पॅटर्न किंवा पासवर्ड यांना सपोर्ट करत नाही."
      (or) "ଏହି ଡିଭାଇସ୍ PIN, ପାଟର୍ନ କିମ୍ବା ପାସୱାର୍ଡକୁ ସମର୍ଥନ କରେ ନାହିଁ।"
      (sr) "Овај уређај не подржава PIN, шаблон или лозинку."
      (b+sr+Latn) "Ovaj uređaj ne podržava PIN, šablon ili lozinku."
      (tr) "Bu cihaz PIN, desen veya şifre kullanımını desteklemiyor"
      (ur) "‏یہ آلہ PIN، پیٹرن یا پاس ورڈ کو سپورٹ نہیں کرتا ہے۔"
      (as) "এই ডিভাইচটোত পিন, আৰ্হি অথবা পাছৱৰ্ড ব্যৱহাৰ কৰিব নোৱাৰি।"
      (bs) "Ovaj uređaj ne podržava PIN, uzorak ili lozinku."
      (cs) "Toto zařízení nepodporuje kódy PIN, hesla ani gesta."
      (es) "Este dispositivo no admite PINs, patrones ni contraseñas."
      (is) "Þetta tæki styður ekki PIN-númer, mynstur eða aðgangsorð."
      (ms) "Peranti ini tidak menyokong PIN, corak atau kata laluan."
      (et) "See seade ei toeta PIN-koodi, mustrit ega parooli."
      (it) "Questo dispositivo non supporta il PIN, la sequenza o la password."
      (lt) "Šis įrenginys nepalaiko PIN kodo, šablono ar slaptažodžio."
      (pt) "Este dispositivo não é compatível com PIN, padrão ou senha."
      (eu) "Gailuak ez du onartzen PIN kode, eredu edo pasahitzik."
      (gu) "આ ડિવાઇસ પિન, પૅટર્ન અથવા પાસવર્ડને સપોર્ટ કરતું નથી."
      (hu) "Ez az eszköz nem támogatja PIN-kód, minta vagy jelszó használatát."
      (ru) "На этом устройстве не поддерживаются PIN-код, графический ключ и пароль."
      (zu) "Le divayisi ayisekeli Iphinikhodi, iphethini, noma iphasiwedi"
      (lv) "Šajā ierīcē netiek atbalstīta autentifikācija ar PIN, kombināciju vai paroli."
      (sv) "Enheten har inte stöd för pinkod, lösenord eller grafiskt lösenord."
      (iw) "המכשיר הזה לא תומך בקוד אימות, בקו ביטול נעילה או בסיסמה."
      (sw) "Kifaa hiki hakitumii PIN, mchoro au nenosiri."
      (hy) "Այս սարքը չի աջակցում PIN կոդ, նախշ կամ գաղտնաբառ։"
      (ky) "Бул түзмөктө PIN кодду, графикалык ачкычты же сырсөздү колдонууга болбойт."
      (my) "ဤစက်သည် ပင်နံပါတ်၊ ပုံစံ သို့မဟုတ် စကားဝှက်ကို မပံ့ပိုးပါ။"
      (az) "Bu cihaz PIN, model və ya parolu dəstəkləmir."
      (uz) "Bu qurilmada PIN kod, grafik kalit va parol ishlamaydi."
      (en-rCA) "This device does not support PIN, pattern or password."
      (fr-rCA) "Cet appareil ne prend pas en charge les NIP, les schémas ni les mots de passe."
      (en-rGB) "This device does not support PIN, pattern or password."
      (en-rXC) "‎‏‎‎‎‎‎‏‎‏‏‏‎‎‎‎‎‎‏‎‎‏‎‎‎‎‏‏‏‏‏‎‏‏‏‎‎‏‎‎‎‏‎‏‎‏‎‏‎‎‏‏‎‏‏‏‎‎‏‏‎‏‎‎‎‏‎‎‏‏‏‏‎‎‏‏‎‏‎‎‏‏‏‏‎‎‎‏‎‏‏‏‎‎‎This device does not support PIN, pattern, or password.‎‏‎‎‏‎"
      (zh-rHK) "這部裝置不支援 PIN、圖案或密碼。"
      (zh-rCN) "此设备不支持 PIN 码、解锁图案或密码。"
      (en-rIN) "This device does not support PIN, pattern or password."
      (pt-rBR) "Este dispositivo não é compatível com PIN, padrão ou senha."
      (es-rUS) "Este dispositivo no admite PIN, patrón ni contraseña."
      (pt-rPT) "Este dispositivo não suporta o PIN, o padrão ou a palavra-passe."
      (en-rAU) "This device does not support PIN, pattern or password."
      (zh-rTW) "這部裝置不支援 PIN 碼、解鎖圖案或密碼。"
    resource 0x7f0f012c string/generic_error_user_canceled
      () "Authentication canceled by user."
      (ca) "L'usuari ha cancel·lat l'autenticació."
      (da) "Godkendelsen er annulleret af brugeren."
      (fa) "کاربر اصالت‌سنجی را لغو کرد."
      (ja) "認証はユーザーによりキャンセルされました。"
      (ka) "ავტორიზაცია გააუქმა მომხმარებელმა."
      (pa) "ਵਰਤੋਂਕਾਰ ਵੱਲੋਂ ਪ੍ਰਮਾਣੀਕਰਨ ਨੂੰ ਰੱਦ ਕੀਤਾ ਗਿਆ।"
      (ta) "பயனரால் அங்கீகரிப்பு ரத்துசெய்யப்பட்டது."
      (nb) "Autentiseringen ble avbrutt av brukeren."
      (be) "Аўтэнтыфікацыя скасавана карыстальнікам."
      (de) "Authentifizierung vom Nutzer abgebrochen."
      (ne) "प्रयोगकर्ताले प्रमाणीकरण सेवा रद्द गर्नुभयो।"
      (te) "వినియోగదారు ద్వారా ప్రామాణీకరణ రద్దు చేయబడింది"
      (af) "Gebruiker het stawing gekanselleer."
      (bg) "Удостоверяването е анулирано от потребителя."
      (th) "ผู้ใช้ยกเลิกการตรวจสอบสิทธิ์"
      (fi) "Käyttäjä peruutti todennuksen."
      (hi) "उपयोगकर्ता ने पुष्टि करने की प्रक्रिया रद्द की."
      (si) "පරිශීලකයා විසින් සත්‍යාපනය අවලංගු කරන ලදි."
      (vi) "Người dùng đã hủy thao tác xác thực."
      (kk) "Пайдаланушы аутентификациядан бас тартты."
      (mk) "Проверката е откажана од корисникот."
      (sk) "Overenie zrušil používateľ."
      (uk) "Автентифікацію скасовано користувачем."
      (el) "Ο έλεγχος ταυτότητας ακυρώθηκε από τον χρήστη."
      (gl) "O usuario cancelou a autenticación."
      (ml) "പരിശോധിച്ചുറപ്പിക്കൽ ഉപയോക്താവ് റദ്ദാക്കി."
      (nl) "Verificatie geannuleerd door gebruiker."
      (pl) "Użytkownik anulował uwierzytelnianie."
      (sl) "Preverjanje pristnosti je preklical uporabnik."
      (tl) "Kinansela ng user ang pag-authenticate."
      (am) "ማረጋገጫ በተጠቃሚ ተሰርዟል።"
      (km) "អ្នកប្រើប្រាស់​បានបោះបង់​ការផ្ទៀងផ្ទាត់ហើយ។"
      (bn) "যাচাইকরণ প্রক্রিয়াটি ব্যবহারকারী বাতিল করেছেন।"
      (in) "Autentikasi dibatalkan oleh pengguna."
      (kn) "ಬಳಕೆದಾರರು ದೃಢೀಕರಣವನ್ನು ರದ್ದುಗೊಳಿಸಿದ್ದಾರೆ."
      (mn) "Хэрэглэгч нотолгоог цуцалсан."
      (ko) "사용자가 인증을 취소했습니다."
      (lo) "ຜູ້ໃຊ້ຍົກເລີກການພິສູດຢືນຢັນແລ້ວ."
      (ro) "Autentificarea a fost anulată de utilizator."
      (sq) "Vërtetimi u anulua nga përdoruesi."
      (ar) "ألغى المستخدم المصادقة."
      (fr) "Authentification annulée par l'utilisateur."
      (hr) "Korisnik je otkazao autentifikaciju."
      (mr) "वापरकर्त्याने ऑथेंटिकेशन रद्द केले आहे."
      (or) "ଉପଯୋଗକର୍ତ୍ତାଙ୍କ ଦ୍ୱାରା ପ୍ରାମାଣିକତା ବାତିଲ୍ କରାଯାଇଛି।"
      (sr) "Корисник је отказао потврду идентитета."
      (b+sr+Latn) "Korisnik je otkazao potvrdu identiteta."
      (tr) "Kimlik doğrulama kullanıcı tarafından iptal edildi."
      (ur) "صارف نے تصدیق کو منسوخ کر دیا۔"
      (as) "বিশ্বাসযোগ্যতা প্ৰমাণীকৰণ ব্যৱহাৰকাৰীয়ে বাতিল কৰিছে।"
      (bs) "Korisnik je otkazao autentifikaciju."
      (cs) "Ověření bylo zrušeno uživatelem."
      (es) "El usuario ha cancelado la autenticación."
      (is) "Notandi hætti við auðkenningu."
      (ms) "Pengesahan dibatalkan oleh pengguna."
      (et) "Kasutaja tühistas autentimise."
      (it) "Autenticazione annullata dall'utente."
      (lt) "Autentifikavimą atšaukė naudotojas."
      (pt) "Autenticação cancelada pelo usuário."
      (eu) "Erabiltzaileak bertan behera utzi du autentifikazioa"
      (gu) "વપરાશકર્તાએ પ્રમાણીકરણ રદ કર્યું."
      (hu) "A hitelesítést megszakította a felhasználó."
      (ru) "Аутентификация отменена пользователем."
      (zu) "Ukugunyaza kukhanselwe umsebenzisi."
      (lv) "Lietotājs atcēla autentificēšanu."
      (sv) "Användaren har avbrutit autentiseringen."
      (iw) "האימות בוטל על ידי המשתמש."
      (sw) "Uthibitishaji umeghairiwa na mtumiaji."
      (hy) "Օգտատերը չեղարկել է նույնականացումը։"
      (ky) "Аутентификацияны колдонуучу жокко чыгарды."
      (my) "အသုံးပြုသူက အထောက်အထားစိစစ်ခြင်းကို ပယ်ဖျက်ထားသည်။"
      (az) "İstifadəçi doğrulamanı ləğv edib."
      (uz) "Autentifikatsiya foydalanuvchi tomonidan bekor qilindi"
      (en-rCA) "Authentication cancelled by user."
      (fr-rCA) "L'authentification a été annulée par l'utilisateur."
      (en-rGB) "Authentication cancelled by user."
      (en-rXC) "‎‏‎‎‎‎‎‏‎‏‏‏‎‎‎‎‎‎‏‎‎‏‎‎‎‎‏‏‏‏‏‏‏‏‏‎‎‏‎‏‎‏‏‏‎‎‎‏‏‏‏‎‏‎‏‎‎‏‏‎‎‏‎‎‏‎‎‎‎‎‎‏‎‎‏‎‎‎‎‏‏‏‏‏‏‏‏‎‏‎‎‏‏‏‎‏‎Authentication canceled by user.‎‏‎‎‏‎"
      (zh-rHK) "使用者已取消驗證。"
      (zh-rCN) "用户已取消身份验证。"
      (en-rIN) "Authentication cancelled by user."
      (pt-rBR) "Autenticação cancelada pelo usuário."
      (es-rUS) "El usuario canceló la autenticación."
      (pt-rPT) "Autenticação cancelada pelo utilizador."
      (en-rAU) "Authentication cancelled by user."
      (zh-rTW) "使用者已取消驗證作業。"
    resource 0x7f0f012d string/high_privacy
      () "This mode can show an alarm icon and the next alarm in system UI. It still needs exact alarm access."
      (zh) "此模式可能会在系统界面显示闹钟图标和下一次闹钟时间，并且仍需要精确闹钟权限。"
      (b+zh+Hant) "此模式可能會在系統介面顯示鬧鐘圖示和下一次鬧鐘時間，並且仍需要精確鬧鐘權限。"
      (fr) "Ce mode peut afficher une icône d'alarme et la prochaine alarme dans l'interface du système. Il nécessite toujours l'accès aux alarmes exactes."
    resource 0x7f0f012e string/high_reliability
      () "High reliability mode"
      (zh) "高可靠提醒模式"
      (b+zh+Hant) "高可靠提醒模式"
      (fr) "Mode haute fiabilité"
    resource 0x7f0f012f string/history
      () "History"
      (zh) "历史"
      (b+zh+Hant) "歷史"
      (fr) "Historique"
    resource 0x7f0f0130 string/history_add
      () "Log intake"
      (zh) "补记一次"
      (b+zh+Hant) "補記一次"
      (fr) "Ajouter une prise"
    resource 0x7f0f0131 string/history_backfill
      () "Record as taken"
      (zh) "补记服药"
      (b+zh+Hant) "補記服藥"
      (fr) "Saisir la prise"
    resource 0x7f0f0132 string/history_context_confirm
      () "Confirm for these records"
      (zh) "确认用于这些历史记录"
      (b+zh+Hant) "確認用於這些歷史記錄"
      (fr) "Confirmer pour ces prises"
    resource 0x7f0f0133 string/history_context_conflict
      () "This conflicts with saved historical fields. Narrow the dates or correct the chosen formulation. Known fields will not be overwritten."
      (zh) "与已保存的历史字段冲突。请缩小日期范围或修改所选配置；不会覆盖已知字段。"
      (b+zh+Hant) "與已儲存的歷史欄位衝突。請縮小日期範圍或修改所選配置；不會覆蓋已知欄位。"
      (fr) "Conflit avec les données historiques enregistrées. Réduisez la plage de dates ou corrigez la formulation choisie. Les champs connus ne seront pas écrasés."
    resource 0x7f0f0134 string/history_context_repair
      () "Confirm historical context"
      (zh) "确认历史配置"
      (b+zh+Hant) "確認歷史配置"
      (fr) "Confirmer le contexte historique"
    resource 0x7f0f0135 string/history_context_repair_count
      () "%1$d records with missing context in this date range"
      (zh) "此日期范围内有 %1$d 条缺失配置的记录"
      (b+zh+Hant) "此日期範圍內有 %1$d 條缺失配置的記錄"
      (fr) "%1$d prises sans contexte dans cette plage de dates"
    resource 0x7f0f0136 string/history_context_repair_note
      () "Older imports did not save a formulation on each intake. These editable values are prefilled from the medication today. Confirm only the dates for which this was your actual formulation. Intake times, doses and stock remain unchanged. You can also re-import the original HRT Tracker export to recover matching missing context."
      (zh) "旧导入没有为每条服药保存制剂配置。下面可编辑的值仅从当前药物预填，请只确认当时确实使用此配置的日期。服药时间、剂量和库存不会改变。也可重新导入原 HRT Tracker 文件，恢复匹配记录的缺失配置。"
      (b+zh+Hant) "舊匯入沒有為每條服藥儲存製劑配置。下面可編輯的值僅從目前藥物預填，請只確認當時確實使用此配置的日期。服藥時間、劑量和庫存不會改變。也可重新匯入原 HRT Tracker 檔案，恢復匹配記錄的缺失配置。"
      (fr) "Les anciens imports ne conservaient pas la formulation pour chaque prise. Les valeurs modifiables sont préremplies depuis le médicament actuel. Confirmez uniquement les dates où cette formulation était réellement utilisée. Les heures, doses et stocks restent identiques. Vous pouvez aussi réimporter le fichier HRT Tracker original pour récupérer le contexte manquant des prises correspondantes."
    resource 0x7f0f0137 string/history_context_unknown
      () "Historical medication context unavailable"
      (zh) "缺少历史用药上下文"
      (b+zh+Hant) "缺少歷史用藥上下文"
      (fr) "Contexte historique du médicament indisponible"
    resource 0x7f0f0138 string/history_delete_confirm
      () "Delete this intake? The amount goes back to stock. If it was a planned intake, it becomes due again."
      (zh) "删除这条服药记录？用量会退回库存；如果是计划内的服药，它会重新变为待服。"
      (b+zh+Hant) "刪除這條服藥記錄？用量會退回庫存；如果是計畫內的服藥，它會重新變為待服。"
      (fr) "Supprimer cette prise ? La quantité est remise en stock. S'il s'agissait d'une prise prévue, elle redevient à faire."
    resource 0x7f0f0139 string/history_dose
      () "Dose: %1$s"
      (zh) "剂量：%1$s"
      (b+zh+Hant) "劑量：%1$s"
      (fr) "Dose : %1$s"
    resource 0x7f0f013a string/history_dose_differs
      () "Dose differs from this period"
      (zh) "剂量与当期不同"
      (b+zh+Hant) "劑量與當期不同"
      (fr) "Dose différente de la période"
    resource 0x7f0f013b string/history_e2_eq
      () "(%1$s mg E2)"
      (zh) "（%1$s mg E2）"
      (b+zh+Hant) "（%1$s mg E2）"
      (fr) "(%1$s mg E2)"
    resource 0x7f0f013c string/history_empty_body
      () "Intakes you record will appear here."
      (zh) "记录的服药会显示在这里。"
      (b+zh+Hant) "記錄的服藥會顯示在這裡。"
      (fr) "Les prises enregistrées apparaîtront ici."
    resource 0x7f0f013d string/history_empty_title
      () "No intakes in this period"
      (zh) "这段时间没有服药记录"
      (b+zh+Hant) "這段時間沒有服藥記錄"
      (fr) "Aucune prise sur cette période"
    resource 0x7f0f013e string/history_extra_inferred
      () "Extra (inferred)"
      (zh) "额外（推断）"
      (b+zh+Hant) "額外（推斷）"
      (fr) "En plus (déduit)"
    resource 0x7f0f013f string/history_extra_user
      () "Extra"
      (zh) "额外"
      (b+zh+Hant) "額外"
      (fr) "En plus"
    resource 0x7f0f0141 string/history_mark_extra
      () "Mark as extra dose"
      (zh) "标为额外服药"
      (b+zh+Hant) "標為額外服藥"
      (fr) "Marquer comme prise en plus"
    resource 0x7f0f0143 string/history_pending_period
      () "Period to confirm"
      (zh) "待确认时期"
      (b+zh+Hant) "待確認時期"
      (fr) "Période à confirmer"
    resource 0x7f0f0146 string/history_planned_dose_label
      () "Planned: %1$s"
      (zh) "计划剂量：%1$s"
      (b+zh+Hant) "計畫劑量：%1$s"
      (fr) "Prévu : %1$s"
    resource 0x7f0f0147 string/history_regimen_unknown
      () "Regimen unknown"
      (zh) "方案未知"
      (b+zh+Hant) "方案未知"
      (fr) "Traitement inconnu"
    resource 0x7f0f0149 string/history_title
      () "Intake log"
      (zh) "用药记录"
      (b+zh+Hant) "用藥記錄"
      (fr) "Journal des prises"
    resource 0x7f0f014a string/history_unallocated
      () "%1$s not deducted from stock"
      (zh) "有 %1$s 未从库存扣减"
      (b+zh+Hant) "有 %1$s 未從庫存扣減"
      (fr) "%1$s non déduit du stock"
    resource 0x7f0f014b string/history_unmark_extra
      () "Remove extra-dose mark"
      (zh) "取消额外服药标记"
      (b+zh+Hant) "取消額外服藥標記"
      (fr) "Retirer la marque « en plus »"
    resource 0x7f0f014e string/hours_anchor_hint
      () "Counted in real elapsed hours from when you save."
      (zh) "从保存时刻起，按实际经过的小时数计算。"
      (b+zh+Hant) "從儲存時刻起，按實際經過的小時數計算。"
      (fr) "Compté en heures réellement écoulées à partir de l'enregistrement."
    resource 0x7f0f014f string/ht_choose_duplicates
      () "Choose how to handle the duplicates above to continue."
      (zh) "请先在上面选择重复记录怎么处理，才能导入。"
      (b+zh+Hant) "請先在上面選擇重複記錄怎麼處理，才能匯入。"
      (fr) "Choisissez d’abord comment traiter les doublons ci-dessus."
    resource 0x7f0f0150 string/ht_default_name
      () "%1$s (%2$s)"
      (zh) "%1$s（%2$s）"
      (b+zh+Hant) "%1$s（%2$s）"
      (fr) "%1$s (%2$s)"
    resource 0x7f0f0151 string/ht_done
      () "Imported %1$d intakes into %2$d new medications (%3$d were already there) and %4$d lab results."
      (zh) "已导入 %1$d 条服药记录，新建 %2$d 种药物（%3$d 条之前已导入），%4$d 条化验结果。"
      (b+zh+Hant) "已匯入 %1$d 條服藥記錄，新建 %2$d 種藥物（%3$d 條之前已匯入），%4$d 條檢驗結果。"
      (fr) "%1$d prises importées, %2$d nouveaux médicaments (%3$d déjà présentes) et %4$d analyses."
    resource 0x7f0f0152 string/ht_dup_keep
      () "Keep all (I really took them together)"
      (zh) "全部保留（确实同时服用了）"
      (b+zh+Hant) "全部保留（確實同時服用了）"
      (fr) "Tout garder (prises réellement ensemble)"
    resource 0x7f0f0153 string/ht_dup_merge
      () "Keep one of each (they were entered twice)"
      (zh) "每组只保留一条（是重复录入）"
      (b+zh+Hant) "每組只保留一條（是重複錄入）"
      (fr) "En garder une seule (saisie en double)"
    resource 0x7f0f0154 string/ht_duplicates
      () "%1$d entries are exact duplicates (same time, route and dose). How should they be imported?"
      (zh) "有 %1$d 条记录完全重复（时间、途径、剂量都相同）。要怎么导入？"
      (b+zh+Hant) "有 %1$d 條記錄完全重複（時間、途徑、劑量都相同）。要怎麼匯入？"
      (fr) "%1$d entrées sont des doublons exacts (même heure, voie et dose). Comment les importer ?"
    resource 0x7f0f0155 string/ht_group_count
      () "%1$d intakes"
      (zh) "%1$d 条"
      (b+zh+Hant) "%1$d 條"
      (fr) "%1$d prises"
    resource 0x7f0f0156 string/ht_import_into
      () "Import into"
      (zh) "导入到"
      (b+zh+Hant) "匯入到"
      (fr) "Importer dans"
    resource 0x7f0f0157 string/ht_invalid
      () "This file is not an HRT tracker export this app can read."
      (zh) "这个文件不是可识别的 HRT tracker 导出文件。"
      (b+zh+Hant) "這個檔案不是可識別的 HRT tracker 匯出檔案。"
      (fr) "Ce fichier n’est pas un export HRT tracker lisible par l’app."
    resource 0x7f0f0158 string/ht_new_medication
      () "New medication"
      (zh) "新建药物"
      (b+zh+Hant) "新建藥物"
      (fr) "Nouveau médicament"
    resource 0x7f0f0159 string/ht_note
      () "Intakes are added as history (stock is not changed). New medications need a schedule before reminders start. Importing the same file again skips what is already there."
      (zh) "服药记录作为历史导入（不扣库存）。新建的药物需要补全计划后才会提醒。再次导入同一文件会跳过已导入的记录。"
      (b+zh+Hant) "服藥記錄作為歷史匯入（不扣庫存）。新建的藥物需要補全計畫後才會提醒。再次匯入同一檔案會跳過已匯入的記錄。"
      (fr) "Les prises sont ajoutées à l’historique (le stock n’est pas modifié). Les nouveaux médicaments ont besoin d’un planning avant les rappels. Réimporter le même fichier ignore ce qui existe déjà."
    resource 0x7f0f015a string/ht_patch_rate
      () "%1$s µg/day"
      (zh) "%1$s µg/天"
      (b+zh+Hant) "%1$s µg/天"
      (fr) "%1$s µg/jour"
    resource 0x7f0f015b string/ht_profile_differs
      () "This medication’s concentration settings differ from the export; the estimate will use the medication’s settings."
      (zh) "这种药物的浓度估算参数和导出文件不同，估算时以这种药物的参数为准。"
      (b+zh+Hant) "這種藥物的濃度估算參數和匯出檔案不同，估算時以這種藥物的參數為準。"
      (fr) "Les paramètres d’estimation de ce médicament diffèrent de l’export ; l’estimation utilisera ceux du médicament."
    resource 0x7f0f015c string/ht_skip_gel_custom
      () "Custom gel products"
      (zh) "自定义凝胶产品"
      (b+zh+Hant) "自定義凝膠產品"
      (fr) "Gels personnalisés"
    resource 0x7f0f015d string/ht_skip_gel_wash
      () "Gel entries with washing or other products applied"
      (zh) "涂抹后清洗或叠涂其他产品的凝胶记录"
      (b+zh+Hant) "塗抹後清洗或疊塗其他產品的凝膠記錄"
      (fr) "Gels lavés ou combinés à d’autres produits"
    resource 0x7f0f015e string/ht_skip_patch_rate
      () "Patches without a release rate"
      (zh) "没有释放速率的贴片"
      (b+zh+Hant) "沒有釋放速率的貼片"
      (fr) "Patchs sans débit de libération"
    resource 0x7f0f015f string/ht_skip_patch_remove
      () "Patch removals"
      (zh) "贴片移除记录"
      (b+zh+Hant) "貼片移除記錄"
      (fr) "Retraits de patch"
    resource 0x7f0f0160 string/ht_skip_sublingual_custom
      () "Sublingual entries with a custom absorption value"
      (zh) "自定义吸收参数的舌下记录"
      (b+zh+Hant) "自定義吸收參數的舌下記錄"
      (fr) "Prises sublinguales avec absorption personnalisée"
    resource 0x7f0f0161 string/ht_skip_unknown
      () "Unknown routes or compounds"
      (zh) "未知的途径或药物"
      (b+zh+Hant) "未知的途徑或藥物"
      (fr) "Voies ou molécules inconnues"
    resource 0x7f0f0162 string/ht_skipped_title
      () "Not imported"
      (zh) "不会导入"
      (b+zh+Hant) "不會匯入"
      (fr) "Non importé"
    resource 0x7f0f0163 string/ht_summary
      () "%1$d intakes (%2$s), %3$d lab results."
      (zh) "共 %1$d 条服药记录（%2$s），%3$d 条化验结果。"
      (b+zh+Hant) "共 %1$d 條服藥記錄（%2$s），%3$d 條檢驗結果。"
      (fr) "%1$d prises (%2$s), %3$d résultats d’analyse."
    resource 0x7f0f0164 string/ht_weight
      () "Use %1$s kg as current weight for the estimate"
      (zh) "把 %1$s kg 设为浓度估算用的当前体重"
      (b+zh+Hant) "把 %1$s kg 設為濃度估算用的目前體重"
      (fr) "Utiliser %1$s kg comme poids actuel pour l’estimation"
    resource 0x7f0f0165 string/import_action
      () "Import"
      (zh) "导入"
      (b+zh+Hant) "匯入"
      (fr) "Importer"
    resource 0x7f0f0166 string/import_done
      () "Import finished"
      (zh) "导入完成"
      (b+zh+Hant) "匯入完成"
      (fr) "Import terminé"
    resource 0x7f0f0167 string/import_done_body
      () "New medications: %1$d (matched existing: %2$d) Intakes: %3$d (already present: %4$d) Containers: %5$d · Ratings: %6$d · Notes: %7$d · Appointments: %8$d Imported medications are paused. Open each one under Medications to confirm its schedule and reminders."
      (zh) "新增药物：%1$d（与现有匹配：%2$d） 服药记录：%3$d（已存在：%4$d） 容器：%5$d · 评分：%6$d · 备注：%7$d · 预约：%8$d 导入的药物已暂停提醒。请在"药物"页逐个打开，确认给药周期和提醒。"
      (b+zh+Hant) "新增藥物：%1$d（與現有匹配：%2$d） 服藥記錄：%3$d（已存在：%4$d） 容器：%5$d · 評分：%6$d · 備註：%7$d · 預約：%8$d 匯入的藥物已暫停提醒。請在"藥物"頁逐個開啟，確認給藥週期和提醒。"
      (fr) "Nouveaux médicaments : %1$d (existants reconnus : %2$d) Prises : %3$d (déjà présentes : %4$d) Conditionnements : %5$d · Notes : %6$d · Notes du jour : %7$d · Rendez-vous : %8$d Les médicaments importés sont en pause. Ouvrez-les dans Médicaments pour confirmer fréquence et rappels."
    resource 0x7f0f0168 string/import_ht
      () "Import from HRT tracker"
      (zh) "从 HRT tracker 导入"
      (b+zh+Hant) "從 HRT tracker 匯入"
      (fr) "Importer depuis HRT tracker"
    resource 0x7f0f0169 string/import_ht_desc
      () "Intakes, lab results and weight from a JSON export"
      (zh) "导入 JSON 备份中的服药记录、化验结果和体重"
      (b+zh+Hant) "匯入 JSON 備份中的服藥記錄、檢驗結果和體重"
      (fr) "Prises, analyses et poids depuis un export JSON"
    resource 0x7f0f016a string/import_invalid
      () "This file is not a Trans Memo export in the expected format (version 8). Nothing was imported."
      (zh) "这不是预期格式（版本 8）的 Trans Memo 导出文件，没有导入任何内容。"
      (b+zh+Hant) "這不是預期格式（版本 8）的 Trans Memo 匯出檔案，沒有匯入任何內容。"
      (fr) "Ce fichier n'est pas un export Trans Memo au format attendu (version 8). Rien n'a été importé."
    resource 0x7f0f016b string/import_late_body
      () "Trans Memo does not store whether a taken intake was late, and the unit of its setting is unknown. Enter, for each medication, after how many minutes an intake counts as late."
      (zh) "Trans Memo 没有记录"已服"是否迟服，它的设置单位也不明确。请为每种药物填写超过多少分钟算迟服。"
      (b+zh+Hant) "Trans Memo 沒有記錄"已服"是否遲服，它的設定單位也不明確。請為每種藥物填寫超過多少分鐘算遲服。"
      (fr) "Trans Memo n'enregistre pas si une prise était en retard, et l'unité de son réglage est inconnue. Indiquez pour chaque médicament après combien de minutes une prise est en retard."
    resource 0x7f0f016c string/import_late_missed
      () "Import them as missed"
      (zh) "导入为漏服"
      (b+zh+Hant) "匯入為漏服"
      (fr) "Les importer comme oubliées"
    resource 0x7f0f016d string/import_late_raw
      () "Trans Memo value: %1$s (unit unknown)"
      (zh) "Trans Memo 中的值：%1$s（单位未知）"
      (b+zh+Hant) "Trans Memo 中的值：%1$s（單位未知）"
      (fr) "Valeur Trans Memo : %1$s (unité inconnue)"
    resource 0x7f0f016e string/import_late_skip
      () "Skip them"
      (zh) "跳过"
      (b+zh+Hant) "跳過"
      (fr) "Les ignorer"
    resource 0x7f0f016f string/import_late_state_body
      () "%1$d intakes are marked LATE in Trans Memo without a time taken: they were due but never confirmed. Their times cannot be recovered."
      (zh) "Trans Memo 中有 %1$d 条标记为 LATE 但没有服药时间：它们到时后一直没有被确认，服药时间无法恢复。"
      (b+zh+Hant) "Trans Memo 中有 %1$d 條標記為 LATE 但沒有服藥時間：它們到時後一直沒有被確認，服藥時間無法恢復。"
      (fr) "%1$d prises sont marquées LATE sans heure : elles étaient dues mais jamais confirmées. Leur heure ne peut pas être retrouvée."
    resource 0x7f0f0170 string/import_late_state_title
      () "Intakes never confirmed"
      (zh) "一直未确认的服药"
      (b+zh+Hant) "一直未確認的服藥"
      (fr) "Prises jamais confirmées"
    resource 0x7f0f0171 string/import_late_title
      () "When is an intake "late"?"
      (zh) "多晚算"迟服"？"
      (b+zh+Hant) "多晚算"遲服"？"
      (fr) "À partir de quand une prise est-elle « en retard » ?"
    resource 0x7f0f0172 string/import_link
      () "Link to planned intake"
      (zh) "关联服药计划"
      (b+zh+Hant) "關聯服藥計畫"
      (fr) "Associer à une prise prévue"
    resource 0x7f0f0175 string/import_merge
      () "Merge with existing data (duplicates are skipped)"
      (zh) "与现有数据合并（重复的会跳过）"
      (b+zh+Hant) "與現有資料合併（重複的會跳過）"
      (fr) "Fusionner avec les données existantes (doublons ignorés)"
    resource 0x7f0f0176 string/import_mode
      () "How to import"
      (zh) "导入方式"
      (b+zh+Hant) "匯入方式"
      (fr) "Mode d'import"
    resource 0x7f0f0177 string/import_need_choices
      () "Answer every question above to continue."
      (zh) "请先回答上面的每个问题。"
      (b+zh+Hant) "請先回答上面的每個問題。"
      (fr) "Répondez à chaque question ci-dessus pour continuer."
    resource 0x7f0f0178 string/import_note_containers
      () "%1$d containers have an unknown state and will be skipped"
      (zh) "有 %1$d 个容器状态未知，将跳过"
      (b+zh+Hant) "有 %1$d 個容器狀態未知，將跳過"
      (fr) "%1$d conditionnements à l'état inconnu seront ignorés"
    resource 0x7f0f0179 string/import_note_empty_notes
      () "%1$d empty notes will be skipped"
      (zh) "%1$d 条空备注将跳过"
      (b+zh+Hant) "%1$d 條空備註將跳過"
      (fr) "%1$d notes vides seront ignorées"
    resource 0x7f0f017a string/import_note_inferred
      () "Mapped by name only, please check: %1$s"
      (zh) "仅按名称推断，请核对：%1$s"
      (b+zh+Hant) "僅按名稱推斷，請核對：%1$s"
      (fr) "Correspondance déduite du nom, à vérifier : %1$s"
    resource 0x7f0f017b string/import_note_paused
      () "Imported medications stay paused (no reminders) until you confirm each one."
      (zh) "导入的药物会先暂停提醒，直到你逐个确认。"
      (b+zh+Hant) "匯入的藥物會先暫停提醒，直到你逐個確認。"
      (fr) "Les médicaments importés restent en pause (sans rappel) jusqu'à ce que vous les confirmiez."
    resource 0x7f0f017c string/import_note_taken_no_time
      () "%1$d intakes marked taken have no time and will be skipped"
      (zh) "有 %1$d 条标记为已服但没有服药时间，将跳过"
      (b+zh+Hant) "有 %1$d 條標記為已服但沒有服藥時間，將跳過"
      (fr) "%1$d prises sans heure seront ignorées"
    resource 0x7f0f017d string/import_note_unknown_codes
      () "Unknown codes kept as "Other" for you to fix: %1$s"
      (zh) "未知代码将记为"其他"，待你修正：%1$s"
      (b+zh+Hant) "未知程式碼將記為"其他"，待你修正：%1$s"
      (fr) "Codes inconnus importés en « Autre » à corriger : %1$s"
    resource 0x7f0f017e string/import_note_unknown_states
      () "%1$d intakes have an unknown state and will be skipped"
      (zh) "有 %1$d 条状态未知，将跳过"
      (b+zh+Hant) "有 %1$d 條狀態未知，將跳過"
      (fr) "%1$d prises à l'état inconnu seront ignorées"
    resource 0x7f0f017f string/import_overwrite
      () "Replace all existing data"
      (zh) "替换现有的全部数据"
      (b+zh+Hant) "替換現有的全部資料"
      (fr) "Remplacer toutes les données existantes"
    resource 0x7f0f0180 string/import_overwrite_warning
      () "Everything currently in the app will be deleted first."
      (zh) "应用里现有的全部数据会先被删除。"
      (b+zh+Hant) "App 裡現有的全部資料會先被刪除。"
      (fr) "Tout le contenu actuel sera d'abord supprimé."
    resource 0x7f0f0181 string/import_preview
      () "What the file contains"
      (zh) "文件内容预览"
      (b+zh+Hant) "檔案內容預覽"
      (fr) "Contenu du fichier"
    resource 0x7f0f0182 string/import_preview_body
      () "%1$d medications · %2$d intakes taken · %3$d missed · %4$d future plans (ignored) · %5$d containers · %6$d well-being ratings · %7$d notes · %8$d appointments"
      (zh) "%1$d 种药物 · %2$d 次已服 · %3$d 次漏服 · %4$d 条未来计划（忽略）· %5$d 个容器 · %6$d 条身心评分 · %7$d 条备注 · %8$d 个预约"
      (b+zh+Hant) "%1$d 種藥物 · %2$d 次已服 · %3$d 次漏服 · %4$d 條未來計畫（忽略）· %5$d 個容器 · %6$d 條身心評分 · %7$d 條備註 · %8$d 個預約"
      (fr) "%1$d médicaments · %2$d prises · %3$d oubliées · %4$d prévisions (ignorées) · %5$d conditionnements · %6$d notes de bien-être · %7$d notes · %8$d rendez-vous"
    resource 0x7f0f0183 string/import_range
      () "From %1$s to %2$s"
      (zh) "时间范围：%1$s 至 %2$s"
      (b+zh+Hant) "時間範圍：%1$s 至 %2$s"
      (fr) "Du %1$s au %2$s"
    resource 0x7f0f0184 string/import_scale_0_4
      () "Starts at 0 (add 1)"
      (zh) "从 0 开始（加 1）"
      (b+zh+Hant) "從 0 開始（加 1）"
      (fr) "Commence à 0 (ajouter 1)"
    resource 0x7f0f0185 string/import_scale_1_5
      () "1 to 5 stars (values outside are skipped)"
      (zh) "1–5 星（超出范围的跳过）"
      (b+zh+Hant) "1–5 星（超出範圍的跳過）"
      (fr) "1 à 5 étoiles (valeurs hors plage ignorées)"
    resource 0x7f0f0186 string/import_scale_body
      () "Values found in the file: %1$s. Which scale did Trans Memo use?"
      (zh) "文件中出现的数值：%1$s。Trans Memo 用的是哪种量程？"
      (b+zh+Hant) "檔案中出現的數值：%1$s。Trans Memo 用的是哪種量程？"
      (fr) "Valeurs trouvées : %1$s. Quelle échelle Trans Memo utilisait-il ?"
    resource 0x7f0f0187 string/import_scale_skip
      () "Do not import ratings"
      (zh) "不导入评分"
      (b+zh+Hant) "不匯入評分"
      (fr) "Ne pas importer les notes"
    resource 0x7f0f0188 string/import_scale_title
      () "Well-being rating scale"
      (zh) "身心评分的量程"
      (b+zh+Hant) "身心評分的量程"
      (fr) "Échelle des notes de bien-être"
    resource 0x7f0f0189 string/import_tm
      () "Import from Trans Memo"
      (zh) "从 Trans Memo 导入"
      (b+zh+Hant) "從 Trans Memo 匯入"
      (fr) "Importer depuis Trans Memo"
    resource 0x7f0f018a string/import_tm_desc
      () "Read a database file you exported from Trans Memo"
      (zh) "读取你从 Trans Memo 导出的数据库文件"
      (b+zh+Hant) "讀取你從 Trans Memo 匯出的資料庫檔案"
      (fr) "Lire un fichier de base exporté depuis Trans Memo"
    resource 0x7f0f018b string/in_days
      () "in %1$d days"
      (zh) "%1$d 天后"
      (b+zh+Hant) "%1$d 天后"
      (fr) "dans %1$d jours"
    resource 0x7f0f018c string/in_progress
      () "In progress"
      (ca) "En curs"
      (da) "I gang"
      (fa) "درحال انجام"
      (ja) "処理しています"
      (ka) "მუშავდება"
      (pa) "ਜਾਰੀ ਹੈ"
      (ta) "செயலிலுள்ளது"
      (nb) "Pågår"
      (be) "У працэсе"
      (de) "In Bearbeitung"
      (ne) "काम हुँदै छ"
      (te) "ప్రోగ్రెస్‌లో ఉంది"
      (af) "Besig"
      (bg) "В ход"
      (th) "กำลังดำเนินการ"
      (fi) "Kesken"
      (hi) "जारी है"
      (si) "ප්‍රගතියේ පවතී"
      (vi) "Đang thực hiện"
      (kk) "Орындалуда"
      (mk) "Во тек"
      (sk) "Prebieha"
      (uk) "Виконується"
      (el) "Σε εξέλιξη"
      (gl) "En curso"
      (ml) "പുരോഗമിക്കുന്നു"
      (nl) "Bezig"
      (pl) "W toku"
      (sl) "Poteka"
      (tl) "Isinasagawa"
      (am) "በሂደት ላይ"
      (km) "កំពុងដំណើរការ"
      (bn) "কাজ চলছে"
      (in) "Dalam proses"
      (kn) "ಪ್ರಗತಿಯಲ್ಲಿದೆ"
      (mn) "Үргэлжилж байна"
      (ko) "진행 중"
      (lo) "ກຳ​ລັງ​ດຳ​ເນີນ​ການ"
      (ro) "În curs"
      (sq) "Në vazhdim"
      (ar) "قيد التقدم"
      (fr) "En cours"
      (hr) "U tijeku"
      (mr) "प्रगतीपथावर आहे"
      (or) "ଚାଲିଛି"
      (sr) "У току"
      (b+sr+Latn) "U toku"
      (tr) "Devam ediyor"
      (ur) "پیشرفت میں"
      (as) "প্ৰক্ৰিয়াকৰণ কৰি থকা হৈছে"
      (bs) "U toku"
      (cs) "Probíhá"
      (es) "En curso"
      (is) "Í vinnslu"
      (ms) "Dalam proses"
      (et) "Pooleli"
      (it) "In corso"
      (lt) "Vyksta"
      (pt) "Em andamento"
      (eu) "Abian"
      (gu) "પ્રક્રિયામાં છે"
      (hu) "Folyamatban"
      (ru) "Выполняется"
      (zu) "Kuyaqhubeka"
      (lv) "Notiek apstrāde"
      (sv) "Pågår"
      (iw) "בתהליך"
      (sw) "Inaendelea"
      (hy) "Ընթացքում է"
      (ky) "Аткарылууда"
      (my) "ဆောင်ရွက်နေဆဲ"
      (az) "Davam edir"
      (uz) "Bajarilmoqda"
      (en-rCA) "In progress"
      (fr-rCA) "En cours…"
      (en-rGB) "In progress"
      (en-rXC) "‎‏‎‎‎‎‎‏‎‏‏‏‎‎‎‎‎‎‏‎‎‏‎‎‎‎‏‏‏‏‏‏‏‏‎‏‏‏‏‎‏‏‎‎‎‎‎‏‎‏‎‎‏‏‏‏‏‏‏‏‎‎‏‎‎‏‏‎‏‏‏‏‏‏‎‏‎‏‎‎‎‏‏‎‏‏‏‎‏‏‏‏‏‎‏‏‎In progress‎‏‎‎‏‎"
      (zh-rHK) "進行中"
      (zh-rCN) "进行中"
      (en-rIN) "In progress"
      (pt-rBR) "Em andamento"
      (es-rUS) "En curso"
      (pt-rPT) "Em curso"
      (en-rAU) "In progress"
      (zh-rTW) "處理中"
    resource 0x7f0f018d string/indeterminate
      () "Partially checked"
      (ca) "Marcat parcialment"
      (da) "Delvist markeret"
      (fa) "ناقص علامت زده‌شده"
      (ja) "一部 ON"
      (ka) "ნაწილობრივ შემოწმებულია"
      (pa) "ਅੰਸ਼ਕ ਤੌਰ ਤੇ ਜਾਂਚ ਕੀਤੀ ਗਈ"
      (ta) "சில மட்டுமே தேர்ந்தெடுக்கப்பட்டுள்ளன"
      (nb) "Delvis avmerket"
      (be) "Выбрана часткова"
      (de) "Teilweise aktiviert"
      (ne) "आंशिक रूपमा जाँच गरिएको"
      (te) "పాక్షికంగా ఎంచుకోబడింది"
      (af) "Gedeeltelik gemerk"
      (bg) "Частично отметнато"
      (th) "เลือกบางส่วน"
      (fi) "Osittain tarkistettu"
      (hi) "कुछ विकल्पों को चुना गया"
      (si) "අඩ වශයෙන් ලකුණු කළ"
      (vi) "Đã kiểm tra một phần"
      (kk) "Жартылай белгіленді."
      (mk) "Делумно проверено"
      (sk) "Čiastočne začiarknuté"
      (uk) "Частково вибрано"
      (el) "Έγινε μερικός έλεγχος"
      (gl) "Marcada parcialmente"
      (ml) "ഭാഗികമായി ചെക്ക് മാർക്കിട്ടു"
      (nl) "Gedeeltelijk aangevinkt"
      (pl) "Częściowo zaznaczone"
      (sl) "Delno potrjeno"
      (tl) "Bahagyang may check"
      (am) "በከፊል የተፈተሸ"
      (km) "បានធីកខ្លះ"
      (bn) "কয়েকটি বিকল্প বেছে নেওয়া হয়েছে"
      (in) "Diperiksa sebagian"
      (kn) "ಭಾಗಶಃ ಪರೀಕ್ಷಿಸಲಾಗಿದೆ"
      (mn) "Хэсэгчлэн тэмдэглэсэн"
      (ko) "일부 선택됨"
      (lo) "ກວດສອບບາງສ່ວນແລ້ວ"
      (ro) "Bifată parțial"
      (sq) "Pjesërisht e shënuar"
      (ar) "تم وضع علامة في المربّع بشكل جزئي"
      (fr) "Partiellement coché"
      (hr) "Djelomično potvrđeno"
      (mr) "अंशतः तपासले"
      (or) "ଆଶିଂକ ଭାବେ ଯାଞ୍ଚ କରାଯାଇଛି"
      (sr) "Делимично означено"
      (b+sr+Latn) "Delimično označeno"
      (tr) "Kısmi olarak kontrol edildi"
      (ur) "جزوی طور پر چیک کردہ"
      (as) "আংশিকভাৱে পৰীক্ষা কৰা হৈছে"
      (bs) "Djelimično označeno"
      (cs) "Částečně zaškrtnuto"
      (es) "Marcado parcialmente"
      (is) "Hakað við að hluta til"
      (ms) "Sebahagiannya ditandai"
      (et) "Osaliselt märgitud"
      (it) "Elemento parzialmente selezionato"
      (lt) "Iš dalies pažymėta"
      (pt) "Parcialmente selecionada"
      (eu) "Erdi-markatuta"
      (gu) "આંશિક રીતે ચેક કરેલા વિકલ્પો"
      (hu) "Részlegesen ellenőrizve"
      (ru) "Отмечено частично"
      (zu) "Kuhlolwe kancane"
      (lv) "Daļēji atzīmēta"
      (sv) "Delvis markerad"
      (iw) "מסומנת חלקית"
      (sw) "Imekaguliwa kwa kiasi fulani"
      (hy) "Մասնակի նշված"
      (ky) "Жарым-жартылай текшерилди"
      (my) "တစ်ဝက်တစ်ပျက် စစ်ဆေးထားသည်"
      (az) "Qismən yoxlanıb"
      (uz) "Qisman belgilandi"
      (en-rCA) "Partially checked"
      (fr-rCA) "Partiellement vérifié"
      (en-rGB) "Partially ticked"
      (en-rXC) "‎‏‎‎‎‎‎‏‎‏‏‏‎‎‎‎‎‎‏‎‎‏‎‎‎‎‏‏‏‏‏‏‏‏‏‎‏‏‏‎‎‎‎‏‏‎‎‏‎‏‎‎‏‏‏‎‎‎‎‎‏‎‎‎‏‎‎‎‏‎‏‏‏‏‏‎‏‎‏‏‏‎‏‎‎‎‏‎‏‏‎‎‏‏‎‎‎Partially checked‎‏‎‎‏‎"
      (zh-rHK) "部分剔咗"
      (zh-rCN) "部分选中"
      (en-rIN) "Partially ticked"
      (pt-rBR) "Parcialmente selecionada"
      (es-rUS) "Verificado parcialmente"
      (pt-rPT) "Parcialmente selecionada"
      (en-rAU) "Partially ticked"
      (zh-rTW) "部分檢查"
    resource 0x7f0f018e string/injection_dose_hint
      () "Enter the mass of the ester (for example 5 mg of estradiol valerate)."
      (zh) "请填写酯的质量（例如 5 mg 戊酸雌二醇）。"
      (b+zh+Hant) "請填寫酯的質量（例如 5 mg 戊酸雌二醇）。"
      (fr) "Saisissez la masse de l'ester (par exemple 5 mg de valérate d'estradiol)."
    resource 0x7f0f018f string/interval_days
      () "Every how many days"
      (zh) "每隔几天"
      (b+zh+Hant) "每隔幾天"
      (fr) "Tous les combien de jours"
    resource 0x7f0f0190 string/interval_days_meaning
      () "Doses on one day every %1$d days, not every day."
      (zh) "每 %1$d 天才服药一天，不是每天。"
      (b+zh+Hant) "每 %1$d 天才服藥一天，不是每天。"
      (fr) "Prises un jour tous les %1$d jours, pas tous les jours."
    resource 0x7f0f0191 string/interval_hours
      () "Every how many hours"
      (zh) "每隔几小时"
      (b+zh+Hant) "每隔幾小時"
      (fr) "Toutes les combien d'heures"
    resource 0x7f0f0192 string/interval_weeks
      () "Every how many weeks"
      (zh) "每隔几周"
      (b+zh+Hant) "每隔幾週"
      (fr) "Toutes les combien de semaines"
    resource 0x7f0f0193 string/invalid
      () "Check the date, dose and schedule fields."
      (zh) "请检查日期、剂量和周期的填写。"
      (b+zh+Hant) "請檢查日期、劑量和週期的填寫。"
      (fr) "Vérifiez la date, la dose et la fréquence."
    resource 0x7f0f0194 string/kg_value
      () "%1$s kg"
      (zh) "%1$s kg"
      (b+zh+Hant) "%1$s kg"
      (fr) "%1$s kg"
    resource 0x7f0f0195 string/kind_days
      () "Days"
      (zh) "按天"
      (b+zh+Hant) "按天"
      (fr) "Jours"
    resource 0x7f0f0196 string/kind_hours
      () "Hours"
      (zh) "按小时"
      (b+zh+Hant) "按小時"
      (fr) "Heures"
    resource 0x7f0f0197 string/kind_weekly
      () "Weekdays"
      (zh) "按星期"
      (b+zh+Hant) "按星期"
      (fr) "Jours fixes"
    resource 0x7f0f0198 string/lab_add
      () "Add lab result"
      (zh) "添加化验"
      (b+zh+Hant) "新增檢驗"
      (fr) "Ajouter une analyse"
    resource 0x7f0f0199 string/lab_alt
      () "ALT"
      (zh) "谷丙转氨酶（ALT）"
      (b+zh+Hant) "丙胺酸轉胺酶（ALT）"
      (fr) "ALAT"
    resource 0x7f0f019a string/lab_analyte
      () "Test"
      (zh) "指标"
      (b+zh+Hant) "指標"
      (fr) "Paramètre"
    resource 0x7f0f019b string/lab_ast
      () "AST"
      (zh) "谷草转氨酶（AST）"
      (b+zh+Hant) "天門冬胺酸轉胺酶（AST）"
      (fr) "ASAT"
    resource 0x7f0f019c string/lab_context_actual_line
      () "%1$s %2$s · %3$s · %4$d h %5$d min before sampling"
      (zh) "%1$s %2$s · %3$s · 距采样 %4$d 小时 %5$d 分钟"
      (b+zh+Hant) "%1$s %2$s · %3$s · 距採樣 %4$d 小時 %5$d 分鐘"
      (fr) "%1$s %2$s · %3$s · %4$d h %5$d min avant le prélèvement"
    resource 0x7f0f019d string/lab_context_actual_note
      () "Latest actual intake for each recorded ingredient before sampling; this does not imply a relationship with the result."
      (zh) "各已记录成分采样前最近一次实际服药；不表示与化验结果存在关联。"
      (b+zh+Hant) "各已記錄成分採樣前最近一次實際服藥；不表示與化驗結果存在關聯。"
      (fr) "Dernière prise réelle de chaque substance avant le prélèvement ; cela ne démontre aucun lien avec le résultat."
    resource 0x7f0f019e string/lab_context_at_entry
      () "Captured at entry"
      (zh) "录入时生成"
      (b+zh+Hant) "輸入時產生"
      (fr) "Généré lors de la saisie"
    resource 0x7f0f019f string/lab_context_captured
      () "Version %1$d · captured %2$s · %3$s"
      (zh) "版本 %1$d · 保存于 %2$s · %3$s"
      (b+zh+Hant) "版本 %1$d · 儲存於 %2$s · %3$s"
      (fr) "Version %1$d · enregistré le %2$s · %3$s"
    resource 0x7f0f01a0 string/lab_context_confirmed_period
      () "Past period at sampling (inferred from records, confirmed): %1$s – %2$s"
      (zh) "采样时所属过去时期（由记录推定，已确认）：%1$s – %2$s"
      (b+zh+Hant) "採樣時所屬過去時期（由紀錄推定，已確認）：%1$s – %2$s"
      (fr) "Période passée au prélèvement (déduite des prises, confirmée) : %1$s – %2$s"
    resource 0x7f0f01a1 string/lab_context_counts
      () "Previous %1$d h, all recorded medications: %2$d late, %3$d confirmed missed, %4$d unconfirmed. This is a review window, not a medical threshold."
      (zh) "采样前 %1$d 小时，全部已登记药物：迟服 %2$d 次、确认漏服 %3$d 次、未确认 %4$d 次。这是回顾窗口，不是医学阈值。"
      (b+zh+Hant) "採樣前 %1$d 小時，全部已登記藥物：遲服 %2$d 次、確認漏服 %3$d 次、未確認 %4$d 次。這是回顧視窗，不是醫學閾值。"
      (fr) "Pendant les %1$d h précédentes, tous médicaments enregistrés : %2$d prises tardives, %3$d omissions confirmées, %4$d non confirmées. Cette période sert au récapitulatif et ne constitue pas un seuil médical."
    resource 0x7f0f01a2 string/lab_context_epoch
      () "Treatment stage: %1$s → %2$s"
      (zh) "治疗阶段：%1$s → %2$s"
      (b+zh+Hant) "治療階段：%1$s → %2$s"
      (fr) "Phase du traitement : %1$s → %2$s"
    resource 0x7f0f01a3 string/lab_context_epoch_unknown
      () "Treatment stage at sampling: unknown"
      (zh) "采样时治疗阶段：未知"
      (b+zh+Hant) "採樣時治療階段：未知"
      (fr) "Phase du traitement au prélèvement : inconnue"
    resource 0x7f0f01a4 string/lab_context_estimate_band
      () "Saved 5–95 percent interval: %1$s–%2$s %3$s"
      (zh) "已保存的 5–95%% 区间：%1$s–%2$s %3$s"
      (b+zh+Hant) "已儲存的 5–95%% 區間：%1$s–%2$s %3$s"
      (fr) "Intervalle enregistré de 5 à 95 pour cent : %1$s–%2$s %3$s"
    resource 0x7f0f01a5 string/lab_context_estimate_coverage
      () "Preprocessing accepted %1$d actual intakes and skipped %2$d for incomplete inputs. Unsupported models are listed separately."
      (zh) "预处理接受 %1$d 次实际服药，因输入不完整跳过 %2$d 次。不支持的模型另行提示。"
      (b+zh+Hant) "預處理接受 %1$d 次實際服藥，因輸入不完整跳過 %2$d 次。不支援的模型另行提示。"
      (fr) "Prétraitement : %1$d prises acceptées et %2$d exclues pour données incomplètes. Les modèles non pris en charge sont signalés séparément."
    resource 0x7f0f01a6 string/lab_context_estimate_note
      () "Frozen, uncalibrated population estimate at sampling. Parameters and any weight setting are those used at capture, not a historical weight measurement."
      (zh) "冻结的采样时未校准群体估算。参数及所用体重设置来自保存时，不代表历史体重测量。"
      (b+zh+Hant) "凍結的採樣時未校準群體估算。參數及所用體重設定來自儲存時，不代表歷史體重測量。"
      (fr) "Estimation de population figée, non calibrée, au prélèvement. Les paramètres et le poids éventuel proviennent du calcul enregistré, pas d’une mesure historique du poids."
    resource 0x7f0f01a7 string/lab_context_estimate_partial
      () "Some inputs are missing or unsupported; the estimate may not represent all recorded medication."
      (zh) "部分输入缺失或不支持，估算可能不包含全部已登记用药。"
      (b+zh+Hant) "部分輸入缺失或不支援，估算可能不包含全部已登記用藥。"
      (fr) "Certaines données sont manquantes ou non prises en charge ; cette estimation peut ne pas représenter tous les médicaments enregistrés."
    resource 0x7f0f01a8 string/lab_context_frozen_note
      () "This saved context stays unchanged when other records are edited. Rebuild explicitly to create a new version; previous versions remain available."
      (zh) "修改其他记录不会改写此上下文。明确重建才会生成新版，旧版本仍可查看。"
      (b+zh+Hant) "修改其他紀錄不會改寫此上下文。明確重建才會產生新版，舊版本仍可查看。"
      (fr) "Ce contexte reste inchangé si les autres données sont modifiées. Une reconstruction crée une nouvelle version et conserve les précédentes."
    resource 0x7f0f01a9 string/lab_context_include_estimate
      () "Include an uncalibrated estimate at sampling"
      (zh) "附上采样时未校准估算"
      (b+zh+Hant) "附上採樣時未校準估算"
      (fr) "Inclure une estimation non calibrée au prélèvement"
    resource 0x7f0f01aa string/lab_context_legacy_regimen
      () "This stage uses reconstructed legacy schedules."
      (zh) "此阶段依据旧计划回推。"
      (b+zh+Hant) "此階段依據舊計畫回推。"
      (fr) "Cette phase utilise des anciens schémas reconstitués."
    resource 0x7f0f01ab string/lab_context_no_actual
      () "No actual intake recorded before sampling."
      (zh) "采样前没有已登记的实际服药。"
      (b+zh+Hant) "採樣前沒有已登記的實際服藥。"
      (fr) "Aucune prise réelle enregistrée avant le prélèvement."
    resource 0x7f0f01ac string/lab_context_no_estimate
      () "No supported estimate could be calculated."
      (zh) "无法计算受支持的估算值。"
      (b+zh+Hant) "無法計算受支援的估算值。"
      (fr) "Aucune estimation prise en charge disponible."
    resource 0x7f0f01ad string/lab_context_no_regimen
      () "No active regimen in the recorded interval."
      (zh) "已记录区间中没有生效方案。"
      (b+zh+Hant) "已記錄區間中沒有生效方案。"
      (fr) "Aucun schéma actif dans la période enregistrée."
    resource 0x7f0f01ae string/lab_context_not_saved
      () "No sampling context has been saved for this result."
      (zh) "此结果尚未保存采样上下文。"
      (b+zh+Hant) "此結果尚未儲存採樣上下文。"
      (fr) "Aucun contexte de prélèvement enregistré pour ce résultat."
    resource 0x7f0f01af string/lab_context_open_end
      () "Open-ended"
      (zh) "尚无结束时间"
      (b+zh+Hant) "尚無結束時間"
      (fr) "Sans date de fin"
    resource 0x7f0f01b0 string/lab_context_rebuild
      () "Rebuild context"
      (zh) "重建上下文"
      (b+zh+Hant) "重建上下文"
      (fr) "Reconstituer le contexte"
    resource 0x7f0f01b1 string/lab_context_rebuild_note
      () "Create a new context from the records available now. It will be labelled reconstructed, not recorded at sampling. Previous versions remain available."
      (zh) "用现在已有记录生成新上下文，标为回推，不冒充采样当时记录。已有版本仍会保留。"
      (b+zh+Hant) "用現在已有紀錄產生新上下文，標為回推，不冒充採樣當時紀錄。已有版本仍會保留。"
      (fr) "Créer un nouveau contexte avec les données disponibles maintenant. Il sera indiqué comme reconstitué, et non enregistré au prélèvement. Les versions précédentes sont conservées."
    resource 0x7f0f01b2 string/lab_context_reconstructed
      () "Reconstructed now from saved records"
      (zh) "现在依据已保存记录回推"
      (b+zh+Hant) "現在依據已儲存紀錄回推"
      (fr) "Reconstitué à partir des données disponibles"
    resource 0x7f0f01b3 string/lab_context_sample
      () "Sample: %1$s · %2$s"
      (zh) "采样：%1$s · %2$s"
      (b+zh+Hant) "採樣：%1$s · %2$s"
      (fr) "Prélèvement : %1$s · %2$s"
    resource 0x7f0f01b4 string/lab_context_sample_changed
      () "Sampling information changed"
      (zh) "采样信息修改后生成"
      (b+zh+Hant) "採樣資訊修改後產生"
      (fr) "Généré après modification du prélèvement"
    resource 0x7f0f01b5 string/lab_context_save_note
      () "A new sample captures context automatically. Editing a value or note preserves it; selecting an estimate creates a new version. Only actual intakes before sampling are used."
      (zh) "新化验自动保存上下文。只修改数值或备注会保留原上下文；勾选估算将生成新版本。估算只使用采样前实际服药。"
      (b+zh+Hant) "新化驗自動儲存上下文。只修改數值或備註會保留原上下文；勾選估算將產生新版本。估算只使用採樣前實際服藥。"
      (fr) "Un nouveau prélèvement enregistre son contexte. Modifier la valeur ou la note le conserve ; choisir une estimation crée une nouvelle version. Seules les prises réelles avant le prélèvement sont utilisées."
    resource 0x7f0f01b6 string/lab_context_schedule_anchor
      () "Schedule anchor: %1$s"
      (zh) "计划计时起点：%1$s"
      (b+zh+Hant) "計畫計時起點：%1$s"
      (fr) "Point de départ du calendrier : %1$s"
    resource 0x7f0f01b7 string/lab_context_title
      () "Sampling context"
      (zh) "采样上下文"
      (b+zh+Hant) "採樣上下文"
      (fr) "Contexte du prélèvement"
    resource 0x7f0f01b8 string/lab_context_unknown
      () "Unknown"
      (zh) "未知"
      (b+zh+Hant) "未知"
      (fr) "Inconnu"
    resource 0x7f0f01b9 string/lab_context_version
      () "Saved context version"
      (zh) "已保存的上下文版本"
      (b+zh+Hant) "已儲存的上下文版本"
      (fr) "Version du contexte enregistré"
    resource 0x7f0f01ba string/lab_context_version_number
      () "Version %1$d"
      (zh) "版本 %1$d"
      (b+zh+Hant) "版本 %1$d"
      (fr) "Version %1$d"
    resource 0x7f0f01bb string/lab_crea
      () "Creatinine"
      (zh) "肌酐"
      (b+zh+Hant) "肌酐"
      (fr) "Créatinine"
    resource 0x7f0f01bc string/lab_e2
      () "Estradiol (E2)"
      (zh) "雌二醇（E2）"
      (b+zh+Hant) "雌二醇（E2）"
      (fr) "Estradiol (E2)"
    resource 0x7f0f01bd string/lab_edit
      () "Edit lab result"
      (zh) "编辑化验"
      (b+zh+Hant) "編輯檢驗"
      (fr) "Modifier l'analyse"
    resource 0x7f0f01be string/lab_fsh
      () "FSH"
      (zh) "卵泡刺激素（FSH）"
      (b+zh+Hant) "濾泡刺激素（FSH）"
      (fr) "FSH"
    resource 0x7f0f01bf string/lab_ggt
      () "GGT"
      (zh) "γ-谷氨酰转移酶（GGT）"
      (b+zh+Hant) "γ-麩胺醯轉移酶（GGT）"
      (fr) "GGT"
    resource 0x7f0f01c0 string/lab_k
      () "Potassium"
      (zh) "钾"
      (b+zh+Hant) "鉀"
      (fr) "Potassium"
    resource 0x7f0f01c1 string/lab_laboratory
      () "Laboratory (optional)"
      (zh) "化验机构（可选）"
      (b+zh+Hant) "檢驗機構（可選）"
      (fr) "Laboratoire (facultatif)"
    resource 0x7f0f01c2 string/lab_lh
      () "LH"
      (zh) "黄体生成素（LH）"
      (b+zh+Hant) "黃體成長激素（LH）"
      (fr) "LH"
    resource 0x7f0f01c3 string/lab_p4
      () "Progesterone (method unknown)"
      (zh) "孕酮（方法不明）"
      (b+zh+Hant) "孕酮（方法不明）"
      (fr) "Progestérone (méthode inconnue)"
    resource 0x7f0f01c4 string/lab_p4_family
      () "Progesterone"
      (zh) "孕酮"
      (b+zh+Hant) "孕酮"
      (fr) "Progestérone"
    resource 0x7f0f01c5 string/lab_p4_ia
      () "Progesterone (immunoassay)"
      (zh) "孕酮（免疫法）"
      (b+zh+Hant) "孕酮（免疫法）"
      (fr) "Progestérone (immunodosage)"
    resource 0x7f0f01c6 string/lab_p4_method
      () "Assay method"
      (zh) "检测方法"
      (b+zh+Hant) "檢測方法"
      (fr) "Méthode de dosage"
    resource 0x7f0f01c7 string/lab_p4_method_ia
      () "Immunoassay"
      (zh) "免疫法"
      (b+zh+Hant) "免疫法"
      (fr) "Immunodosage"
    resource 0x7f0f01c8 string/lab_p4_method_ms
      () "Mass spectrometry (LC-MS/MS)"
      (zh) "质谱法（LC-MS/MS）"
      (b+zh+Hant) "質譜法（LC-MS/MS）"
      (fr) "Spectrométrie de masse (LC-MS/MS)"
    resource 0x7f0f01c9 string/lab_p4_method_note
      () "Results from different methods can differ a lot, so they are kept on separate charts. The lab report usually names the method."
      (zh) "不同方法的结果可能相差很大，所以分开显示。化验单上通常会写检测方法。"
      (b+zh+Hant) "不同方法的結果可能相差很大，所以分開顯示。檢驗報告上通常會寫檢測方法。"
      (fr) "Les résultats de méthodes différentes peuvent beaucoup varier ; ils sont donc affichés séparément. Le compte rendu indique en général la méthode."
    resource 0x7f0f01ca string/lab_p4_method_unknown
      () "Don't know"
      (zh) "不知道"
      (b+zh+Hant) "不知道"
      (fr) "Je ne sais pas"
    resource 0x7f0f01cb string/lab_p4_ms
      () "Progesterone (mass spectrometry)"
      (zh) "孕酮（质谱法）"
      (b+zh+Hant) "孕酮（質譜法）"
      (fr) "Progestérone (spectrométrie de masse)"
    resource 0x7f0f01cc string/lab_prl
      () "Prolactin"
      (zh) "催乳素"
      (b+zh+Hant) "泌乳激素"
      (fr) "Prolactine"
    resource 0x7f0f01cd string/lab_range_high
      () "Upper limit"
      (zh) "上限"
      (b+zh+Hant) "上限"
      (fr) "Limite haute"
    resource 0x7f0f01ce string/lab_range_low
      () "Lower limit"
      (zh) "下限"
      (b+zh+Hant) "下限"
      (fr) "Limite basse"
    resource 0x7f0f01cf string/lab_range_note
      () "The shaded band is the range you copied from your lab report; it is shown as-is, without interpretation."
      (zh) "阴影区域是你从化验单上填写的参考范围，仅原样显示，不做任何判断。"
      (b+zh+Hant) "陰影區域是你從檢驗報告上填寫的參考範圍，僅原樣顯示，不做任何判斷。"
      (fr) "La bande grisée est l'intervalle recopié de votre compte rendu ; il est affiché tel quel, sans interprétation."
    resource 0x7f0f01d0 string/lab_range_optional
      () "Reference range from your report (optional)"
      (zh) "化验单上的参考范围（可选）"
      (b+zh+Hant) "檢驗報告上的參考範圍（可選）"
      (fr) "Intervalle de référence du compte rendu (facultatif)"
    resource 0x7f0f01d1 string/lab_range_value
      () "Report range: %1$s – %2$s %3$s"
      (zh) "化验单参考范围：%1$s – %2$s %3$s"
      (b+zh+Hant) "檢驗報告參考範圍：%1$s – %2$s %3$s"
      (fr) "Intervalle du compte rendu : %1$s – %2$s %3$s"
    resource 0x7f0f01d2 string/lab_shbg
      () "SHBG"
      (zh) "性激素结合球蛋白（SHBG）"
      (b+zh+Hant) "性荷爾蒙結合球蛋白（SHBG）"
      (fr) "SHBG"
    resource 0x7f0f01d4 string/lab_t
      () "Testosterone"
      (zh) "睾酮"
      (b+zh+Hant) "睪固酮"
      (fr) "Testostérone"
    resource 0x7f0f01d5 string/lab_trend
      () "%1$s trend"
      (zh) "%1$s 趋势"
      (b+zh+Hant) "%1$s 趨勢"
      (fr) "Évolution : %1$s"
    resource 0x7f0f01d6 string/lab_value
      () "Value"
      (zh) "数值"
      (b+zh+Hant) "數值"
      (fr) "Valeur"
    resource 0x7f0f01d7 string/labs
      () "Lab results"
      (zh) "化验"
      (b+zh+Hant) "檢驗"
      (fr) "Analyses"
    resource 0x7f0f01d8 string/labs_empty_body
      () "Record results from your blood tests. E2 results can also calibrate the estimated levels."
      (zh) "记录你的抽血化验结果。E2 结果还可以用来校准血药浓度估算。"
      (b+zh+Hant) "記錄你的抽血檢驗結果。E2 結果還可以用來校準血藥濃度估算。"
      (fr) "Enregistrez vos résultats de prise de sang. Les résultats d'E2 peuvent aussi calibrer l'estimation."
    resource 0x7f0f01d9 string/labs_empty_title
      () "No lab results"
      (zh) "还没有化验结果"
      (b+zh+Hant) "還沒有檢驗結果"
      (fr) "Aucune analyse"
    resource 0x7f0f01da string/language
      () "Language"
      (zh) "语言"
      (b+zh+Hant) "語言"
      (fr) "Langue"
    resource 0x7f0f01dd string/language_system
      () "System default"
      (zh) "跟随系统"
      (b+zh+Hant) "跟隨系統"
      (fr) "Langue du système"
    resource 0x7f0f01de string/late
      () "Late after (minutes)"
      (zh) "超过多久算迟服（分钟）"
      (b+zh+Hant) "超過多久算遲服（分鐘）"
      (fr) "En retard après (minutes)"
    resource 0x7f0f01df string/legend_band_inner
      () "25–75% range"
      (zh) "25%–75% 区间"
      (b+zh+Hant) "25%–75% 區間"
      (fr) "Intervalle 25–75 %"
    resource 0x7f0f01e0 string/legend_band_outer
      () "5–95% range"
      (zh) "5%–95% 区间"
      (b+zh+Hant) "5%–95% 區間"
      (fr) "Intervalle 5–95 %"
    resource 0x7f0f01e1 string/legend_forecast
      () "Forecast (plan)"
      (zh) "按计划预测"
      (b+zh+Hant) "按計畫預測"
      (fr) "Prévision (plan)"
    resource 0x7f0f01e2 string/legend_labs
      () "Lab results"
      (zh) "化验结果"
      (b+zh+Hant) "檢驗結果"
      (fr) "Analyses"
    resource 0x7f0f01e3 string/legend_missed
      () "Missed"
      (zh) "已漏服"
      (b+zh+Hant) "已漏服"
      (fr) "Oublié"
    resource 0x7f0f01e4 string/legend_partial
      () "Some missed"
      (zh) "部分漏服"
      (b+zh+Hant) "部分漏服"
      (fr) "Oublis partiels"
    resource 0x7f0f01e5 string/legend_planned
      () "Planned"
      (zh) "计划服药"
      (b+zh+Hant) "計畫服藥"
      (fr) "Prévu"
    resource 0x7f0f01e6 string/legend_recorded
      () "From records"
      (zh) "基于记录"
      (b+zh+Hant) "基於記錄"
      (fr) "D'après les prises"
    resource 0x7f0f01e7 string/legend_runout
      () "Stock runs out"
      (zh) "库存用完"
      (b+zh+Hant) "庫存用完"
      (fr) "Fin du stock"
    resource 0x7f0f01e8 string/legend_taken
      () "All taken"
      (zh) "已服"
      (b+zh+Hant) "已服"
      (fr) "Tout pris"
    resource 0x7f0f01e9 string/licenses
      () "Open-source licences"
      (zh) "开源许可"
      (b+zh+Hant) "開源許可"
      (fr) "Licences libres"
    resource 0x7f0f01ea string/licenses_body
      () "Built with Kotlin, AndroidX, Jetpack Compose, Room, Hilt, WorkManager and kotlinx.coroutines (Apache-2.0) and SQLCipher for Android (BSD-style). See THIRD_PARTY_NOTICES.md in the source code."
      (zh) "使用 Kotlin、AndroidX、Jetpack Compose、Room、Hilt、WorkManager、kotlinx.coroutines（Apache-2.0）和 SQLCipher for Android（BSD 风格许可）构建。详见源代码中的 THIRD_PARTY_NOTICES.md。"
      (b+zh+Hant) "使用 Kotlin、AndroidX、Jetpack Compose、Room、Hilt、WorkManager、kotlinx.coroutines（Apache-2.0）和 SQLCipher for Android（BSD 風格許可）構建。詳見原始碼中的 THIRD_PARTY_NOTICES.md。"
      (fr) "Construit avec Kotlin, AndroidX, Jetpack Compose, Room, Hilt, WorkManager et kotlinx.coroutines (Apache-2.0) ainsi que SQLCipher pour Android (type BSD). Voir THIRD_PARTY_NOTICES.md dans le code source."
    resource 0x7f0f01eb string/list_separator
      () ", "
      (zh) "、"
      (b+zh+Hant) "、"
      (fr) ", "
    resource 0x7f0f01ec string/location
      () "Location"
      (zh) "地点"
      (b+zh+Hant) "地點"
      (fr) "Lieu"
    resource 0x7f0f01ed string/lock_after
      () "Lock after leaving the app"
      (zh) "离开应用后锁定"
      (b+zh+Hant) "離開 App 後鎖定"
      (fr) "Verrouiller après avoir quitté l’app"
    resource 0x7f0f01ee string/lock_after_30s
      () "30 seconds"
      (zh) "30 秒"
      (b+zh+Hant) "30 秒"
      (fr) "30 secondes"
    resource 0x7f0f01ef string/lock_after_5m
      () "5 minutes"
      (zh) "5 分钟"
      (b+zh+Hant) "5 分鐘"
      (fr) "5 minutes"
    resource 0x7f0f01f0 string/lock_after_now
      () "Immediately"
      (zh) "立即"
      (b+zh+Hant) "立即"
      (fr) "Immédiatement"
    resource 0x7f0f01f1 string/lock_biometric
      () "Unlock with fingerprint or face"
      (zh) "使用指纹或面容解锁"
      (b+zh+Hant) "使用指紋或面容解鎖"
      (fr) "Déverrouiller par empreinte ou visage"
    resource 0x7f0f01f2 string/lock_change_pin
      () "Change PIN"
      (zh) "更改 PIN"
      (b+zh+Hant) "更改 PIN"
      (fr) "Modifier le code PIN"
    resource 0x7f0f01f3 string/lock_enable
      () "App lock"
      (zh) "应用锁"
      (b+zh+Hant) "App 鎖"
      (fr) "Verrouillage de l’app"
    resource 0x7f0f01f4 string/lock_enable_desc
      () "Ask for a PIN when opening the app"
      (zh) "打开应用时需要输入 PIN"
      (b+zh+Hant) "開啟 App 時需要輸入 PIN"
      (fr) "Demander un code PIN à l’ouverture"
    resource 0x7f0f01f5 string/lock_enter_current
      () "Enter your current PIN"
      (zh) "输入当前 PIN"
      (b+zh+Hant) "輸入目前 PIN"
      (fr) "Saisissez votre code PIN actuel"
    resource 0x7f0f01f6 string/lock_new_pin
      () "New PIN"
      (zh) "新 PIN"
      (b+zh+Hant) "新 PIN"
      (fr) "Nouveau code PIN"
    resource 0x7f0f01f7 string/lock_pin_rules
      () "4 to 12 digits. If you forget it, the only way back in is clearing the app’s data."
      (zh) "4 到 12 位数字。忘记后只能清除应用数据才能重新进入。"
      (b+zh+Hant) "4 到 12 位數字。忘記後只能清除 App 資料才能重新進入。"
      (fr) "4 à 12 chiffres. En cas d’oubli, il faudra effacer les données de l’app pour y accéder."
    resource 0x7f0f01f8 string/lock_repeat_pin
      () "Repeat PIN"
      (zh) "再次输入 PIN"
      (b+zh+Hant) "再次輸入 PIN"
      (fr) "Répétez le code PIN"
    resource 0x7f0f01f9 string/lock_set_pin
      () "Set a PIN"
      (zh) "设置 PIN"
      (b+zh+Hant) "設定 PIN"
      (fr) "Définir un code PIN"
    resource 0x7f0f01fa string/lock_title
      () "Enter PIN"
      (zh) "输入 PIN"
      (b+zh+Hant) "輸入 PIN"
      (fr) "Saisissez le code PIN"
    resource 0x7f0f01fb string/lock_unlock
      () "Unlock"
      (zh) "解锁"
      (b+zh+Hant) "解鎖"
      (fr) "Déverrouiller"
    resource 0x7f0f01fc string/lock_use_pin
      () "Use PIN"
      (zh) "使用 PIN"
      (b+zh+Hant) "使用 PIN"
      (fr) "Utiliser le code PIN"
    resource 0x7f0f01fd string/lock_wait
      () "Too many attempts. Try again in %1$d s"
      (zh) "尝试次数过多，请在 %1$d 秒后重试"
      (b+zh+Hant) "嘗試次數過多，請在 %1$d 秒後重試"
      (fr) "Trop de tentatives. Réessayez dans %1$d s"
    resource 0x7f0f01fe string/lock_wrong
      () "Incorrect PIN"
      (zh) "PIN 不正确"
      (b+zh+Hant) "PIN 不正確"
      (fr) "Code PIN incorrect"
    resource 0x7f0f0206 string/m3c_date_input_invalid_for_pattern
      () "Date does not match expected pattern: %1$s"
      (ca) "La data no coincideix amb el patró esperat: %1$s"
      (da) "Datoen svarer ikke til det forventede format: %1$s"
      (fa) "‏تاریخ با الگوی موردانتظار مطابقت ندارد: %1$s"
      (ja) "想定パターンと一致しない日付: %1$s"
      (ka) "თარიღი არ ემთხვევა მოსალოდნელ ნიმუშს: %1$s"
      (pa) "ਤਾਰੀਖ ਸੰਭਾਵਿਤ ਪੈਟਰਨ ਨਾਲ ਮੇਲ ਨਹੀਂ ਖਾਂਦੀ: %1$s"
      (ta) "எதிர்பார்க்கப்படும் பேட்டர்னுடன் தேதி பொருந்தவில்லை: %1$s"
      (nb) "Datoen matcher ikke det forventede mønsteret: %1$s"
      (be) "Дата не адпавядае ўзору: %1$s"
      (de) "Datum entspricht nicht dem erwarteten Format: %1$s"
      (ne) "हालिएको मितिको प्याटर्न अपेक्षित प्याटर्नसँग मिल्दैन: %1$s"
      (te) "తేదీ, ఉండాల్సిన ఫార్మాట్‌తో మ్యాచ్ కాలేదు: %1$s"
      (af) "Datum pas nie by die verwagte patroon nie: %1$s"
      (bg) "Датата не е в очаквания формат: %1$s"
      (th) "วันที่ไม่ตรงกับรูปแบบที่คาดไว้: %1$s"
      (fi) "Päivämäärä ei vastaa odotettua mallia: %1$s"
      (hi) "तारीख सही फ़ॉर्मैट में नहीं डाली गई है: %1$s"
      (si) "දිනය අපේක්ෂිත රටාවට නොගැළපෙයි: %1$s"
      (vi) "Ngày không khớp với định dạng dự kiến: %1$s"
      (kk) "Деректер болжалды өрнекке сай келмейді: %1$s"
      (mk) "Не се совпаѓа со очекуваната шема: %1$s"
      (sk) "Dátum nezodpovedá očakávanému vzoru: %1$s"
      (uk) "Дата не відповідає очікуваному шаблону: %1$s"
      (el) "Η ημερομηνία δεν αντιστοιχεί στο αναμενόμενο μοτίβο: %1$s"
      (gl) "A data non coincide co padrón esperado: %1$s"
      (ml) "പ്രതീക്ഷിച്ച പാറ്റേണുമായി തീയതി പൊരുത്തപ്പെടുന്നില്ല: %1$s"
      (nl) "De datum komt niet overeen met het verwachte patroon: %1$s"
      (pl) "Data nie pasuje do oczekiwanego wzorca: %1$s"
      (sl) "Datum se ne ujema s pričakovanim vzorcem: %1$s"
      (tl) "Hindi tumutugma ang petsa sa inaasahang pattern: %1$s"
      (am) "ቀኑ ከተጠበቀው ስርዓተ ጥለት ጋር አይዛመድም፦ %1$s"
      (km) "កាលបរិច្ឆេទមិនត្រូវគ្នានឹងលំនាំដែលរំពឹងទុកទេ៖ %1$s"
      (bn) "প্রত্যাশিত প্যাটার্নের সাথে তারিখ মিলছে না: %1$s"
      (in) "Tanggal tidak cocok dengan pola yang diharapkan: %1$s"
      (kn) "ನಿರೀಕ್ಷಿಸಿದ ಪ್ಯಾಟರ್ನ್‌ನೊಂದಿಗೆ ದಿನಾಂಕ ಹೊಂದಾಣಿಕೆಯಾಗುತ್ತಿಲ್ಲ: %1$s"
      (mn) "Огноо нь тооцоолсон хээтэй таарахгүй байна: %1$s"
      (ko) "데이터가 예상 패턴과 일치하지 않음: %1$s"
      (lo) "ວັນທີບໍ່ກົງກັບຮູບແບບທີ່ຄາດໄວ້: %1$s"
      (ro) "Data nu corespunde modelului așteptat: %1$s"
      (sq) "Data nuk përputhet me motivin e pritur: %1$s"
      (ar) "‏لا يتوافق التاريخ مع النمط المتوقَّع: %1$s"
      (fr) "La date ne correspond pas au format attendu : %1$s"
      (hr) "Datum se ne podudara s očekivanim uzorkom: %1$s"
      (mr) "तारीख ही अपेक्षित पॅटर्नशी जुळत नाही: %1$s"
      (or) "ଆଶା କରାଯାଉଥିବା ପାଟର୍ନ ସହ ତାରିଖ ମେଳ ହେଉନାହିଁ: %1$s"
      (sr) "Датум не одговара очекиваном шаблону: %1$s"
      (b+sr+Latn) "Datum ne odgovara očekivanom šablonu: %1$s"
      (tr) "Tarih, istenen biçimle eşleşmiyor: %1$s"
      (ur) "‏تاریخ متوقع پیٹرن سے مماثل نہیں ہے: %1$s"
      (as) "তাৰিখটো এই প্ৰত্যাশিত আৰ্হিটোৰ সৈতে মিলা নাই: %1$s"
      (bs) "Datumi se ne podudaraju s očekivanim obrascem: %1$s"
      (cs) "Datum neodpovídá očekávanému vzoru: %1$s"
      (es) "La fecha no coincide con el patrón esperado: %1$s"
      (is) "Dagsetning passar ekki við áætlað mynstur: %1$s"
      (ms) "Tarikh tidak sepadan dengan corak yang dijangkakan: %1$s"
      (et) "Kuupäev ei ühti eeldatud mustriga: %1$s"
      (it) "La data non corrisponde al pattern previsto: %1$s"
      (lt) "Data neatitinka numatyto šablono: %1$s"
      (pt) "A data não está no padrão esperado: %1$s"
      (eu) "Data ez dator bat espero den ereduarekin: %1$s"
      (gu) "તારીખ અપેક્ષિત પૅટર્ન સાથે મેળ ખાતી નથી: %1$s"
      (hu) "A dátum nem felel meg a várt formátumnak: %1$s"
      (ru) "Дата не соответствует допустимому шаблону: %1$s"
      (zu) "Usuku alufani nephethini elindelekile: %1$s"
      (lv) "Datums neatbilst paredzētajam formātam: %1$s"
      (sv) "Datumet matchar inte det förväntade formatet: %1$s"
      (iw) "‏התאריך לא תואם למבנה הצפוי: %1$s"
      (sw) "Tarehe hailingani na mpangilio unaotumika: %1$s"
      (hy) "Ամսաթիվը չի համընկնում թույլատրելի ձևաչափի հետ՝ %1$s"
      (ky) "Күндүн форматы үлгүгө дал келген жок: %1$s"
      (my) "ရက်စွဲသည် မျှော်မှန်းထားသော ပုံစံနှင့် မကိုက်ညီပါ- %1$s"
      (az) "Tarix gözlənilən modelə uyğun gəlmir: %1$s"
      (uz) "Sana mavjud namunaga mos kelmaydi: %1$s"
      (en-rCA) "Date does not match expected pattern: %1$s"
      (fr-rCA) "La date ne correspond pas au schéma prévu : %1$s"
      (en-rGB) "Date does not match expected pattern: %1$s"
      (en-rXC) "‎‏‎‎‎‎‎‏‎‏‏‏‎‎‎‎‎‎‏‎‎‏‎‎‎‎‏‏‏‏‏‏‏‏‎‏‎‏‎‎‏‏‏‎‎‎‏‏‏‎‏‎‎‎‎‏‏‏‏‎‏‎‏‏‎‎‏‎‎‎‏‎‎‎‏‎‎‏‎‎‎‏‏‎‎‏‏‏‏‎‎‏‏‏‎‏‎Date does not match expected pattern: %1$s‎‏‎‎‏‎"
      (zh-rHK) "日期格式不符：%1$s"
      (zh-rCN) "日期不符合格式要求：%1$s"
      (en-rIN) "Date does not match expected pattern: %1$s"
      (pt-rBR) "A data não está no padrão esperado: %1$s"
      (es-rUS) "La fecha no coincide con el patrón esperado: %1$s"
      (pt-rPT) "A data não corresponde ao padrão esperado: %1$s"
      (en-rAU) "Date does not match expected pattern: %1$s"
      (zh-rTW) "日期格式不符：%1$s"
    resource 0x7f0f0207 string/m3c_date_input_invalid_not_allowed
      () "Date not allowed: %1$s"
      (ca) "Data no permesa: %1$s"
      (da) "Datoen er ikke tilladt: %1$s"
      (fa) "‏تاریخ مجاز نیست: %1$s"
      (ja) "許可されない日付: %1$s"
      (ka) "თარიღი დაუშვებელია: %1$s"
      (pa) "ਇਸ ਤਾਰੀਖ ਦੀ ਆਗਿਆ ਨਹੀਂ ਹੈ: %1$s"
      (ta) "இந்தத் தேதி அனுமதிக்கப்படவில்லை: %1$s"
      (nb) "Datoen er ikke tillatt: %1$s"
      (be) "Дата забаронена: %1$s"
      (de) "Unzulässiges Datum: %1$s"
      (ne) "यो मिति हाल्न पाइँदैन: %1$s"
      (te) "చెల్లని తేదీ: %1$s"
      (af) "Datum word nie toegelaat nie: %1$s"
      (bg) "Датата не е разрешена: %1$s"
      (th) "ไม่อนุญาตให้ใช้วันที่นี้: %1$s"
      (fi) "Päivämäärä ei sallittu: %1$s"
      (hi) "यह तारीख सही नहीं है: %1$s"
      (si) "දිනයට ඉඩ දෙනු නොලැබේ: %1$s"
      (vi) "Ngày không được phép: %1$s"
      (kk) "Деректер рұқсат етілмейді: %1$s"
      (mk) "Датумот не е дозволен: %1$s"
      (sk) "Nepovolený dátum: %1$s"
      (uk) "Недопустима дата: %1$s"
      (el) "Η ημερομηνία δεν επιτρέπεται: %1$s"
      (gl) "Data non permitida: %1$s"
      (ml) "തീയതി അനുവദനീയമല്ല: %1$s"
      (nl) "Datum niet toegestaan: %1$s"
      (pl) "Data jest niedozwolona: %1$s"
      (sl) "Oblika datuma ni dovoljena: %1$s"
      (tl) "Hindi pinapayagan ang petsa: %1$s"
      (am) "ቀን አልተፈቀደም፦ %1$s"
      (km) "កាលបរិច្ឆេទដែលមិនបានអនុញ្ញាត៖ %1$s"
      (bn) "এই তারিখ লেখা যাবে না: %1$s"
      (in) "Tanggal tidak diizinkan: %1$s"
      (kn) "ದಿನಾಂಕವನ್ನು ಅನುಮತಿಸಲಾಗುವುದಿಲ್ಲ: %1$s"
      (mn) "Зөвшөөрөөгүй огноо: %1$s"
      (ko) "데이터 허용 안 됨: %1$s"
      (lo) "ບໍ່ອະນຸຍາດໃຫ້ໃຊ້ວັນທີ: %1$s"
      (ro) "Data nu este permisă: %1$s"
      (sq) "Data nuk lejohet: %1$s"
      (ar) "‏التاريخ غير مسموح به: %1$s"
      (fr) "Date non autorisée : %1$s"
      (hr) "Datum nije dopušten: %1$s"
      (mr) "अशा तारखेला अनुमती नाही: %1$s"
      (or) "ତାରିଖକୁ ଅନୁମତି ଦିଆଯାଇନାହିଁ: %1$s"
      (sr) "Датум није дозвољен: %1$s"
      (b+sr+Latn) "Datum nije dozvoljen: %1$s"
      (tr) "Tarihe izin verilmiyor: %1$s"
      (ur) "‏تاریخ کی اجازت نہیں ہے: ‎%1$s"
      (as) "অনুমোদিত নোহোৱা তাৰিখ: %1$s"
      (bs) "Datum nije dozvoljen: %1$s"
      (cs) "Nepovolené datum: %1$s"
      (es) "Fecha no permitida: %1$s"
      (is) "Dagsetning er ekki leyfileg: %1$s"
      (ms) "Tarikh yang tidak dibenarkan: %1$s"
      (et) "Kuupäev pole lubatud: %1$s"
      (it) "Data non consentita: %1$s"
      (lt) "Data neleidžiama: %1$s"
      (pt) "Data não permitida: %1$s"
      (eu) "Ez da onartzen data: %1$s"
      (gu) "આ તારીખની મંજૂરી નથી: %1$s"
      (hu) "Nem engedélyezett dátum: %1$s"
      (ru) "Недопустимая дата: %1$s"
      (zu) "Usuku aluvunyelwe: %1$s"
      (lv) "Datums nav atļauts: %1$s"
      (sv) "Datumet är inte tillåtet: %1$s"
      (iw) "‏תאריך לא מורשה: %1$s"
      (sw) "Tarehe si sahihi: %1$s"
      (hy) "Ամսաթիվը թույլատրված չէ՝ %1$s"
      (ky) "Күндүн мындай форматын колдонууга болбойт: %1$s"
      (my) "ရက်စွဲကို ခွင့်ပြုမထားပါ- %1$s"
      (az) "Tarixə icazə verilmir: %1$s"
      (uz) "Sana xato: %1$s"
      (en-rCA) "Date not allowed: %1$s"
      (fr-rCA) "Date non autorisée : %1$s"
      (en-rGB) "Date not allowed: %1$s"
      (en-rXC) "‎‏‎‎‎‎‎‏‎‏‏‏‎‎‎‎‎‎‏‎‎‏‎‎‎‎‏‏‏‏‏‏‎‏‎‎‎‏‎‏‏‏‏‏‏‏‏‎‎‎‏‏‏‏‏‎‎‎‏‏‎‎‏‎‎‎‏‎‏‎‎‏‏‎‏‏‎‏‎‏‏‏‏‏‎‎‎‎‎‏‏‏‏‏‏‎Date not allowed: %1$s‎‏‎‎‏‎"
      (zh-rHK) "不允許的日期：%1$s"
      (zh-rCN) "日期无效：%1$s"
      (en-rIN) "Date not allowed: %1$s"
      (pt-rBR) "Data não permitida: %1$s"
      (es-rUS) "Fecha no permitida: %1$s"
      (pt-rPT) "Data não permitida: %1$s"
      (en-rAU) "Date not allowed: %1$s"
      (zh-rTW) "不允許的日期：%1$s"
    resource 0x7f0f0208 string/m3c_date_input_invalid_year_range
      () "Date out of expected year range %1$s - %2$s"
      (ca) "La data no es troba dins de l'interval d'anys esperat: %1$s-%2$s"
      (da) "Datoen er uden for det forventede årsinterval: %1$s-%2$s"
      (fa) "‏تاریخ خارج از بازه زمانی %1$s تا %2$s است"
      (ja) "想定される年の範囲（%1$s～%2$s）から日付が外れています"
      (ka) "თარიღი არ არის წლების მოსალოდნელ დიაპაზონში %1$s - %2$s"
      (pa) "ਤਾਰੀਖ ਸੰਭਾਵਿਤ ਸਾਲ ਦੀ ਰੇਂਜ, %1$s - %2$s ਤੋਂ ਬਾਹਰ ਹੈ"
      (ta) "இந்தத் தேதி %1$s - %2$s ஆண்டு வரம்பிற்குள் இல்லை"
      (nb) "Datoen er utenfor det forventede årsintervallet %1$s–%2$s"
      (be) "Дата выходзіць за дазволены дыяпазон гадоў %1$s-%2$s"
      (de) "Datum liegt außerhalb des erwarteten Jahresbereichs (%1$s–%2$s)"
      (ne) "हालिएको मिति सालको अपेक्षित दायरा (%1$s - %2$s) भित्र पर्दैन"
      (te) "ఉండాల్సిన సంవత్సరాల పరిధి %1$s - %2$s‌లో తేదీ లేదు"
      (af) "Datum val buite verwagte jaardatumreeks %1$s-%2$s"
      (bg) "Датата е извън очаквания годишен диапазон: %1$s – %2$s"
      (th) "วันที่อยู่นอกเหนือจากช่วงปีที่คาดไว้ %1$s - %2$s"
      (fi) "Päivämäärä ei sisälly odotettuun vuosiaikaväliin: %1$s–%2$s"
      (hi) "तारीख को साल की सही रेंज में नहीं डाला गया है %1$s - %2$s"
      (si) "දිනය %1$s - %2$s අපේක්ෂිත වසර පරාසයෙන් පිටත වේ"
      (vi) "Ngày không thuộc phạm vi năm dự kiến %1$s – %2$s"
      (kk) "Күтілетін жыл аралығы: %1$s–%2$s"
      (mk) "Датумот не е во очекуваниот опсег на години %1$s - %2$s"
      (sk) "Dátum sa nenachádza v očakávanom rozsahu rokov: %1$s – %2$s"
      (uk) "Дата за межами очікуваного діапазону років %1$s – %2$s"
      (el) "Η ημερομηνία είναι εκτός του αναμενόμενου εύρους ετών %1$s - %2$s"
      (gl) "A data está fóra do intervalo de anos esperado (%1$s - %2$s)"
      (ml) "പ്രതീക്ഷിക്കുന്ന കാലയളവിലെ വർഷമല്ല നൽകിയ തീയതിയുടേത് %1$s - %2$s"
      (nl) "Datum buiten het verwachte jaarbereik %1$s - %2$s"
      (pl) "Data jest poza oczekiwanym zakresem lat %1$s–%2$s"
      (sl) "Datum je zunaj pričakovanega razpona let %1$s–%2$s"
      (tl) "Wala ang petsa sa inaasahang hanay ng taon na %1$s - %2$s"
      (am) "ቀን ከተጠበቀው የዓመት ክልል ውጭ ነው %1$s - %2$s"
      (km) "កាលបរិច្ឆេទដែលស្ថិតនៅក្រៅចន្លោះឆ្នាំដែលរំពឹងទុក %1$s - %2$s"
      (bn) "প্রত্যাশিত বছরের রেঞ্জের বাইরের তারিখ %1$s - %2$s"
      (in) "Tanggal di luar rentang tahun yang diharapkan %1$s - %2$s"
      (kn) "ದಿನಾಂಕವು ನಿರೀಕ್ಷಿಸಿದ ವರ್ಷದ ವ್ಯಾಪ್ತಿಯನ್ನು ಮೀರಿದೆ %1$s - %2$s"
      (mn) "Тооцоолсон оны %1$s - %2$s мужаас гарсан огноо"
      (ko) "데이터가 예상 연도 범위(%1$s~%2$s)를 벗어남"
      (lo) "ວັນທີຢູ່ນອກໄລຍະປີທີ່ຄາດໄວ້ %1$s - %2$s"
      (ro) "Data este în afara intervalului de ani %1$s – %2$s"
      (sq) "Data jashtë diapazonit të pritur të vitit %1$s - %2$s"
      (ar) "‏التاريخ خارج نطاق السنوات المتوقَّع: ‎%1$s - %2$s"
      (fr) "Date hors de la plage d'années attendue : %1$s - %2$s"
      (hr) "Datum je izvan očekivanog raspona godine %1$s – %2$s"
      (mr) "तारीख ही %1$s - %2$s या अपेक्षित रेंजच्या बाहेरची आहे"
      (or) "ତାରିଖଟି ଆଶା କରାଯାଉଥିବା ବର୍ଷ ରେଞ୍ଜ %1$s - %2$sରୁ ବାହାରେ ଅଛି"
      (sr) "Датум је изван очекиваног опсега година %1$s–%2$s"
      (b+sr+Latn) "Datum je izvan očekivanog opsega godina %1$s–%2$s"
      (tr) "Tarih, istenen %1$s-%2$s yıl aralığının dışında"
      (ur) "‏متوقع سال کی حد ‎%1$s‏ - %2$s سے باہر کی تاریخ"
      (as) "তাৰিখটো প্ৰত্যাশিত বছৰৰ পৰিসৰ %1$s - %2$sৰ বাহিৰৰ"
      (bs) "Datum je izvan očekivanog raspona %1$s – %2$s"
      (cs) "Datum není v očekávaném rozsahu roků %1$s–%2$s"
      (es) "Fecha fuera del intervalo de años previsto: %1$s - %2$s"
      (is) "Dagsetning er utan áætlaðra ára: %1$s–%2$s"
      (ms) "Tarikh di luar julat tahun yang dijangkakan %1$s - %2$s"
      (et) "Kuupäev on väljaspool eeldatud aastavahemikku %1$s–%2$s"
      (it) "La data non rientra nell'intervallo di anni previsto (%1$s-%2$s)"
      (lt) "Data nepatenka į numatytų metų diapazoną: %1$s–%2$s"
      (pt) "A data está fora do intervalo de anos esperado: %1$s a %2$s"
      (eu) "Espero den urte tartetik (%1$s-%2$s) kanpo dago data"
      (gu) "અપેક્ષિત વર્ષની શ્રેણી %1$s - %2$sની બહારની તારીખ"
      (hu) "A dátum a várt időtartományon (%1$s – %2$s) kívül esik"
      (ru) "Дата не входит в допустимый диапазон: %1$s–%2$s"
      (zu) "Usuku lungaphandle kwebanga lonyaka elilindelekile %1$s - %2$s"
      (lv) "Datums nav paredzētajā gadu diapazonā (%1$s.–%2$s. g.)"
      (sv) "Datumet faller utanför det förväntade årsintervallet %1$s–%2$s"
      (iw) "‏התאריך נמצא מחוץ לטווח השנים הצפוי %1$s - %2$s"
      (sw) "Tarehe uliyoweka haiambatani na kipindi husika %1$s - %2$s"
      (hy) "Ամսաթիվը տարեթվերի թույլատրելի միջակայքից (%1$s – %2$s) դուրս է"
      (ky) "Күн %1$s — %2$s деп белгиленген жылдар диапазонуна кирбей калды"
      (my) "ရက်စွဲသည် မျှော်မှန်းထားသော နှစ်အပိုင်းအခြား %1$s - %2$s တွင် မပါဝင်ပါ"
      (az) "Tarix gözlənilən il aralığından kənardır: %1$s - %2$s"
      (uz) "Sana kutilgan yillar oraligʻida emas: %1$s – %2$s"
      (en-rCA) "Date out of expected year range %1$s - %2$s"
      (fr-rCA) "Date non comprise dans la fourchette prévue des années %1$s à %2$s"
      (en-rGB) "Date out of expected year range %1$s - %2$s"
      (en-rXC) "‎‏‎‎‎‎‎‏‎‏‏‏‎‎‎‎‎‎‏‎‎‏‎‎‎‎‏‏‏‏‏‏‏‏‏‎‎‎‎‏‏‏‏‎‎‎‎‎‏‏‏‎‏‏‏‎‎‎‏‏‎‏‎‎‎‎‎‏‎‏‎‏‏‏‎‏‏‎‏‎‏‎‎‏‏‏‎‎‏‎‏‎‏‎‎‏‎Date out of expected year range %1$s - %2$s‎‏‎‎‏‎"
      (zh-rHK) "日期超出預期的年份範圍：%1$s - %2$s"
      (zh-rCN) "日期超出预期年份范围 %1$s - %2$s"
      (en-rIN) "Date out of expected year range %1$s - %2$s"
      (pt-rBR) "A data está fora do intervalo de anos esperado: %1$s a %2$s"
      (es-rUS) "La fecha está fuera del rango de años esperado: %1$s - %2$s"
      (pt-rPT) "Data fora do intervalo de anos esperado: %1$s – %2$s"
      (en-rAU) "Date out of expected year range %1$s - %2$s"
      (zh-rTW) "日期超出預期的年份範圍：%1$s - %2$s"
    resource 0x7f0f0209 string/m3c_date_input_label
      () "Date"
      (ca) "Data"
      (da) "Dato"
      (fa) "تاریخ"
      (ja) "日付"
      (ka) "თარიღი"
      (pa) "ਤਾਰੀਖ"
      (ta) "தேதி"
      (nb) "Dato"
      (be) "Дата"
      (de) "Datum"
      (ne) "मिति"
      (te) "తేదీ"
      (af) "Datum"
      (bg) "Дата"
      (th) "วันที่"
      (fi) "Päivämäärä"
      (hi) "तारीख"
      (si) "දිනය"
      (vi) "Ngày"
      (kk) "Күні"
      (mk) "Датум"
      (sk) "Dátum"
      (uk) "Дата"
      (el) "Ημερομηνία"
      (gl) "Data"
      (ml) "തീയതി"
      (nl) "Datum"
      (pl) "Data"
      (sl) "Datum"
      (tl) "Petsa"
      (am) "ቀን"
      (km) "កាលបរិច្ឆេទ"
      (bn) "তারিখ"
      (in) "Tanggal"
      (kn) "ದಿನಾಂಕ"
      (mn) "Огноо"
      (ko) "날짜"
      (lo) "ວັນທີ"
      (ro) "Dată"
      (sq) "Data"
      (ar) "التاريخ"
      (fr) "Date"
      (hr) "Datum"
      (mr) "तारीख"
      (or) "ତାରିଖ"
      (sr) "Датум"
      (b+sr+Latn) "Datum"
      (tr) "Tarih"
      (ur) "تاریخ"
      (as) "তাৰিখ"
      (bs) "Datum"
      (cs) "Datum"
      (es) "Fecha"
      (is) "Dagsetning"
      (ms) "Tarikh"
      (et) "Kuupäev"
      (it) "Data"
      (lt) "Data"
      (pt) "Data"
      (eu) "Data"
      (gu) "તારીખ"
      (hu) "Dátum"
      (ru) "Дата"
      (zu) "Usuku"
      (lv) "Datums"
      (sv) "Datum"
      (iw) "תאריך"
      (sw) "Tarehe"
      (hy) "Ամսաթիվ"
      (ky) "Күнү"
      (my) "ရက်စွဲ"
      (az) "Tarix"
      (uz) "Sana"
      (en-rCA) "Date"
      (fr-rCA) "Date"
      (en-rGB) "Date"
      (en-rXC) "‎‏‎‎‎‎‎‏‎‏‏‏‎‎‎‎‎‎‏‎‎‏‎‎‎‎‏‏‏‏‏‏‎‏‎‏‎‎‎‎‎‏‎‏‏‏‏‎‎‎‏‏‎‎‎‎‏‎‎‏‏‏‎‏‏‎‎‎‏‎‎‏‏‎‎‎‏‎‏‏‎‏‏‏‎‏‏‏‎‎‎‎‎‎‏‎Date‎‏‎‎‏‎"
      (zh-rHK) "日期"
      (zh-rCN) "日期"
      (en-rIN) "Date"
      (pt-rBR) "Data"
      (es-rUS) "Fecha"
      (pt-rPT) "Data"
      (en-rAU) "Date"
      (zh-rTW) "日期"
    resource 0x7f0f020b string/m3c_date_input_title
      () "Select date"
      (ca) "Selecciona la data"
      (da) "Vælg dato"
      (fa) "انتخاب تاریخ"
      (ja) "日付の選択"
      (ka) "თარიღის არჩევა"
      (pa) "ਤਾਰੀਖ ਚੁਣੋ"
      (ta) "தேதியைத் தேர்வுசெய்க"
      (nb) "Velg dato"
      (be) "Выберыце дату"
      (de) "Datum auswählen"
      (ne) "मिति चयन गर्नुहोस्"
      (te) "తేదీని ఎంచుకోండి"
      (af) "Kies datum"
      (bg) "Избиране на дата"
      (th) "เลือกวันที่"
      (fi) "Valitse päivämäärä"
      (hi) "तारीख चुनें"
      (si) "දිනය තෝරන්න"
      (vi) "Chọn ngày"
      (kk) "Күн таңдау"
      (mk) "Изберете датум"
      (sk) "Vybrať dátum"
      (uk) "Виберіть дату"
      (el) "Επιλογή ημερομηνίας"
      (gl) "Selecciona a data"
      (ml) "തീയതി തിരഞ്ഞെടുക്കുക"
      (nl) "Datum selecteren"
      (pl) "Wybierz datę"
      (sl) "Izbira datuma"
      (tl) "Pumili ng petsa"
      (am) "ቀን ይምረጡ"
      (km) "ជ្រើសរើស​កាលបរិច្ឆេទ"
      (bn) "তারিখ বেছে নিন"
      (in) "Pilih tanggal"
      (kn) "ದಿನಾಂಕ ಆಯ್ಕೆಮಾಡಿ"
      (mn) "Огноо сонгох"
      (ko) "날짜 선택"
      (lo) "ເລືອກວັນທີ"
      (ro) "Selectează data"
      (sq) "Zgjidh datën"
      (ar) "اختيار تاريخ"
      (fr) "Sélectionner une date"
      (hr) "Odaberite datum"
      (mr) "तारीख निवडा"
      (or) "ତାରିଖ ଚୟନ କରନ୍ତୁ"
      (sr) "Изаберите датум"
      (b+sr+Latn) "Izaberite datum"
      (tr) "Tarih seç"
      (ur) "تاریخ منتخب کریں"
      (as) "তাৰিখ বাছনি কৰক"
      (bs) "Odabir datuma"
      (cs) "Vyberte datum"
      (es) "Seleccionar fecha"
      (is) "Velja dagsetningu"
      (ms) "Pilih tarikh"
      (et) "Valige kuupäev"
      (it) "Seleziona data"
      (lt) "Pasirinkite datą"
      (pt) "Selecionar data"
      (eu) "Hautatu data bat"
      (gu) "તારીખ પસંદ કરો"
      (hu) "Dátum kiválasztása"
      (ru) "Выберите дату"
      (zu) "Khetha usuku"
      (lv) "Atlasīt datumu"
      (sv) "Välj datum"
      (iw) "בחירת תאריך"
      (sw) "Chagua tarehe"
      (hy) "Ընտրեք ամսաթիվը"
      (ky) "Күндү тандоо"
      (my) "ရက်စွဲရွေးရန်"
      (az) "Tarix seçin"
      (uz) "Sanani tanlang"
      (en-rCA) "Select date"
      (fr-rCA) "Sélectionner une date"
      (en-rGB) "Select date"
      (en-rXC) "‎‏‎‎‎‎‎‏‎‏‏‏‎‎‎‎‎‎‏‎‎‏‎‎‎‎‏‏‏‏‏‏‏‏‏‎‎‏‎‏‎‏‏‎‎‏‎‎‏‏‏‎‏‏‏‎‏‏‏‏‏‎‎‏‎‎‏‏‏‏‏‏‏‏‏‏‎‏‏‏‎‎‎‎‏‏‏‏‏‏‎‎‏‎‎‎‎Select date‎‏‎‎‏‎"
      (zh-rHK) "選取日期"
      (zh-rCN) "选择日期"
      (en-rIN) "Select date"
      (pt-rBR) "Selecionar data"
      (es-rUS) "Seleccionar fecha"
      (pt-rPT) "Selecione uma data"
      (en-rAU) "Select date"
      (zh-rTW) "選取日期"
    resource 0x7f0f020e string/m3c_date_picker_navigate_to_year_description
      () "Navigate to year %1$s"
      (ca) "Navega fins a l'any %1$s"
      (da) "Gå til år %1$s"
      (fa) "‏پیمایش به سال %1$s"
      (ja) "年に移動 %1$s"
      (ka) "%1$s-ზე გადასვლა"
      (pa) "ਸਾਲ %1$s 'ਤੇ ਜਾਓ"
      (ta) "%1$sக்குச் செல்லும்"
      (nb) "Gå til år %1$s"
      (be) "Перайсці ў год %1$s"
      (de) "Zum Jahr %1$s wechseln"
      (ne) "साल %1$s मा जानुहोस्"
      (te) "%1$s సంవత్సరానికి వెళ్లండి"
      (af) "Gaan na jaar %1$s"
      (bg) "Навигиране до %1$s година"
      (th) "ไปยังปี %1$s"
      (fi) "Siirry vuoteen %1$s"
      (hi) "साल %1$s पर जाएं"
      (si) "%1$s වසර වෙත සංචලන කරන්න"
      (vi) "Chuyển đến năm %1$s"
      (kk) "Мына жылға өту: %1$s"
      (mk) "Одете на %1$s година"
      (sk) "Prejsť na rok %1$s"
      (uk) "Перейти до %1$s року"
      (el) "Μετάβαση στο έτος %1$s"
      (gl) "Ir ao ano %1$s"
      (ml) "%1$s എന്ന വർഷത്തിലേക്ക് പോകുക"
      (nl) "Ga naar jaar %1$s"
      (pl) "Przejdź do roku %1$s"
      (sl) "Pomik na leto %1$s"
      (tl) "Mag-navigate papunta sa taong %1$s"
      (am) "ወደ ዓመት %1$s ያስሱ"
      (km) "រុករកទៅកាន់ឆ្នាំ %1$s"
      (bn) "নেভিগেট করে %1$s বছরে যান"
      (in) "Pilih tahun %1$s"
      (kn) "%1$s ವರ್ಷಕ್ಕೆ ನ್ಯಾವಿಗೇಟ್ ಮಾಡಿ"
      (mn) "%1$s он руу шилжих"
      (ko) "%1$s년으로 이동"
      (lo) "ນຳທາງໄປຫາປີ %1$s"
      (ro) "Navighează la anul %1$s"
      (sq) "Navigo në vitin %1$s"
      (ar) "‏الانتقال إلى سنة %1$s"
      (fr) "Accéder à l'année %1$s"
      (hr) "Prelazak u godinu %1$s"
      (mr) "%1$s वर्षावर नेव्हिगेट करा"
      (or) "%1$s ବର୍ଷକୁ ନାଭିଗେଟ କରନ୍ତୁ"
      (sr) "Идите на годину: %1$s"
      (b+sr+Latn) "Idite na godinu: %1$s"
      (tr) "%1$s yılına gidin"
      (ur) "‏سال ‎%1$s پر نیویگیٹ کریں"
      (as) "বৰ্ষ %1$sলৈ নেভিগে’ট কৰক"
      (bs) "Odlazak na %1$s. godinu"
      (cs) "Přejít na rok %1$s"
      (es) "Ir al año %1$s"
      (is) "Fletta til ársins %1$s"
      (ms) "Navigasi ke tahun %1$s"
      (et) "Liigu aasta %1$s juurde"
      (it) "Vai all'anno %1$s"
      (lt) "Eiti į %1$s m."
      (pt) "Navegar para o ano de %1$s"
      (eu) "Joan %1$s. urtera"
      (gu) "વર્ષ %1$s પર નૅવિગેટ કરો"
      (hu) "Navigálás a következő évhez: %1$s"
      (ru) "Переход к %1$s году"
      (zu) "Funa onyakeni %1$s"
      (lv) "Pāriet uz %1$s. gadu"
      (sv) "Navigera till %1$s"
      (iw) "‏ניווט לשנת %1$s"
      (sw) "Nenda kwenye mwaka %1$s"
      (hy) "Անցնել %1$s թվական"
      (ky) "%1$s-жылга өтүү"
      (my) "%1$s ခုနှစ်သို့ သွားရန်"
      (az) "Bu ilə keçin: %1$s"
      (uz) "%1$s-yilga oʻtish"
      (en-rCA) "Navigate to year %1$s"
      (fr-rCA) "Naviguez jusqu'à l'année %1$s"
      (en-rGB) "Navigate to year %1$s"
      (en-rXC) "‎‏‎‎‎‎‎‏‎‏‏‏‎‎‎‎‎‎‏‎‎‏‎‎‎‎‏‏‏‏‏‏‏‏‏‏‎‏‎‏‎‎‎‏‎‏‎‏‎‎‎‎‎‎‎‏‎‎‏‎‏‏‏‎‏‎‎‏‏‎‎‎‎‎‏‎‏‎‎‏‏‏‎‏‎‎‎‎‎‏‏‎‏‎‎‎‎Navigate to year %1$s‎‏‎‎‏‎"
      (zh-rHK) "前往 %1$s 年"
      (zh-rCN) "切换到年份：%1$s"
      (en-rIN) "Navigate to year %1$s"
      (pt-rBR) "Navegar para o ano de %1$s"
      (es-rUS) "Navegar al año %1$s"
      (pt-rPT) "Navegar para o ano %1$s"
      (en-rAU) "Navigate to year %1$s"
      (zh-rTW) "前往 %1$s 年"
    resource 0x7f0f0212 string/m3c_date_picker_switch_to_calendar_mode
      () "Switch to calendar input mode"
      (ca) "Canvia al mode d'introducció de calendari"
      (da) "Skift til input-tilstand for kalender"
      (fa) "تعویض به حالت ورودی تقویم"
      (ja) "カレンダー入力モードに切り替え"
      (ka) "კალენდარში შეყვანის რეჟიმზე გადართვა"
      (pa) "ਕੈਲੰਡਰ ਇਨਪੁੱਟ ਮੋਡ 'ਤੇ ਸਵਿੱਚ ਕਰੋ"
      (ta) "கேலெண்டர் உள்ளீட்டு முறைக்கு மாற்று"
      (nb) "Bytt til kalendermodus for inndata"
      (be) "Пераключыцца ў рэжым уводу "Каляндар""
      (de) "In den Kalendereingabemodus wechseln"
      (ne) "पात्रोको इनपुट मोड प्रयोग गर्नुहोस्"
      (te) "క్యాలెండర్ ఇన్‌పుట్ మోడ్‌కు మారండి"
      (af) "Skakel oor na kalenderinvoermodus"
      (bg) "Превключване към режим за въвеждане в календар"
      (th) "สลับไปใช้โหมดป้อนข้อมูลปฏิทิน"
      (fi) "Vaihda syöttötavaksi kalenteri"
      (hi) "कैलेंडर इनपुट मोड पर स्विच करें"
      (si) "දිනදර්ශන ආදාන ප්‍රකාරයට මාරු වන්න"
      (vi) "Chuyển sang chế độ nhập lịch"
      (kk) "Күнтізбенің енгізу режиміне ауысу"
      (mk) "Префрли на режим за внесување во календарот"
      (sk) "Prepnúť na kalendárový režim vstupu"
      (uk) "Перейти в режим введення в календарі"
      (el) "Εναλλαγή στη λειτουργία εισαγωγής ημερολογίου"
      (gl) "Cambiar ao modo de introdución de texto do calendario"
      (ml) "കലണ്ടർ ഇൻപുട്ട് മോഡിലേക്ക് മാറുക"
      (nl) "Overschakelen naar agenda-invoermodus"
      (pl) "Włącz tryb wprowadzania danych kalendarzowych"
      (sl) "Preklop na način vnosa v koledar"
      (tl) "Lumipat sa pamamaraan ng pag-input ng kalendaryo"
      (am) "ወደ የቀን መቁጠሪያ ግቤት ሁነታ ይቀይሩ"
      (km) "ប្ដូរទៅ​មុខងារបញ្ចូល​ប្រតិទិន"
      (bn) "ক্যালেন্ডার ইনপুট মোডে বদল করুন"
      (in) "Beralih ke mode input kalender"
      (kn) "ಕ್ಯಾಲೆಂಡರ್ ಇನ್‌ಪುಟ್ ಮೋಡ್‌ಗೆ ಬದಲಿಸಿ"
      (mn) "Календарийн орох горим руу сэлгэх"
      (ko) "캘린더 입력 모드로 전환"
      (lo) "ສະຫຼັບໄປໃຊ້ໂໝດປ້ອນຂໍ້ມູນປະຕິທິນ"
      (ro) "Comută la modul de introducere în calendar"
      (sq) "Kalo te modaliteti i "Hyrjes së kalendarit""
      (ar) "التبديل إلى وضع "الإدخال في التقويم""
      (fr) "Passer au mode de saisie Agenda"
      (hr) "Prijelaz na način unosa u Kalendaru"
      (mr) "कॅलेंडर इनपुट मोडवर स्विच करा"
      (or) "କେଲେଣ୍ଡର ଇନପୁଟ ମୋଡକୁ ସୁଇଚ କରନ୍ତୁ"
      (sr) "Пређите на режим уноса у Календару"
      (b+sr+Latn) "Pređite na režim unosa u Kalendaru"
      (tr) "Takvim giriş moduna geç"
      (ur) "کیلنڈر اِن پٹ موڈ پر سوئچ کریں"
      (as) "কেলেণ্ডাৰ ইনপুট ম’ডলৈ সলনি কৰক"
      (bs) "Prebacivanje na način rada unosa kalendara"
      (cs) "Přepnout na režim zadávání pomocí kalendáře"
      (es) "Cambiar al modo de introducción de calendario"
      (is) "Skipta yfir í innfærsluaðferð fyrir dagatal"
      (ms) "Beralih kepada mod input kalendar"
      (et) "Lülitu kalendrisisestusrežiimile"
      (it) "Passa alla modalità di immissione calendario"
      (lt) "Perjungti į kalendoriaus įvesties režimą"
      (pt) "Usar o modo de entrada na agenda"
      (eu) "Aldatu egutegiaren idazketa-metodora"
      (gu) "કૅલેન્ડર ઇનપુટ મોડ પર સ્વિચ કરો"
      (hu) "Váltás naptárbeviteli módra"
      (ru) "Перейти в режим выбора даты"
      (zu) "Shintshela kwimodi yokufaka yekhalenda"
      (lv) "Pārslēgties uz kalendāra ievades režīmu"
      (sv) "Byt till kalender som inmatningsläge"
      (iw) "מעבר לשיטת קלט של יומן"
      (sw) "Badilisha uteue tarehe kwenye kalenda"
      (hy) "Անցնել օրացույցի մուտքագրման ռեժիմ"
      (ky) "Жылнаамага киргизүү режимине которулуу"
      (my) "ပြက္ခဒိန် လက်ကွက်ထည့်သွင်းနည်းသို့ ပြောင်းရန်"
      (az) "Təqvim daxiletmə rejiminə keçin"
      (uz) "Taqvim kiritish rejimiga oʻtish"
      (en-rCA) "Switch to calendar input mode"
      (fr-rCA) "Passer au mode d'entrée de l'agenda"
      (en-rGB) "Switch to calendar input mode"
      (en-rXC) "‎‏‎‎‎‎‎‏‎‏‏‏‎‎‎‎‎‎‏‎‎‏‎‎‎‎‏‏‏‏‏‎‏‏‏‎‎‏‎‎‎‎‏‎‏‎‎‏‎‏‎‎‏‏‏‏‏‏‎‎‎‎‎‏‎‏‏‎‎‏‎‏‎‎‎‏‎‎‏‎‏‏‏‏‏‎‎‏‎‏‎‏‏‏‎Switch to calendar input mode‎‏‎‎‏‎"
      (zh-rHK) "切換至日曆輸入模式"
      (zh-rCN) "切换到日历输入模式"
      (en-rIN) "Switch to calendar input mode"
      (pt-rBR) "Usar o modo de entrada na agenda"
      (es-rUS) "Cambiar al modo de entrada de calendario"
      (pt-rPT) "Mudar para o método de introdução de calendário"
      (en-rAU) "Switch to calendar input mode"
      (zh-rTW) "切換至日曆輸入模式"
    resource 0x7f0f0213 string/m3c_date_picker_switch_to_day_selection
      () "Swipe to select a year, or tap to switch back to selecting a day"
      (ca) "Llisca per seleccionar un any o toca per tornar a seleccionar un dia"
      (da) "Stryg for at vælge et år, eller tryk for at skifte tilbage til datovælgeren"
      (fa) "برای انتخاب سال، تند بکشید یا برای برگشتن به انتخاب روز، تک‌ضرب بزنید"
      (ja) "スワイプして年を選択するか、タップして日付の選択に戻ります"
      (ka) "გადაფურცლეთ წლის ასარჩევად, ან შეხებით აირჩიეთ ისევ დღის არჩევაზე გადართვა"
      (pa) "ਕੋਈ ਸਾਲ ਚੁਣਨ ਲਈ ਸਵਾਈਪ ਕਰੋ ਜਾਂ ਕੋਈ ਦਿਨ ਚੁਣਨ ਲਈ ਵਾਪਸ ਜਾਣ ਵਾਸਤੇ ਟੈਪ ਕਰੋ"
      (ta) "ஆண்டைத் தேர்வுசெய்ய ஸ்வைப் செய்யுங்கள் அல்லது தேதியைத் தேர்வுசெய்யும் பக்கத்திற்கு மீண்டும் செல்ல தட்டுங்கள்"
      (nb) "Sveip for å velge år, eller trykk for å bytte tilbake til valg av dag"
      (be) "Правядзіце пальцам, каб выбраць год, або націсніце, каб вярнуцца да выбару даты"
      (de) "Wischen, um ein Jahr auszuwählen, oder tippen, um zur Tagesauswahl zurückzukehren"
      (ne) "कुनै साल छनौट गर्न स्वाइप गर्नुहोस् वा दिन चयन गर्न ट्याप गर्नुहोस्"
      (te) "సంవత్సరాన్ని ఎంచుకోవడానికి స్వైప్ చేయండి, లేదా తిరిగి రోజును ఎంచుకునేందుకు మారడానికి ట్యాప్ చేయండి"
      (af) "Swiep om ’n jaar te kies of tik om terug te skakel om ’n dag te kies"
      (bg) "Прекарайте пръст, за да изберете година, или докоснете, за да се върнете към избора на ден"
      (th) "ปัดเพื่อเลือกปีหรือแตะเพื่อเปลี่ยนกลับไปยังการเลือกวัน"
      (fi) "Valitse vuosi pyyhkäisemällä tai palaa päivän valintaan napauttamalla"
      (hi) "किसी साल को चुनने के लिए स्वाइप करें या दिन को चुनने की सेटिंग पर वापस जाने के लिए टैप करें"
      (si) "වසරක් තේරීමට ස්වයිප් කරන්න, නැතහොත් දිනක් තේරීමට ආපසු මාරු වීමට තට්ටු කරන්න"
      (vi) "Vuốt để chọn một năm hoặc nhấn để chuyển lại về chọn một ngày"
      (kk) "Жыл таңдау үшін сырғытыңыз. Күн таңдауға ауысу үшін түртіңіз."
      (mk) "Повлечете за да изберете година или допрете за да се вратите на избирање ден"
      (sk) "Potiahnutím vyberte rok alebo klepnutím prepnite späť na výber dňa"
      (uk) "Проведіть пальцем по екрану, щоб вибрати рік, або торкніться, щоб повернутися до вибору дня"
      (el) "Σύρετε για να επιλέξετε ένα έτος ή πατήστε για να επιστρέψετε στην επιλογή ημέρας."
      (gl) "Pasar o dedo para seleccionar un ano ou tocar a pantalla para volver á selección do día"
      (ml) "വർഷം തിരഞ്ഞെടുക്കാൻ സ്വൈപ്പ് ചെയ്യുക അല്ലെങ്കിൽ ദിവസം തിരഞ്ഞെടുക്കുന്നതിലേക്ക് തിരികെ പോകാൻ ടാപ്പ് ചെയ്യുക"
      (nl) "Swipe om een jaar te selecteren of tik om terug te gaan en een dag te selecteren"
      (pl) "Przesuń, aby wybrać rok, lub kliknij, aby wrócić do wyboru dnia"
      (sl) "Povlecite, da izberete leto, ali se dotaknite, da preklopite nazaj na izbiranje dneva."
      (tl) "Mag-swipe para pumili ng taon, o mag-tap para bumalik sa pagpili ng araw"
      (am) "ዓመት ለመምረጥ ያንሸራትቱ ወይም ወደ ቀንን መምረጥ መልሶ ለመቀየር መታ ያድርጉ"
      (km) "អូសដើម្បីជ្រើសរើសឆ្នាំ ឬចុចដើម្បីប្ដូរត្រឡប់ទៅការជ្រើសរើសថ្ងៃវិញ"
      (bn) "একটি বছর বেছে নিতে সোয়াইপ করুন অথবা দিন বেছে নেওয়ার বিকল্পে ফিরে যেতে ট্যাপ করুন"
      (in) "Geser untuk memilih tahun, atau ketuk untuk beralih kembali ke pemilihan tanggal"
      (kn) "ವರ್ಷವನ್ನು ಆಯ್ಕೆಮಾಡಲು ಸ್ವೈಪ್ ಮಾಡಿ ಅಥವಾ ದಿನವನ್ನು ಆಯ್ಕೆಮಾಡಲು ಹಿಂತಿರುಗಲು ಟ್ಯಾಪ್ ಮಾಡಿ"
      (mn) "Он сонгохын тулд шудрах эсвэл өдөр сонгох руу буцааж сэлгэхийн тулд товшино уу"
      (ko) "스와이프하여 연도를 선택하거나 탭하여 날짜 선택으로 돌아가세요."
      (lo) "ປັດເພື່ອເລືອກປີ ຫຼື ແຕະເພື່ອປ່ຽນກັບໄປຫາການເລືອກວັນ"
      (ro) "Glisează pentru a selecta un an sau atinge pentru a reveni la selectarea zilei"
      (sq) "Rrëshqit shpejt për të zgjedhur një vit ose trokit për të kaluar sërish te zgjedhja e ditës"
      (ar) "مرِّر سريعًا لتحديد سنة، أو انقر للرجوع إلى تحديد يوم."
      (fr) "Balayez l'écran pour sélectionner une année ou appuyez pour revenir à la sélection d'un jour"
      (hr) "Pomaknite se za odabir godine ili dodirnite za povratak na odabir dana"
      (mr) "वर्ष निवडण्यासाठी स्‍वाइप करा किंवा दिवस निवडण्यावर परत स्विच करण्यासाठी टॅप करा"
      (or) "ଏକ ବର୍ଷ ଚୟନ କରିବା ପାଇଁ ସ୍ୱାଇପ କରନ୍ତୁ କିମ୍ବା ଏକ ଦିନ ଚୟନ କରିବା ପାଇଁ ପୁଣି ସୁଇଚ କରିବାକୁ ଟାପ କରନ୍ତୁ"
      (sr) "Превуците да бисте изабрали годину или додирните да бисте се вратили на избор дана"
      (b+sr+Latn) "Prevucite da biste izabrali godinu ili dodirnite da biste se vratili na izbor dana"
      (tr) "Kaydırarak bir yıl seçin veya gün seçme bölümüne geri dönmek için dokunun"
      (ur) "ایک سال منتخب کرنے کے لیے سوائپ کریں یا ایک دن منتخب کرنے کی خاطر دوبارہ سوئچ کرنے کے لیے تھپتھپائیں"
      (as) "এটা বছৰ বাছনি কৰিবলৈ ছোৱাইপ কৰক অথবা এটা দিন বাছনি কৰাৰ সুবিধাটোলৈ উভতি যাবলৈ টিপক"
      (bs) "Prevucite da odaberete godinu ili dodirnite da se vratite na odabir dana"
      (cs) "Přejetím prstem vyberte rok nebo se klepnutím vraťte k výběru dne"
      (es) "Desliza para seleccionar un año o toca para volver a seleccionar un día"
      (is) "Strjúktu til að velja ár eða ýttu til að skipta aftur yfir í að velja dag"
      (ms) "Leret untuk memilih tahun atau ketik untuk bertukar kembali kepada pemilihan hari"
      (et) "Pühkige aasta valimiseks või puudutage, et minna tagasi päeva valimise juurde"
      (it) "Scorri per selezionare un anno o tocca per tornare alla selezione di un giorno"
      (lt) "Perbraukite, kad pasirinktumėte metus, arba palieskite, kad grįžtumėte ir vėl pasirinktumėte dieną"
      (pt) "Deslize para selecionar um ano ou toque para voltar à seleção de dia"
      (eu) "Pasatu hatza urte bat hautatzeko. Bestela, sakatu hau eguna hautatzeko pantailara itzultzeko."
      (gu) "વર્ષ પસંદ કરવા માટે સ્વાઇપ કરો અથવા દિવસની પસંદગી પર પાછા સ્વિચ કરવા માટે ટૅપ કરો"
      (hu) "Csúsztatással kiválaszthatja a kívánt évet, vagy koppintással visszaválthat a nap kiválasztásához."
      (ru) "Проведите по экрану, чтобы выбрать год, или нажмите, чтобы вернуться к выбору дня."
      (zu) "Swayipha ukuze ukhethe unyaka, noma thepha ukuze ubuyele ekukhetheni usuku"
      (lv) "Velciet, lai atlasītu gadu, vai pieskarieties, lai pārietu atpakaļ pie dienas atlases"
      (sv) "Svep för att välja ett år eller tryck för att återgå till att välja en dag"
      (iw) "יש להחליק כדי לבחור שנה, או ללחוץ כדי לחזור לבחירת היום"
      (sw) "Telezesha kidole ili uchague mwaka au gusa ili urejee kuchagua siku"
      (hy) "Սահեցրեք՝ տարեթիվ ընտրելու համար, կամ հպեք՝ օրվա ընտրությանը վերադառնալու համար"
      (ky) "Жылды тандоо үчүн экранды сүрүңүз же күндү тандоого кайтуу үчүн таптап коюңуз"
      (my) "ခုနှစ်ရွေးချယ်ရန် ပွတ်ဆွဲပါ (သို့) ရက်ရွေးချယ်ခြင်းသို့ ပြန်ရန် တို့ပါ"
      (az) "İl seçmək üçün sürüşdürün. Gün seçiminə qayıtmaq üçün toxunun"
      (uz) "Yilni tanlash uchun suring yoki kunni tanlashga qaytish uchun tegining"
      (en-rCA) "Swipe to select a year, or tap to switch back to selecting a day"
      (fr-rCA) "Balayez l'écran pour sélectionner une année, ou touchez pour revenir en arrière et sélectionner un jour"
      (en-rGB) "Swipe to select a year or tap to switch back to selecting a day"
      (en-rXC) "‎‏‎‎‎‎‎‏‎‏‏‏‎‎‎‎‎‎‏‎‎‏‎‎‎‎‏‏‏‏‎‏‏‏‎‏‎‏‏‏‏‏‎‏‏‎‎‎‏‏‎‏‏‎‎‎‏‎‎‎‏‎‏‏‏‎‏‏‏‎‏‎‎‎‏‏‎‏‏‏‏‏‎‏‏‏‎‏‎‏‏‎‎Swipe to select a year, or tap to switch back to selecting a day‎‏‎‎‏‎"
      (zh-rHK) "滑動可選取年分，或可輕按返回選取日期"
      (zh-rCN) "滑动可选择年份，点按可切换回选择日期"
      (en-rIN) "Swipe to select a year or tap to switch back to selecting a day"
      (pt-rBR) "Deslize para selecionar um ano ou toque para voltar à seleção de dia"
      (es-rUS) "Desliza el dedo para seleccionar un año o presiona para volver a la selección de día"
      (pt-rPT) "Deslize rapidamente para selecionar um ano ou toque para mudar novamente para a seleção do dia"
      (en-rAU) "Swipe to select a year or tap to switch back to selecting a day"
      (zh-rTW) "滑動即可選取年分，也可輕觸返回選取日期"
    resource 0x7f0f0214 string/m3c_date_picker_switch_to_input_mode
      () "Switch to text input mode"
      (ca) "Canvia al mode d'introducció de text"
      (da) "Skift til input-tilstand for tekst"
      (fa) "رفتن به حالت ورودی نوشتاری"
      (ja) "テキスト入力モードに切り替え"
      (ka) "ტექსტის შეყვანის რეჟიმზე გადართვა"
      (pa) "ਲਿਖਤ ਇਨਪੁੱਟ ਮੋਡ 'ਤੇ ਸਵਿੱਚ ਕਰੋ"
      (ta) "எழுத்து உள்ளீட்டு முறைக்கு மாற்று"
      (nb) "Bytt til tekstmodus for inndata"
      (be) "Пераключыцца ў рэжым уводу "Тэкст""
      (de) "In den Texteingabemodus wechseln"
      (ne) "टेक्स्ट इनपुट मोड प्रयोग गर्नुहोस्"
      (te) "టెక్స్ట్ ఇన్‌పుట్ మోడ్‌కు మారండి"
      (af) "Skakel oor na teksinvoermodus"
      (bg) "Превключване към режим за въвеждане на текст"
      (th) "สลับไปใช้โหมดการป้อนข้อความ"
      (fi) "Vaihda tekstinsyöttötilaan"
      (hi) "टेक्स्ट इनपुट मोड पर स्विच करें"
      (si) "පාඨ ආදාන ප්‍රකාරයට මාරු වන්න"
      (vi) "Chuyển sang chế độ nhập văn bản"
      (kk) "Мәтін енгізу режиміне ауысу"
      (mk) "Префрли на режим за внесување текст"
      (sk) "Prepnúť na režim zadávania textu"
      (uk) "Перейти в режим введення тексту"
      (el) "Εναλλαγή στη λειτουργία εισαγωγής κειμένου"
      (gl) "Cambiar ao modo de introdución de texto"
      (ml) "ടെക്‌സ്‌റ്റ് ഇൻപുട്ട് മോഡിലേക്ക് മാറുക"
      (nl) "Overschakelen naar tekstinvoermodus"
      (pl) "Przełącz na tryb wprowadzania tekstu"
      (sl) "Preklop na način vnosa besedila"
      (tl) "Lumipat sa pamamaraan ng pag-input ng text"
      (am) "ወደ የጽሁፍ ግቤት ሁነታ ይቀይሩ"
      (km) "ប្ដូរទៅ​មុខងារបញ្ចូល​អក្សរ"
      (bn) "টেক্সট ইনপুট মোডে বদল করুন"
      (in) "Beralih ke mode input teks"
      (kn) "ಪಠ್ಯ ಇನ್‌ಪುಟ್ ಮೋಡ್‌ಗೆ ಬದಲಿಸಿ"
      (mn) "Текст оруулах горим руу сэлгэх"
      (ko) "텍스트 입력 모드로 전환"
      (lo) "ສະຫຼັບໄປໃຊ້ໂໝດປ້ອນຂໍ້ຄວາມ"
      (ro) "Comută la modul de introducere a textului"
      (sq) "Kalo te modaliteti i "Hyrjes së tekstit""
      (ar) "التبديل إلى "وضع إدخال النص""
      (fr) "Passer au mode de saisie Texte"
      (hr) "Prijelaz na način unosa teksta"
      (mr) "टेक्स्ट इनपुट मोडवर स्विच करा"
      (or) "ଟେକ୍ସଟ ଇନପୁଟ ମୋଡକୁ ସୁଇଚ କରନ୍ତୁ"
      (sr) "Пређите на режим уноса текста"
      (b+sr+Latn) "Pređite na režim unosa teksta"
      (tr) "Metin giriş moduna geç"
      (ur) "ٹیکسٹ اِن پٹ موڈ پر سوئچ کریں"
      (as) "পাঠ ইনপুট ম’ডলৈ সলনি কৰক"
      (bs) "Prebacivanje na način rada unosa teksta"
      (cs) "Přepnout na režim zadávání textu"
      (es) "Cambiar al modo de introducción de texto"
      (is) "Skipta yfir í textainnslátt"
      (ms) "Beralih kepada mod input teks"
      (et) "Lülitu tekstisisestusrežiimile"
      (it) "Passa alla modalità di immissione testo"
      (lt) "Perjungti į teksto įvesties režimą"
      (pt) "Usar o modo de entrada de texto"
      (eu) "Aldatu testua idazteko modura"
      (gu) "ટેક્સ્ટ ઇનપુટ મોડ પર સ્વિચ કરો"
      (hu) "Váltás szövegbeviteli módra"
      (ru) "Перейти в режим ввода текста"
      (zu) "Shintshela kwimodi yokufaka yombhalo"
      (lv) "Pārslēgties uz teksta ievades režīmu"
      (sv) "Byt till text som inmatningsläge"
      (iw) "מעבר לשיטת קלט של טקסט"
      (sw) "Badilisha uandike tarehe mwenyewe"
      (hy) "Անցնել տեքստի մուտքագրման ռեժիմին"
      (ky) "Текст киргизүү режимине которулуу"
      (my) "စာရိုက်နည်းသို့ ပြောင်းရန်"
      (az) "Mətn daxiletmə rejiminə keçin"
      (uz) "Matn kiritish rejimiga oʻtish"
      (en-rCA) "Switch to text input mode"
      (fr-rCA) "Passer au mode d'entrée de texte"
      (en-rGB) "Switch to text input mode"
      (en-rXC) "‎‏‎‎‎‎‎‏‎‏‏‏‎‎‎‎‎‎‏‎‎‏‎‎‎‎‏‏‏‏‏‎‏‏‏‏‏‎‏‏‎‎‏‏‏‎‎‎‎‏‏‏‏‏‏‎‏‎‎‏‏‏‎‏‎‏‏‏‏‏‏‎‏‎‏‎‎‏‎‏‎‎‏‎‎‏‏‏‎‏‎‎‎‎‎Switch to text input mode‎‏‎‎‏‎"
      (zh-rHK) "切換至文字輸入模式"
      (zh-rCN) "切换到文本字段输入模式"
      (en-rIN) "Switch to text input mode"
      (pt-rBR) "Usar o modo de entrada de texto"
      (es-rUS) "Cambiar al modo de entrada de texto"
      (pt-rPT) "Mudar para o método de introdução de texto"
      (en-rAU) "Switch to text input mode"
      (zh-rTW) "切換至文字輸入模式"
    resource 0x7f0f0215 string/m3c_date_picker_switch_to_next_month
      () "Change to next month"
      (ca) "Canvia al mes següent"
      (da) "Skift til næste måned"
      (fa) "تغییر به ماه بعدی"
      (ja) "翌月に変更"
      (ka) "შემდეგ თვეზე გადასვლა"
      (pa) "ਅਗਲੇ ਮਹੀਨੇ 'ਤੇ ਜਾਓ"
      (ta) "அடுத்த மாதத்திற்கு மாற்று"
      (nb) "Bytt til neste måned"
      (be) "Перайсці да наступнага месяца"
      (de) "Zum nächsten Monat wechseln"
      (ne) "हाल चयन गरिएको महिना परिवर्तन गरी आगामी महिना बनाउनुहोस्"
      (te) "వచ్చే నెలకు మార్చండి"
      (af) "Verander na volgende maand"
      (bg) "Преминаване към следващия месец"
      (th) "เปลี่ยนไปที่เดือนถัดไป"
      (fi) "Vaihda seuraavaan kuukauteen"
      (hi) "अगले महीने पर सेट करें"
      (si) "ඊළඟ මාසයට වෙනස් කරන්න"
      (vi) "Chuyển sang tháng tiếp theo"
      (kk) "Келесі айға өзгерту"
      (mk) "Промени на следниот месец"
      (sk) "Zmeniť na nasledujúci mesiac"
      (uk) "Перейти до наступного місяця"
      (el) "Αλλαγή στον επόμενο μήνα"
      (gl) "Cambiar ao mes seguinte"
      (ml) "അടുത്ത മാസത്തിലേക്ക് മാറ്റുക"
      (nl) "Naar volgende maand gaan"
      (pl) "Zmień na następny miesiąc"
      (sl) "Spremeni na naslednji mesec"
      (tl) "Lumipat sa susunod na buwan"
      (am) "ወደ የሚቀጥለው ወር ይቀይሩ"
      (km) "ប្ដូរ​ទៅ​ខែបន្ទាប់"
      (bn) "আগামী মাসে পরিবর্তন করুন"
      (in) "Ubah ke bulan berikutnya"
      (kn) "ಮುಂದಿನ ತಿಂಗಳಿಗೆ ಬದಲಿಸಿ"
      (mn) "Дараагийн сар луу өөрчлөх"
      (ko) "다음 달로 변경"
      (lo) "ປ່ຽນເປັນເດືອນຕໍ່ໄປ"
      (ro) "Treci la luna următoare"
      (sq) "Ndrysho te muaji i ardhshëm"
      (ar) "التغيير إلى الشهر التالي"
      (fr) "Passer au mois suivant"
      (hr) "Pomicanje na sljedeći mjesec"
      (mr) "पुढील महिन्यावर बदला"
      (or) "ପରବର୍ତ୍ତୀ ମାସକୁ ପରିବର୍ତ୍ତନ କରନ୍ତୁ"
      (sr) "Пређите на следећи месец"
      (b+sr+Latn) "Pređite na sledeći mesec"
      (tr) "Sonraki aya değiştir"
      (ur) "اگلے ماہ میں تبدیل کریں"
      (as) "পৰৱৰ্তী মাহলৈ সলনি কৰক"
      (bs) "Promjena na sljedeći mjesec"
      (cs) "Přejít na další měsíc"
      (es) "Cambiar al mes siguiente"
      (is) "Breyta í næsta mánuð"
      (ms) "Tukar kepada bulan seterusnya"
      (et) "Vaheta järgmisele kuule"
      (it) "Passa al mese successivo"
      (lt) "Pakeisti į kitą mėnesį"
      (pt) "Mudar para o próximo mês"
      (eu) "Aldatu hurrengo hilabetera"
      (gu) "બદલીને આગલો મહિનો પસંદ કરો"
      (hu) "Váltás a következő hónapra"
      (ru) "Перейти к следующему месяцу"
      (zu) "Shintshela kunyanga elandelayo"
      (lv) "Mainīt uz nākamo mēnesi"
      (sv) "Ändra till nästa månad"
      (iw) "מעבר לחודש הבא"
      (sw) "Nenda kwenye mwezi unaofuata"
      (hy) "Անցնել հաջորդ ամսվան"
      (ky) "Кийинки айга өзгөртүү"
      (my) "နောက်လသို့ ပြောင်းရန်"
      (az) "Növbəti aya dəyişin"
      (uz) "Keyingi oyga oʻzgartirish"
      (en-rCA) "Change to next month"
      (fr-rCA) "Passer au mois suivant"
      (en-rGB) "Change to next month"
      (en-rXC) "‎‏‎‎‎‎‎‏‎‏‏‏‎‎‎‎‎‎‏‎‎‏‎‎‎‎‏‏‏‏‏‏‏‏‏‎‎‎‏‏‎‎‎‏‏‏‎‏‏‏‎‏‎‏‏‏‎‏‎‎‏‏‏‏‏‎‏‎‎‎‎‏‏‎‏‏‏‏‎‎‏‎‏‎‎‎‎‎‎‏‎‏‎‏‎‎‎Change to next month‎‏‎‎‏‎"
      (zh-rHK) "變更至下個月"
      (zh-rCN) "转到下个月"
      (en-rIN) "Change to next month"
      (pt-rBR) "Mudar para o próximo mês"
      (es-rUS) "Cambiar al mes siguiente"
      (pt-rPT) "Mudar para o mês seguinte"
      (en-rAU) "Change to next month"
      (zh-rTW) "改成下個月"
    resource 0x7f0f0216 string/m3c_date_picker_switch_to_previous_month
      () "Change to previous month"
      (ca) "Canvia al mes anterior"
      (da) "Skift til forrige måned"
      (fa) "تغییر به ماه قبلی"
      (ja) "前月に変更"
      (ka) "წინა თვეზე გადასვლა"
      (pa) "ਪਿਛਲੇ ਮਹੀਨੇ 'ਤੇ ਜਾਓ"
      (ta) "முந்தைய மாதத்திற்கு மாற்று"
      (nb) "Bytt til forrige måned"
      (be) "Перайсці да папярэдняга месяца"
      (de) "Zum vorherigen Monat wechseln"
      (ne) "हाल चयन गरिएको महिना परिवर्तन गरी अघिल्लो महिना बनाउनुहोस्"
      (te) "మునుపటి నెలకు మార్చండి"
      (af) "Verander na vorige maand"
      (bg) "Преминаване към предишния месец"
      (th) "เปลี่ยนไปที่เดือนก่อนหน้า"
      (fi) "Vaihda edelliseen kuukauteen"
      (hi) "पिछले महीने पर सेट करें"
      (si) "පෙර මාසයට වෙනස් කරන්න"
      (vi) "Chuyển về tháng trước"
      (kk) "Алдыңғы айға өзгерту"
      (mk) "Промени на претходниот месец"
      (sk) "Zmeniť na predchádzajúci mesiac"
      (uk) "Перейти до попереднього місяця"
      (el) "Αλλαγή στον προηγούμενο μήνα"
      (gl) "Cambiar ao mes anterior"
      (ml) "മുമ്പത്തെ മാസത്തിലേക്ക് മാറ്റുക"
      (nl) "Naar vorige maand gaan"
      (pl) "Zmień na poprzedni miesiąc"
      (sl) "Spremeni na prejšnji mesec"
      (tl) "Lumipat sa nakaraang buwan"
      (am) "ወደ ቀዳሚው ወር ይቀይሩ"
      (km) "ប្ដូរ​ទៅ​ខែមុន"
      (bn) "আগের মাসে পরিবর্তন করুন"
      (in) "Ubah ke bulan sebelumnya"
      (kn) "ಹಿಂದಿನ ತಿಂಗಳಿಗೆ ಬದಲಿಸಿ"
      (mn) "Өмнөх сар луу өөрчлөх"
      (ko) "이전 달로 변경"
      (lo) "ປ່ຽນເປັນເດືອນກ່ອນໜ້າ"
      (ro) "Treci la luna anterioară"
      (sq) "Ndrysho te muaji i kaluar"
      (ar) "التغيير إلى الشهر السابق"
      (fr) "Passer au mois précédent"
      (hr) "Pomicanje na prethodni mjesec"
      (mr) "मागील महिन्यावर बदला"
      (or) "ପୂର୍ବବର୍ତ୍ତୀ ମାସକୁ ପରିବର୍ତ୍ତନ କରନ୍ତୁ"
      (sr) "Пређите на претходни месец"
      (b+sr+Latn) "Pređite na prethodni mesec"
      (tr) "Önceki aya değiştir"
      (ur) "گزشتہ ماہ میں تبدیل کریں"
      (as) "পূৰ্বৱৰ্তী মাহলৈ সলনি কৰক"
      (bs) "Promjena na prethodni mjesec"
      (cs) "Přejít na předchozí měsíc"
      (es) "Cambiar al mes anterior"
      (is) "Breyta í fyrri mánuð"
      (ms) "Tukar kepada bulan sebelumnya"
      (et) "Vaheta eelmisele kuule"
      (it) "Passa al mese precedente"
      (lt) "Pakeisti į ankstesnį mėnesį"
      (pt) "Mudar para o mês anterior"
      (eu) "Aldatu aurreko hilabetera"
      (gu) "બદલીને પાછલો મહિનો પસંદ કરો"
      (hu) "Váltás az előző hónapra"
      (ru) "Перейти к предыдущему месяцу"
      (zu) "Shintshela kunyanga edlule"
      (lv) "Mainīt uz iepriekšējo mēnesi"
      (sv) "Ändra till föregående månad"
      (iw) "מעבר לחודש הקודם"
      (sw) "Rudi kwenye mwezi uliotangulia"
      (hy) "Անցնել նախորդ ամսվան"
      (ky) "Мурунку айга өзгөртүү"
      (my) "ယခင်လသို့ ပြောင်းရန်"
      (az) "Əvvəlki aya dəyişin"
      (uz) "Avvalgi oyga oʻzgartirish"
      (en-rCA) "Change to previous month"
      (fr-rCA) "Passer au mois précédent"
      (en-rGB) "Change to previous month"
      (en-rXC) "‎‏‎‎‎‎‎‏‎‏‏‏‎‎‎‎‎‎‏‎‎‏‎‎‎‎‏‏‏‏‎‏‎‏‏‎‎‏‎‏‎‏‏‏‎‎‏‎‎‏‏‏‏‏‏‎‎‎‎‎‎‎‎‎‎‎‏‏‎‎‎‎‏‏‎‏‏‏‎‏‎‎‎‎‎‎‏‏‏‏‎‎Change to previous month‎‏‎‎‏‎"
      (zh-rHK) "變更至上個月"
      (zh-rCN) "转到上个月"
      (en-rIN) "Change to previous month"
      (pt-rBR) "Mudar para o mês anterior"
      (es-rUS) "Cambiar al mes anterior"
      (pt-rPT) "Mudar para o mês anterior"
      (en-rAU) "Change to previous month"
      (zh-rTW) "改成上個月"
    resource 0x7f0f0217 string/m3c_date_picker_switch_to_year_selection
      () "Switch to selecting a year"
      (ca) "Canvia a la selecció de l'any"
      (da) "Skift til valg af år"
      (fa) "رفتن به انتخاب سال"
      (ja) "年の選択に切り替え"
      (ka) "წლის არჩევაზე გადასვლა"
      (pa) "ਸਾਲ ਚੁਣਨ ਲਈ ਸਵਿੱਚ ਕਰੋ"
      (ta) "ஆண்டைத் தேர்ந்தெடுக்கும் விருப்பத்திற்கு மாற்று"
      (nb) "Bytt til å velge et år"
      (be) "Перайсці да выбару года"
      (de) "Zur Jahresauswahl wechseln"
      (ne) "साल चयन गर्ने फिल्डमा जानुहोस्"
      (te) "సంవత్సరాన్ని ఎంచుకునే ఆప్షన్‌కు మారండి"
      (af) "Skakel oor na kies van ’n jaar"
      (bg) "Превключване към избиране на година"
      (th) "เปลี่ยนไปที่การเลือกปี"
      (fi) "Vaihda vuoden valintaan"
      (hi) "साल चुनने के लिए स्विच करें"
      (si) "වසරක් තේරීමට මාරු වන්න"
      (vi) "Chuyển sang chọn năm"
      (kk) "Жыл таңдауға өту"
      (mk) "Префрли на избирање година"
      (sk) "Prepnúť na výber roka"
      (uk) "Перейти до вибору року"
      (el) "Εναλλαγή σε επιλογή έτους"
      (gl) "Cambiar á selección do ano"
      (ml) "വർഷം തിരഞ്ഞെടുക്കുന്നതിലേക്ക് മാറുക"
      (nl) "Schakelaar om een jaar te selecteren"
      (pl) "Przełącz na wybór roku"
      (sl) "Preklopi na izbiro leta"
      (tl) "Lumipat sa pagpili ng taon"
      (am) "ወደ ዓመት መምረጥ ይቀይሩ"
      (km) "ប្ដូរទៅ​ការជ្រើសរើសឆ្នាំ"
      (bn) "কোনও একটি বছর বেছে নিতে বদল করুন"
      (in) "Beralih ke memilih tahun"
      (kn) "ವರ್ಷವನ್ನು ಆಯ್ಕೆ ಮಾಡಲು ಬದಲಿಸಿ"
      (mn) "Он сонгох руу сэлгэх"
      (ko) "연도 선택으로 전환"
      (lo) "ປ່ຽນໄປເລືອກປີ"
      (ro) "Comută la selectarea anului"
      (sq) "Kalo te zgjedhja e një viti"
      (ar) "التبديل لاختيار سنة"
      (fr) "Passer à la sélection d'une année"
      (hr) "Prijelaz na odabir godine"
      (mr) "वर्ष निवडणे यावर स्विच करा"
      (or) "ଏକ ବର୍ଷ ଚୟନ କରିବାକୁ ସୁଇଚ କରନ୍ତୁ"
      (sr) "Пређите на избор године"
      (b+sr+Latn) "Pređite na izbor godine"
      (tr) "Yıl seçimine geç"
      (ur) "ایک سال کا انتخاب کرنے کے لیے سوئچ کریں"
      (as) "বছৰ বাছনি কৰাৰ সুবিধাটোলৈ সলনি কৰক"
      (bs) "Prebacivanje na odabir godine"
      (cs) "Přepnout na výběr roku"
      (es) "Cambiar para seleccionar un año"
      (is) "Skipta yfir í val á ári"
      (ms) "Beralih kepada pemilihan tahun"
      (et) "Lülitu aasta valimisele"
      (it) "Passa alla selezione di un anno"
      (lt) "Perjungti į metų pasirinkimą"
      (pt) "Usar a seleção de ano"
      (eu) "Joan urte-hautatzailera"
      (gu) "વર્ષ પસંદ કરવાના વિકલ્પ પર સ્વિચ કરો"
      (hu) "Váltás az év kiválasztására"
      (ru) "Перейти к выбору года"
      (zu) "Shintshela ekukhetheni unyaka"
      (lv) "Pāriet uz gada atlasi"
      (sv) "Byt till att välja år"
      (iw) "החלפה לבחירה של שנה"
      (sw) "Teua mwaka"
      (hy) "Անցնել տարվա ընտրությանը"
      (ky) "Жыл тандоого которулуу"
      (my) "နှစ်ရွေးခြင်းသို့ ပြောင်းရန်"
      (az) "İl seçiminə keçin"
      (uz) "Tanlangan yilga oʻtish"
      (en-rCA) "Switch to selecting a year"
      (fr-rCA) "Passer à la sélection d'une année"
      (en-rGB) "Switch to selecting a year"
      (en-rXC) "‎‏‎‎‎‎‎‏‎‏‏‏‎‎‎‎‎‎‏‎‎‏‎‎‎‎‏‏‏‏‏‎‎‏‎‏‎‏‏‏‏‏‏‎‎‏‎‎‎‎‎‏‏‎‎‎‎‏‎‏‏‎‎‏‏‎‎‏‏‎‏‏‏‏‎‎‎‏‎‏‎‎‎‏‎‏‏‎‎‏‎‏‎‎Switch to selecting a year‎‏‎‎‏‎"
      (zh-rHK) "切換為選取年份"
      (zh-rCN) "切换为选择年份"
      (en-rIN) "Switch to selecting a year"
      (pt-rBR) "Usar a seleção de ano"
      (es-rUS) "Cambiar a seleccionar un año"
      (pt-rPT) "Mudar para a seleção do ano"
      (en-rAU) "Switch to selecting a year"
      (zh-rTW) "改為選取年份"
    resource 0x7f0f0218 string/m3c_date_picker_title
      () "Select date"
      (ca) "Selecciona la data"
      (da) "Vælg dato"
      (fa) "انتخاب تاریخ"
      (ja) "日付の選択"
      (ka) "თარიღის არჩევა"
      (pa) "ਤਾਰੀਖ ਚੁਣੋ"
      (ta) "தேதியைத் தேர்வுசெய்க"
      (nb) "Velg dato"
      (be) "Выберыце дату"
      (de) "Datum auswählen"
      (ne) "मिति चयन गर्नुहोस्"
      (te) "తేదీని ఎంచుకోండి"
      (af) "Kies datum"
      (bg) "Избиране на дата"
      (th) "เลือกวันที่"
      (fi) "Valitse päivämäärä"
      (hi) "तारीख चुनें"
      (si) "දිනය තෝරන්න"
      (vi) "Chọn ngày"
      (kk) "Күн таңдау"
      (mk) "Изберете датум"
      (sk) "Vybrať dátum"
      (uk) "Виберіть дату"
      (el) "Επιλογή ημερομηνίας"
      (gl) "Selecciona a data"
      (ml) "തീയതി തിരഞ്ഞെടുക്കുക"
      (nl) "Datum selecteren"
      (pl) "Wybierz datę"
      (sl) "Izbira datuma"
      (tl) "Pumili ng petsa"
      (am) "ቀን ይምረጡ"
      (km) "ជ្រើសរើស​កាលបរិច្ឆេទ"
      (bn) "তারিখ বেছে নিন"
      (in) "Pilih tanggal"
      (kn) "ದಿನಾಂಕ ಆಯ್ಕೆಮಾಡಿ"
      (mn) "Огноо сонгох"
      (ko) "날짜 선택"
      (lo) "ເລືອກວັນທີ"
      (ro) "Selectează data"
      (sq) "Zgjidh datën"
      (ar) "اختيار تاريخ"
      (fr) "Sélectionner une date"
      (hr) "Odaberite datum"
      (mr) "तारीख निवडा"
      (or) "ତାରିଖ ଚୟନ କରନ୍ତୁ"
      (sr) "Изаберите датум"
      (b+sr+Latn) "Izaberite datum"
      (tr) "Tarih seç"
      (ur) "تاریخ منتخب کریں"
      (as) "তাৰিখ বাছনি কৰক"
      (bs) "Odabir datuma"
      (cs) "Výběr data"
      (es) "Seleccionar fecha"
      (is) "Velja dagsetningu"
      (ms) "Pilih tarikh"
      (et) "Valige kuupäev"
      (it) "Seleziona data"
      (lt) "Pasirinkite datą"
      (pt) "Selecionar data"
      (eu) "Hautatu data bat"
      (gu) "તારીખ પસંદ કરો"
      (hu) "Dátum kiválasztása"
      (ru) "Выберите дату"
      (zu) "Khetha usuku"
      (lv) "Atlasīt datumu"
      (sv) "Välj datum"
      (iw) "בחירת תאריך"
      (sw) "Chagua tarehe"
      (hy) "Ընտրեք ամսաթիվը"
      (ky) "Күндү тандоо"
      (my) "ရက်စွဲရွေးရန်"
      (az) "Tarix seçin"
      (uz) "Sanani tanlang"
      (en-rCA) "Select date"
      (fr-rCA) "Sélectionner une date"
      (en-rGB) "Select date"
      (en-rXC) "‎‏‎‎‎‎‎‏‎‏‏‏‎‎‎‎‎‎‏‎‎‏‎‎‎‎‏‏‏‏‏‏‏‏‏‎‎‏‏‏‎‎‎‏‏‏‏‏‎‏‏‏‏‎‎‏‎‎‎‎‎‏‎‏‎‎‎‎‏‎‏‎‎‏‏‎‏‏‏‎‏‏‏‏‏‏‏‏‏‎‏‎‏‎‎‏‎Select date‎‏‎‎‏‎"
      (zh-rHK) "選取日期"
      (zh-rCN) "选择日期"
      (en-rIN) "Select date"
      (pt-rBR) "Selecionar data"
      (es-rUS) "Seleccionar fecha"
      (pt-rPT) "Selecione uma data"
      (en-rAU) "Select date"
      (zh-rTW) "選取日期"
    resource 0x7f0f0219 string/m3c_date_picker_today_description
      () "Today"
      (ca) "Avui"
      (da) "I dag"
      (fa) "امروز"
      (ja) "今日"
      (ka) "დღეს"
      (pa) "ਅੱਜ"
      (ta) "இன்று"
      (nb) "I dag"
      (be) "Сёння"
      (de) "Heute"
      (ne) "आज"
      (te) "నేడు"
      (af) "Vandag"
      (bg) "Днес"
      (th) "วันนี้"
      (fi) "Tänään"
      (hi) "आज"
      (si) "අද"
      (vi) "Hôm nay"
      (kk) "Бүгін"
      (mk) "Денес"
      (sk) "Dnes"
      (uk) "Сьогодні"
      (el) "Σήμερα"
      (gl) "Hoxe"
      (ml) "ഇന്ന്"
      (nl) "Vandaag"
      (pl) "Dzisiaj"
      (sl) "Danes"
      (tl) "Ngayon"
      (am) "ዛሬ"
      (km) "ថ្ងៃនេះ"
      (bn) "আজ"
      (in) "Hari ini"
      (kn) "ಇಂದು"
      (mn) "Өнөөдөр"
      (ko) "오늘"
      (lo) "ມື້ນີ້"
      (ro) "Azi"
      (sq) "Sot"
      (ar) "اليوم"
      (fr) "Aujourd'hui"
      (hr) "Danas"
      (mr) "आज"
      (or) "ଆଜି"
      (sr) "Данас"
      (b+sr+Latn) "Danas"
      (tr) "Bugün"
      (ur) "آج"
      (as) "আজি"
      (bs) "Danas"
      (cs) "Dnes"
      (es) "Hoy"
      (is) "Í dag"
      (ms) "Hari ini"
      (et) "Täna"
      (it) "Oggi"
      (lt) "Šiandien"
      (pt) "Hoje"
      (eu) "Gaur"
      (gu) "આજે"
      (hu) "Ma"
      (ru) "Сегодня"
      (zu) "Namuhla"
      (lv) "Šodien"
      (sv) "I dag"
      (iw) "היום"
      (sw) "Leo"
      (hy) "Այսօր"
      (ky) "Бүгүн"
      (my) "ယနေ့"
      (az) "Bu gün"
      (uz) "Bugun"
      (en-rCA) "Today"
      (fr-rCA) "Aujourd'hui"
      (en-rGB) "Today"
      (en-rXC) "‎‏‎‎‎‎‎‏‎‏‏‏‎‎‎‎‎‎‏‎‎‏‎‎‎‎‏‏‏‏‏‏‎‏‎‏‏‎‎‎‏‏‎‎‏‏‎‏‎‎‎‎‎‎‏‏‎‏‎‏‏‏‏‏‏‏‎‎‏‎‎‏‎‏‏‎‏‏‏‎‏‏‎‏‎‏‎‎‏‏‎‎‏‏‏‎Today‎‏‎‎‏‎"
      (zh-rHK) "今天"
      (zh-rCN) "今天"
      (en-rIN) "Today"
      (pt-rBR) "Hoje"
      (es-rUS) "Hoy"
      (pt-rPT) "Hoje"
      (en-rAU) "Today"
      (zh-rTW) "今天"
    resource 0x7f0f021a string/m3c_date_picker_year_picker_pane_title
      () "Year picker visible"
      (ca) "Selector d'any visible"
      (da) "Årsvælgeren er synlig"
      (fa) "انتخاب‌گر سال نمایان است"
      (ja) "年の選択ツールの表示"
      (ka) "არჩეული წელი ხილულია"
      (pa) "ਸਾਲ ਚੋਣਕਾਰ ਦਿਖਣਯੋਗ ਹੈ"
      (ta) "ஆண்டைத் தேர்வுசெய்யும் விருப்பம் காட்டப்படுகிறது"
      (nb) "Årsvelgeren er synlig"
      (be) "Бачны інструмент выбару года"
      (de) "Jahresauswahl sichtbar"
      (ne) "डेट पिकर देखिएको छ"
      (te) "సంవత్సరం పికర్ కనిపిస్తుంది"
      (af) "Jaarkieser sigbaar"
      (bg) "Инструментът за избор на година е видим"
      (th) "แสดงตัวเลือกปี"
      (fi) "Vuosivalitsin näkyvillä"
      (hi) "साल चुनने का विकल्प दिख रहा है"
      (si) "වසර තෝරකය දෘශ්‍යමානයි"
      (vi) "Bộ chọn năm hiển thị"
      (kk) "Көрсетілген жыл таңдағышы"
      (mk) "Избирачот на година е видлив"
      (sk) "Výber roka je viditeľný"
      (uk) "Показувати засіб вибору року"
      (el) "Το εργαλείο επιλογής έτους είναι ορατό"
      (gl) "Selector de ano visible"
      (ml) "വർഷ പിക്കർ ദൃശ്യമാണ്"
      (nl) "Jaarselectie zichtbaar"
      (pl) "Widoczny selektor roku"
      (sl) "Izbirnik leta je viden"
      (tl) "Nakikita ang picker ng taon"
      (am) "ዓመት መራጭ ይታያል"
      (km) "អាចមើលឃើញផ្ទាំងជ្រើសរើសឆ្នាំ"
      (bn) "বছর বেছে নেওয়ার তালিকা দেখা যাচ্ছে"
      (in) "Pemilih tahun terlihat"
      (kn) "ವರ್ಷದ ಪಿಕರ್ ಗೋಚರಿಸುತ್ತದೆ"
      (mn) "Он сонгогч харагдаж байна"
      (ko) "연도 선택 도구 표시"
      (lo) "ສະແດງຕົວເລືອກປີ"
      (ro) "Selectorul de an este vizibil"
      (sq) "Zgjedhësi i vitit i dukshëm"
      (ar) "أداة اختيار السنوات مرئية"
      (fr) "Sélecteur d'année visible"
      (hr) "Vidljiv je alat za odabir godine"
      (mr) "वर्ष पिकर दृश्यमान आहे"
      (or) "ବର୍ଷ ପିକର ଦେଖାଯାଉଛି"
      (sr) "Видљив бирач година"
      (b+sr+Latn) "Vidljiv birač godina"
      (tr) "Yıl seçici görünür durumda"
      (ur) "سال کا منتخب کنندہ مرئی ہے"
      (as) "বছৰ বাছনিকৰ্তা দৃশ্যমান"
      (bs) "Birač godine je vidljiv"
      (cs) "Je zobrazen výběr roku"
      (es) "Selector de año visible"
      (is) "Ársval birt"
      (ms) "Pemilih tahun kelihatan"
      (et) "Aasta valija on nähtav"
      (it) "Selettore dell'anno visibile"
      (lt) "Rodomas metų parinkiklis"
      (pt) "Seletor de ano visível"
      (eu) "Urte-hautatzailea ikusgai dago"
      (gu) "વર્ષ માટેનું પિકર દૃશ્યમાન છે"
      (hu) "Látható az évválasztó"
      (ru) "Отображаемый выбор года"
      (zu) "Isikhethi sonyaka siyabonakala"
      (lv) "Redzams gada atlasītājs"
      (sv) "Årväljaren är synlig"
      (iw) "בורר השנה גלוי"
      (sw) "Kiteua mwaka kimeonyeshwa"
      (hy) "Տարեթվի ցուցադրվող ընտրիչ"
      (ky) "Көрсөтүлгөн жыл тандагыч"
      (my) "ခုနှစ်ရွေးချယ်ရေးစနစ်ကို မြင်ရသည်"
      (az) "İl seçicisi görünür"
      (uz) "Yil tanlagich ochiq"
      (en-rCA) "Year picker visible"
      (fr-rCA) "Sélecteur d'année visible"
      (en-rGB) "Year picker visible"
      (en-rXC) "‎‏‎‎‎‎‎‏‎‏‏‏‎‎‎‎‎‎‏‎‎‏‎‎‎‎‏‏‏‏‏‎‏‏‏‏‎‎‏‎‏‏‎‏‎‎‎‏‎‏‏‏‏‎‏‎‏‎‏‏‏‎‏‎‎‏‎‏‏‎‏‏‎‎‏‎‎‏‎‎‏‏‏‏‏‎‏‎‏‏‎‎‏‎‎Year picker visible‎‏‎‎‏‎"
      (zh-rHK) "顯示年分挑選器"
      (zh-rCN) "年份选择器可见"
      (en-rIN) "Year picker visible"
      (pt-rBR) "Seletor de ano visível"
      (es-rUS) "Selector de año visible"
      (pt-rPT) "Selecionador de ano visível"
      (en-rAU) "Year picker visible"
      (zh-rTW) "顯示年份挑選器"
    resource 0x7f0f0223 string/m3c_dialog
      () "Dialog"
      (ca) "Quadre de diàleg"
      (da) "Dialogboks"
      (fa) "کادر گفتگو"
      (ja) "ダイアログ"
      (ka) "დიალოგი"
      (pa) "ਡਾਇਲੌਗ"
      (ta) "உரையாடல்"
      (nb) "Dialogboks"
      (be) "Дыялогавае акно"
      (de) "Dialogfeld"
      (ne) "डायलग"
      (te) "డైలాగ్"
      (af) "Dialoog"
      (bg) "Диалогов прозорец"
      (th) "กล่องโต้ตอบ"
      (fi) "Valintaikkuna"
      (hi) "डायलॉग"
      (si) "සංවාදය"
      (vi) "Hộp thoại"
      (kk) "Диалогтік терезе"
      (mk) "Дијалог"
      (sk) "Dialógové okno"
      (uk) "Вікно"
      (el) "Παράθυρο διαλόγου"
      (gl) "Cadro de diálogo"
      (ml) "ഡയലോഗ്"
      (nl) "Dialoogvenster"
      (pl) "Okno"
      (sl) "Pogovorno okno"
      (tl) "Dialog"
      (am) "መገናኛ"
      (km) "ប្រអប់"
      (bn) "ডায়ালগ"
      (in) "Dialog"
      (kn) "ಡೈಲಾಗ್"
      (mn) "Харилцах цонх"
      (ko) "대화상자"
      (lo) "ກ່ອງໂຕ້ຕອບ"
      (ro) "Dialog"
      (sq) "Dialogu"
      (ar) "مربّع حوار"
      (fr) "Boîte de dialogue"
      (hr) "Dijaloški okvir"
      (mr) "डायलॉग"
      (or) "ଡାଏଲଗ"
      (sr) "Дијалог"
      (b+sr+Latn) "Dijalog"
      (tr) "Dialog"
      (ur) "ڈائلاگ"
      (as) "ডায়ল’গ"
      (bs) "Dijaloški okvir"
      (cs) "Dialogové okno"
      (es) "Cuadro de diálogo"
      (is) "Gluggi"
      (ms) "Dialog"
      (et) "Dialoog"
      (it) "Finestra di dialogo"
      (lt) "Dialogo langas"
      (pt) "Caixa de diálogo"
      (eu) "Leihoa"
      (gu) "સંવાદ"
      (hu) "Párbeszédpanel"
      (ru) "Диалоговое окно"
      (zu) "Ibhokisi"
      (lv) "Dialoglodziņš"
      (sv) "Dialogruta"
      (iw) "תיבת דו-שיח"
      (sw) "Kidirisha"
      (hy) "Երկխոսության պատուհան"
      (ky) "Диалог"
      (my) "ဒိုင်ယာလော့"
      (az) "Dialoq"
      (uz) "Muloqot oynasi"
      (en-rCA) "Dialog"
      (fr-rCA) "Dialogue"
      (en-rGB) "Dialogue"
      (en-rXC) "‎‏‎‎‎‎‎‏‎‏‏‏‎‎‎‎‎‎‏‎‎‏‎‎‎‎‏‏‏‏‏‏‏‏‏‎‏‎‎‏‏‎‏‏‎‏‎‏‏‏‎‏‏‎‎‏‎‎‏‎‏‎‎‏‏‎‎‎‎‏‏‎‎‎‏‎‏‎‎‏‎‎‎‏‏‏‏‎‏‏‎‎‏‏‏‎‎Dialog‎‏‎‎‏‎"
      (zh-rHK) "對話框"
      (zh-rCN) "对话框"
      (en-rIN) "Dialogue"
      (pt-rBR) "Caixa de diálogo"
      (es-rUS) "Diálogo"
      (pt-rPT) "Caixa de diálogo"
      (en-rAU) "Dialogue"
      (zh-rTW) "對話方塊"
    resource 0x7f0f0224 string/m3c_dropdown_menu_collapsed
      () "Collapsed"
      (ca) "S'ha replegat"
      (da) "Skjult"
      (fa) "جمع شد"
      (ja) "閉じています"
      (ka) "ჩაკეცილი"
      (pa) "ਸਮੇਟਿਆ ਗਿਆ"
      (ta) "சுருக்கப்பட்டது"
      (nb) "Skjules"
      (be) "Згорнута"
      (de) "Minimiert"
      (ne) "कोल्याप्स गरिएको छ"
      (te) "కుదించబడింది"
      (af) "Ingevou"
      (bg) "Свито"
      (th) "ยุบแล้ว"
      (fi) "Tiivistetty"
      (hi) "छोटा किया गया"
      (si) "හකුළන ලදි"
      (vi) "Đã thu gọn"
      (kk) "Жиылды"
      (mk) "Собрано"
      (sk) "Zbalené"
      (uk) "Згорнуто"
      (el) "Συμπτυγμένο"
      (gl) "Contraído"
      (ml) "ചുരുക്കിയത്"
      (nl) "Samengevouwen"
      (pl) "Zwinięte"
      (sl) "Strnjeno"
      (tl) "Naka-collapse"
      (am) "ተሰብስቧል"
      (km) "បាន​បង្រួម"
      (bn) "আড়াল করা হয়েছে"
      (in) "Diciutkan"
      (kn) "ಕುಗ್ಗಿಸಲಾಗಿದೆ"
      (mn) "Хураасан"
      (ko) "접힘"
      (lo) "ຫຍໍ້ລົງແລ້ວ"
      (ro) "Restrâns"
      (sq) "Palosur"
      (ar) "مصغَّرة"
      (fr) "Réduit"
      (hr) "Sažeto"
      (mr) "कोलॅप्स केला आहे"
      (or) "ସଙ୍କୁଚିତ କରାଯାଇଛି"
      (sr) "Скупљено је"
      (b+sr+Latn) "Skupljeno je"
      (tr) "Daraltıldı"
      (ur) "سکیڑا گیا"
      (as) "সংকোচন কৰা আছে"
      (bs) "Suženo"
      (cs) "Sbaleno"
      (es) "Contraído"
      (is) "Minnkað"
      (ms) "Dikuncupkan"
      (et) "Ahendatud"
      (it) "Compresso"
      (lt) "Sutraukta"
      (pt) "Fechado"
      (eu) "Tolestuta"
      (gu) "નાની કરેલી"
      (hu) "Összecsukva"
      (ru) "Свернуто"
      (zu) "Kugoqiwe"
      (lv) "Sakļauta"
      (sv) "Komprimerad"
      (iw) "התפריט הנפתח מכווץ"
      (sw) "Imekunjwa"
      (hy) "Ծալված է"
      (ky) "Жыйыштырылды"
      (my) "ချုံ့ထားသည်"
      (az) "Yığcamlaşdırılıb"
      (uz) "Yigʻilgan"
      (en-rCA) "Collapsed"
      (fr-rCA) "Réduit"
      (en-rGB) "Collapsed"
      (en-rXC) "‎‏‎‎‎‎‎‏‎‏‏‏‎‎‎‎‎‎‏‎‎‏‎‎‎‎‏‏‏‏‏‏‎‏‎‏‏‎‎‎‎‎‏‏‎‎‏‏‏‏‎‏‎‎‏‏‏‏‎‎‏‏‎‏‎‎‏‏‎‏‎‎‎‎‏‎‏‎‎‎‎‏‎‏‏‏‎‎‏‏‏‏‏‏‎‎Collapsed‎‏‎‎‏‎"
      (zh-rHK) "已收合"
      (zh-rCN) "已收起"
      (en-rIN) "Collapsed"
      (pt-rBR) "Fechado"
      (es-rUS) "Contraído"
      (pt-rPT) "Reduzido"
      (en-rAU) "Collapsed"
      (zh-rTW) "已收合"
    resource 0x7f0f0225 string/m3c_dropdown_menu_expanded
      () "Expanded"
      (ca) "S'ha desplegat"
      (da) "Udvidet"
      (fa) "ازهم باز شد"
      (ja) "開いています"
      (ka) "გაფართოებული"
      (pa) "ਵਿਸਤਾਰ ਕੀਤਾ ਗਿਆ"
      (ta) "விரிவாக்கப்பட்டது"
      (nb) "Vises"
      (be) "Разгорнута"
      (de) "Maximiert"
      (ne) "एक्स्पान्ड गरिएको छ"
      (te) "విస్తరించబడింది"
      (af) "Uitgevou"
      (bg) "Разгънато"
      (th) "ขยายแล้ว"
      (fi) "Laajennettu"
      (hi) "बड़ा किया गया"
      (si) "දිග හරින ලදි"
      (vi) "Đã mở rộng"
      (kk) "Жайылды"
      (mk) "Проширено"
      (sk) "Rozbalené"
      (uk) "Розгорнуто"
      (el) "Αναπτυγμένο"
      (gl) "Despregado"
      (ml) "വിപുലീകരിച്ചത്"
      (nl) "Uitgevouwen"
      (pl) "Rozwinięte"
      (sl) "Razširjeno"
      (tl) "Naka-expand"
      (am) "ተዘርግቷል"
      (km) "បាន​ពង្រីក"
      (bn) "বড় করা হয়েছে"
      (in) "Diperluas"
      (kn) "ವಿಸ್ತರಿಸಲಾಗಿದೆ"
      (mn) "Дэлгэсэн"
      (ko) "펼침"
      (lo) "ຂະຫຍາຍແລ້ວ"
      (ro) "Extins"
      (sq) "Zgjeruar"
      (ar) "موسَّعة"
      (fr) "Développé"
      (hr) "Prošireno"
      (mr) "विस्तारित केला आहे"
      (or) "ବିସ୍ତାର କରାଯାଇଛି"
      (sr) "Проширено је"
      (b+sr+Latn) "Prošireno je"
      (tr) "Genişletildi"
      (ur) "پھیلایا گیا"
      (as) "বিস্তাৰ কৰা আছে"
      (bs) "Prošireno"
      (cs) "Rozbaleno"
      (es) "Desplegado"
      (is) "Stækkað"
      (ms) "Dikembangkan"
      (et) "Laiendatud"
      (it) "Espanso"
      (lt) "Išskleista"
      (pt) "Aberto"
      (eu) "Zabalduta"
      (gu) "મોટી કરેલી"
      (hu) "Kibontva"
      (ru) "Развернуто"
      (zu) "Kunwetshiwe"
      (lv) "Izvērsta"
      (sv) "Utökad"
      (iw) "התפריט הנפתח מורחב"
      (sw) "Imepanuliwa"
      (hy) "Ծավալված է"
      (ky) "Жайылып көрсөтүлдү"
      (my) "ချဲ့ထားသည်"
      (az) "Genişləndirilb"
      (uz) "Yoyilgan"
      (en-rCA) "Expanded"
      (fr-rCA) "Développé"
      (en-rGB) "Expanded"
      (en-rXC) "‎‏‎‎‎‎‎‏‎‏‏‏‎‎‎‎‎‎‏‎‎‏‎‎‎‎‏‏‏‏‏‏‎‏‎‎‎‎‎‏‏‎‎‎‎‏‏‎‏‏‎‎‏‎‏‎‎‎‏‎‏‏‏‎‏‎‏‏‏‏‎‏‏‏‏‏‎‎‎‏‏‏‏‏‎‎‎‎‏‏‎‏‎‏‎‎Expanded‎‏‎‎‏‎"
      (zh-rHK) "已展開"
      (zh-rCN) "已展开"
      (en-rIN) "Expanded"
      (pt-rBR) "Aberto"
      (es-rUS) "Expandido"
      (pt-rPT) "Expandido"
      (en-rAU) "Expanded"
      (zh-rTW) "已展開"
    resource 0x7f0f0226 string/m3c_dropdown_menu_toggle
      () "Toggle dropdown menu"
      (ca) "Commuta el menú desplegable"
      (da) "Skift visningen af rullemenuen"
      (fa) "جمع کردن/ ازهم باز کردن منوِ کرکره‌ای"
      (ja) "プルダウン メニューを切り替えます"
      (ka) "გადართეთ ჩამოსაშლელი მენიუ"
      (pa) "ਡ੍ਰੌਪ-ਡਾਊਨ ਮੀਨੂ ਨੂੰ ਟੌਗਲ ਕਰੋ"
      (ta) "கீழ்த்தோன்றல் மெனுவை நிலைமாற்றும்"
      (nb) "Slå rullegardinmeny av/på"
      (be) "Уключыць (выключыць) выпадное меню"
      (de) "Drop-down-Menü maximieren/minimieren"
      (ne) "ड्रपडाउन मेनु टगल गर्नुहोस्"
      (te) "డ్రాప్‌డౌన్ మెనూను టోగుల్ చేయండి"
      (af) "Wissel aftrekkieslys"
      (bg) "Превключване на падащото меню"
      (th) "เปิด/ปิดเมนูแบบเลื่อนลง"
      (fi) "Laita avattava valikko päälle"
      (hi) "ड्रॉपडाउन मेन्यू टॉगल करें"
      (si) "පතන මෙනුව ටොගල් කරන්න"
      (vi) "Bật/tắt trình đơn thả xuống"
      (kk) "Ашылмалы мәзірді жаю/жию"
      (mk) "Вклучување/исклучување паѓачко мени"
      (sk) "Prepnutie rozbaľovacieho zoznamu"
      (uk) "Згорнути або розгорнути спадне меню"
      (el) "Εναλλαγή αναπτυσσόμενου μενού"
      (gl) "Activa ou desactiva o menú despregable"
      (ml) "ഡ്രോപ്പ്ഡൗൺ മെനു ടോഗിൾ ചെയ്യുക"
      (nl) "Dropdownmenu aan-/uitzetten"
      (pl) "Pokaż lub ukryj menu"
      (sl) "Preklop spustnega menija"
      (tl) "I-toggle ang dropdown menu"
      (am) "ተቆልቋይ ምናሌ ይቀያይሩ"
      (km) "បិទ/បើកម៉ឺនុយ​ធ្លាក់​ចុះ"
      (bn) "ড্রপডাউন মেনু টগল করুন"
      (in) "Aktifkan/nonaktifkan menu dropdown"
      (kn) "ಡ್ರಾಪ್‌ಡೌನ್ ಮೆನುವನ್ನು ಟಾಗಲ್ ಮಾಡಿ"
      (mn) "Унадаг цэсийг асаах/унтраах"
      (ko) "전환 드롭다운 메뉴"
      (lo) "ສະ​ຫຼັບເມນູແບບເລື່ອນລົງ"
      (ro) "Comută meniul drop-down"
      (sq) "Zgjero/palos menynë me lëshim poshtë"
      (ar) "توسيع القائمة المنسدلة أو تصغيرها"
      (fr) "Activer/désactiver le menu déroulant"
      (hr) "Prekidač za padajući izbornik"
      (mr) "ड्रॉपडाउन मेनू टॉगल करा"
      (or) "ଡ୍ରପଡାଉନ ମେନୁକୁ ଟୋଗଲ କରନ୍ତୁ"
      (sr) "Прекидач за падајући мени"
      (b+sr+Latn) "Prekidač za padajući meni"
      (tr) "Açılır menüyü açın/kapatın"
      (ur) "ڈراپ ڈاؤن مینیو کو ٹوگل کریں"
      (as) "ড্ৰপডাউন মেনু ট’গল কৰক"
      (bs) "Uključivanje/isključivanje padajućeg menija"
      (cs) "Přepnout rozbalovací nabídku"
      (es) "Mostrar/ocultar menú desplegable"
      (is) "Velja eða afvelja fellivalmynd"
      (ms) "Togol menu lungsur"
      (et) "Rippmenüü lülitamine"
      (it) "Attiva/disattiva menu a discesa"
      (lt) "Perjungti išskleidžiamąjį meniu"
      (pt) "Ativar/desativar o menu suspenso"
      (eu) "Zabaldu/Tolestu goitibeherako menua"
      (gu) "ડ્રૉપડાઉન મેનૂ ટૉગલ કરો"
      (hu) "Legördülő menü átváltása"
      (ru) "Показать или скрыть раскрывающееся меню"
      (zu) "Guqula imenyu yokwehlayo"
      (lv) "Pārslēgt nolaižamo izvēlni"
      (sv) "Utöka/komprimera rullgardinsmeny"
      (iw) "החלפת המצב של התפריט הנפתח"
      (sw) "Badilisha hali ya menyu kunjuzi"
      (hy) "Բացել/փակել իջնող ցանկը"
      (ky) "Түрүлмө менюну өчүрүү/күйгүзүү"
      (my) "ဆွဲချမီနူးကို ပြောင်းရန်"
      (az) "Aşağı açılan menyunu aktiv/deaktiv edin"
      (uz) "Pastga ochiluvchi menyuni koʻrsatish/yashirish"
      (en-rCA) "Toggle dropdown menu"
      (fr-rCA) "Ouvrir ou fermer le menu déroulant"
      (en-rGB) "Toggle drop-down menu"
      (en-rXC) "‎‏‎‎‎‎‎‏‎‏‏‏‎‎‎‎‎‎‏‎‎‏‎‎‎‎‏‏‏‏‏‏‏‏‏‏‏‎‎‎‏‎‎‏‎‎‎‏‎‏‎‏‎‏‏‏‏‏‎‎‏‏‎‎‎‎‏‏‎‎‏‏‏‎‏‎‏‎‏‎‎‏‏‎‏‏‏‏‎‎‎‏‎‏‏‏‎Toggle dropdown menu‎‏‎‎‏‎"
      (zh-rHK) "切換下拉式選單"
      (zh-rCN) "展开/收起下拉菜单"
      (en-rIN) "Toggle drop-down menu"
      (pt-rBR) "Ativar/desativar o menu suspenso"
      (es-rUS) "Activar o desactivar menú desplegable"
      (pt-rPT) "Ativar/desativar menu pendente"
      (en-rAU) "Toggle drop-down menu"
      (zh-rTW) "切換鈕下拉式選單"
    resource 0x7f0f022a string/m3c_snackbar_dismiss
      () "Dismiss"
      (ca) "Ignora"
      (da) "Afvis"
      (fa) "بستن"
      (ja) "閉じる"
      (ka) "დახურვა"
      (pa) "ਖਾਰਜ ਕਰੋ"
      (ta) "நிராகரிக்கும்"
      (nb) "Lukk"
      (be) "Закрыць"
      (de) "Schließen"
      (ne) "खारेज गर्नुहोस्"
      (te) "విస్మరించండి"
      (af) "Maak toe"
      (bg) "Отхвърляне"
      (th) "ปิด"
      (fi) "Ohita"
      (hi) "खारिज करें"
      (si) "අස් කරන්න"
      (vi) "Đóng"
      (kk) "Жабу"
      (mk) "Отфрли"
      (sk) "Zavrieť"
      (uk) "Закрити"
      (el) "Παράβλεψη"
      (gl) "Pechar"
      (ml) "ഡിസ്‌മിസ് ചെയ്യുക"
      (nl) "Sluiten"
      (pl) "Zamknij"
      (sl) "Opusti"
      (tl) "I-dismiss"
      (am) "አሰናብት"
      (km) "ច្រានចោល"
      (bn) "বাতিল করুন"
      (in) "Tutup"
      (kn) "ವಜಾಗೊಳಿಸಿ"
      (mn) "Хаах"
      (ko) "닫기"
      (lo) "ປິດໄວ້"
      (ro) "Închide"
      (sq) "Hiq"
      (ar) "إغلاق"
      (fr) "Fermer"
      (hr) "Odbaci"
      (mr) "डिसमिस करा"
      (or) "ଖାରଜ କରନ୍ତୁ"
      (sr) "Одбаци"
      (b+sr+Latn) "Odbaci"
      (tr) "Kapat"
      (ur) "برخاست کریں"
      (as) "অগ্ৰাহ্য কৰক"
      (bs) "Odbacivanje"
      (cs) "Zavřít"
      (es) "Cerrar"
      (is) "Hunsa"
      (ms) "Ketepikan"
      (et) "Loobu"
      (it) "Chiudi"
      (lt) "Atsisakyti"
      (pt) "Dispensar"
      (eu) "Baztertu"
      (gu) "છોડી દો"
      (hu) "Elvetés"
      (ru) "Закрыть"
      (zu) "Chitha"
      (lv) "Nerādīt"
      (sv) "Stäng"
      (iw) "סגירה"
      (sw) "Ondoa"
      (hy) "Փակել"
      (ky) "Жабуу"
      (my) "ပယ်ရန်"
      (az) "Rədd edin"
      (uz) "Yopish"
      (en-rCA) "Dismiss"
      (fr-rCA) "Fermer"
      (en-rGB) "Dismiss"
      (en-rXC) "‎‏‎‎‎‎‎‏‎‏‏‏‎‎‎‎‎‎‏‎‎‏‎‎‎‎‏‏‏‏‏‏‏‏‎‏‎‏‎‏‎‏‏‎‎‎‏‎‏‏‏‏‏‎‏‎‏‎‏‏‎‏‏‎‎‏‎‎‏‏‎‎‏‎‏‏‏‎‏‏‏‎‏‏‏‏‎‏‏‎‏‏‎‎‏‏‎Dismiss‎‏‎‎‏‎"
      (zh-rHK) "關閉"
      (zh-rCN) "关闭"
      (en-rIN) "Dismiss"
      (pt-rBR) "Dispensar"
      (es-rUS) "Descartar"
      (pt-rPT) "Ignorar"
      (en-rAU) "Dismiss"
      (zh-rTW) "關閉"
    resource 0x7f0f022b string/m3c_snackbar_pane_title
      () "Alert"
      (ca) "Alerta"
      (da) "Underretning"
      (fa) "هشدار"
      (ja) "アラート"
      (ka) "გაფრთხილება"
      (pa) "ਅਲਰਟ"
      (ta) "விழிப்பூட்டல்"
      (nb) "Varsel"
      (be) "Абвестка"
      (de) "Warnmeldung"
      (ne) "अलर्ट"
      (te) "హెచ్చరిక"
      (af) "Opletberig"
      (bg) "Сигнал"
      (th) "การแจ้งเตือน"
      (fi) "Ilmoitus"
      (hi) "चेतावनी"
      (si) "ඇඟවීම"
      (vi) "Cảnh báo"
      (kk) "Ескерту"
      (mk) "Предупредување"
      (sk) "Upozornenie"
      (uk) "Сповіщення"
      (el) "Ειδοποίηση"
      (gl) "Alerta"
      (ml) "മുന്നറിയിപ്പ്"
      (nl) "Melding"
      (pl) "Alert"
      (sl) "Opozorilo"
      (tl) "Alerto"
      (am) "ማንቂያ"
      (km) "ជូន​ដំណឹង"
      (bn) "সতর্কতা"
      (in) "Pemberitahuan"
      (kn) "ಎಚ್ಚರಿಕೆ"
      (mn) "Сэрэмжлүүлэг"
      (ko) "주의"
      (lo) "ແຈ້ງເຕືອນ"
      (ro) "Alertă"
      (sq) "Sinjalizim"
      (ar) "تنبيه"
      (fr) "Alerte"
      (hr) "Upozorenje"
      (mr) "सूचना"
      (or) "ଆଲର୍ଟ"
      (sr) "Обавештење"
      (b+sr+Latn) "Obaveštenje"
      (tr) "Uyarı"
      (ur) "الرٹ"
      (as) "সতৰ্কবাৰ্তা"
      (bs) "Obavještenje"
      (cs) "Upozornění"
      (es) "Alerta"
      (is) "Viðvörun"
      (ms) "Makluman"
      (et) "Hoiatus"
      (it) "Avviso"
      (lt) "Įspėjimas"
      (pt) "Alerta"
      (eu) "Alerta"
      (gu) "અલર્ટ"
      (hu) "Figyelmeztetés"
      (ru) "Оповещение"
      (zu) "Isexwayiso"
      (lv) "Brīdinājums"
      (sv) "Varning"
      (iw) "התראה"
      (sw) "Arifa"
      (hy) "Ծանուցում"
      (ky) "Эскертүү"
      (my) "သတိပေးချက်"
      (az) "Xəbərdarlıq"
      (uz) "Signal"
      (en-rCA) "Alert"
      (fr-rCA) "Alerte"
      (en-rGB) "Alert"
      (en-rXC) "‎‏‎‎‎‎‎‏‎‏‏‏‎‎‎‎‎‎‏‎‎‏‎‎‎‎‏‏‏‏‏‏‎‏‏‎‏‎‏‏‎‏‏‎‎‎‎‏‎‏‏‏‏‏‎‏‎‎‎‎‏‎‎‎‏‏‎‏‎‏‏‎‎‏‏‏‏‏‏‎‎‎‎‏‎‏‏‏‏‏‏‎‎‏‏‎Alert‎‏‎‎‏‎"
      (zh-rHK) "警示"
      (zh-rCN) "提醒"
      (en-rIN) "Alert"
      (pt-rBR) "Alerta"
      (es-rUS) "Alerta"
      (pt-rPT) "Alerta"
      (en-rAU) "Alert"
      (zh-rTW) "快訊"
    resource 0x7f0f022e string/m3c_time_picker_am
      () "AM"
      (ca) "AM"
      (da) "AM"
      (fa) "ق.ظ."
      (ja) "AM"
      (ka) "AM"
      (pa) "AM"
      (ta) "AM"
      (nb) "AM"
      (be) "да паўдня"
      (de) "AM"
      (ne) "AM"
      (te) "AM"
      (af) "vm."
      (bg) "AM"
      (th) "AM"
      (fi) "AP"
      (hi) "AM"
      (si) "පෙ.ව."
      (vi) "SA"
      (kk) "түске дейін"
      (mk) "прет."
      (sk) "AM"
      (uk) "ДП"
      (el) "πμ"
      (gl) "a.m."
      (ml) "AM"
      (nl) "AM"
      (pl) "AM"
      (sl) "dop."
      (tl) "AM"
      (am) "ኤኤም"
      (km) "AM"
      (bn) "AM"
      (in) "AM"
      (kn) "AM"
      (mn) "ҮӨ"
      (ko) "오전"
      (lo) "ກ່ອນທ່ຽງ"
      (ro) "a.m."
      (sq) "paradite"
      (ar) "ص"
      (fr) "AM"
      (hr) "Prijepodne"
      (mr) "AM"
      (or) "AM"
      (sr) "AM"
      (b+sr+Latn) "AM"
      (tr) "ÖÖ"
      (ur) "AM"
      (as) "AM"
      (bs) "prijepodne"
      (cs) "AM"
      (es) "a. m."
      (is) "fh"
      (ms) "PG"
      (et) "AM"
      (it) "AM"
      (lt) "AM"
      (pt) "AM"
      (eu) "AM"
      (gu) "AM"
      (hu) "de."
      (ru) "AM"
      (zu) "AM"
      (lv) "AM"
      (sv) "FM"
      (iw) "AM"
      (sw) "AM"
      (hy) "AM"
      (ky) "түшкө чейин"
      (my) "AM"
      (az) "AM"
      (uz) "TO"
      (en-rCA) "AM"
      (fr-rCA) "AM"
      (en-rGB) "a.m."
      (en-rXC) "‎‏‎‎‎‎‎‏‎‏‏‏‎‎‎‎‎‎‏‎‎‏‎‎‎‎‏‏‏‏‏‏‎‏‎‎‏‏‎‏‎‏‎‏‏‎‎‎‏‎‎‏‎‏‏‎‏‎‎‎‎‎‎‏‎‏‏‏‎‎‏‎‏‏‏‎‎‎‎‎‎‏‎‎‏‏‏‎‎‏‎‏‎‎‎‎AM‎‏‎‎‏‎"
      (zh-rHK) "上午"
      (zh-rCN) "上午"
      (en-rIN) "a.m."
      (pt-rBR) "AM"
      (es-rUS) "AM"
      (pt-rPT) "AM"
      (en-rAU) "a.m."
      (zh-rTW) "上午"
    resource 0x7f0f0231 string/m3c_time_picker_hour_24h_suffix
      () "%1$d hours"
      (ca) "%1$d hores"
      (da) "%1$d timer"
      (fa) "‏%1$d ساعت"
      (ja) "%1$d 時間"
      (ka) "%1$d საათი"
      (pa) "%1$d ਘੰਟੇ"
      (ta) "%1$d மணி"
      (nb) "%1$d timer"
      (be) "%1$d гадз"
      (de) "%1$d Std."
      (ne) "%1$d घण्टा"
      (te) "%1$d గంటలు"
      (af) "%1$d uur"
      (bg) "%1$d часа"
      (th) "%1$d ชม."
      (fi) "%1$d h"
      (hi) "%1$d घंटे"
      (si) "පැය %1$d"
      (vi) "%1$d giờ"
      (kk) "%1$d сағат"
      (mk) "%1$d часа"
      (sk) "%1$d h"
      (uk) "%1$d год"
      (el) "Ώρα %1$d"
      (gl) "%1$d horas"
      (ml) "%1$d മ."
      (nl) "%1$d uur"
      (pl) "%1$d"
      (sl) "%1$d"
      (tl) "%1$d oras"
      (am) "%1$d ሰዓታት"
      (km) "%1$d ម៉ោង"
      (bn) "%1$d ঘণ্টা"
      (in) "%1$d jam"
      (kn) "%1$d ಗಂಟೆ"
      (mn) "%1$d цаг"
      (ko) "%1$d시간"
      (lo) "%1$d ຊົ່ວໂມງ"
      (ro) "Ora %1$d"
      (sq) "%1$d orë"
      (ar) "‏%1$d ساعة"
      (fr) "%1$d heures"
      (hr) "%1$d h"
      (mr) "%1$d तास"
      (or) "%1$d ଘଣ୍ଟା"
      (sr) "%1$d с"
      (b+sr+Latn) "%1$d s"
      (tr) "%1$d saat"
      (ur) "‏‎%1$d گھنٹے"
      (as) "%1$d ঘণ্টা"
      (bs) "%1$d h"
      (cs) "%1$d hodin"
      (es) "%1$d horas"
      (is) "%1$d klst."
      (ms) "%1$d jam"
      (et) "%1$d tundi"
      (it) "%1$d ore"
      (lt) "%1$d val."
      (pt) "%1$d horas"
      (eu) "%1$d"
      (gu) "%1$d કલાક"
      (hu) "%1$d óra"
      (ru) "%1$d ч."
      (zu) "Amahora angu-%1$d"
      (lv) "%1$d"
      (sv) "%1$d tim"
      (iw) "‏%1$d שעות"
      (sw) "Saa %1$d"
      (hy) "%1$d ժամ"
      (ky) "%1$d саат"
      (my) "%1$d နာရီ"
      (az) "%1$d saat"
      (uz) "%1$d soat"
      (en-rCA) "%1$d hours"
      (fr-rCA) "%1$d h"
      (en-rGB) "%1$d hours"
      (en-rXC) "‎‏‎‎‎‎‎‏‎‏‏‏‎‎‎‎‎‎‏‎‎‏‎‎‎‎‏‏‏‏‏‏‏‏‏‏‏‏‏‏‎‏‏‎‎‏‎‎‎‎‏‏‏‎‏‏‏‎‏‎‎‏‏‏‏‏‎‎‏‎‎‏‏‎‏‎‏‎‏‏‎‎‎‏‎‎‎‏‏‏‏‎‏‎‎‏‎%1$d hours‎‏‎‎‏‎"
      (zh-rHK) "%1$d 點"
      (zh-rCN) "%1$d 小时"
      (en-rIN) "%1$d hours"
      (pt-rBR) "%1$d horas"
      (es-rUS) "%1$d horas"
      (pt-rPT) "%1$d horas"
      (en-rAU) "%1$d hours"
      (zh-rTW) "%1$d 時"
    resource 0x7f0f0232 string/m3c_time_picker_hour_selection
      () "Select hour"
      (ca) "Selecciona l'hora"
      (da) "Vælg time"
      (fa) "انتخاب ساعت"
      (ja) "時刻を選択"
      (ka) "აირჩიეთ საათი"
      (pa) "ਘੰਟਾ ਚੁਣੋ"
      (ta) "மணிநேரத்தைத் தேர்ந்தெடுக்கலாம்"
      (nb) "Velg time"
      (be) "Выберыце гадзіны"
      (de) "Stunde auswählen"
      (ne) "घण्टा चयन गर्नुहोस्"
      (te) "గంటలను ఎంచుకోవడానికి వీలు కల్పిస్తుంది"
      (af) "Kies uur"
      (bg) "Изберете час"
      (th) "เลือกชั่วโมง"
      (fi) "Valitse tunti"
      (hi) "घंटा चुनें"
      (si) "පැය තෝරන්න"
      (vi) "Chọn giờ"
      (kk) "Сағатты таңдау"
      (mk) "Изберете час"
      (sk) "Vybrať hodinu"
      (uk) "Вибрати годину"
      (el) "Επιλογή ώρας"
      (gl) "Selecciona a hora"
      (ml) "മണിക്കൂർ തിരഞ്ഞെടുക്കുക"
      (nl) "Uur selecteren"
      (pl) "Wybierz godzinę"
      (sl) "Izbira ure"
      (tl) "Pumili ng oras"
      (am) "ሰዓት ምረጥ"
      (km) "ជ្រើសរើសម៉ោង"
      (bn) "ঘণ্টা বেছে নিন"
      (in) "Pilih jam"
      (kn) "ಸಮಯವನ್ನು ಆಯ್ಕೆಮಾಡಿ"
      (mn) "Цаг сонгох"
      (ko) "시간 선택"
      (lo) "ເລືອກຊົ່ວໂມງ"
      (ro) "Selectează ora"
      (sq) "Zgjidh orën"
      (ar) "اختيار الساعة"
      (fr) "Sélectionner une heure"
      (hr) "Odabir sata"
      (mr) "तास निवडा"
      (or) "ଘଣ୍ଟା ଚୟନ କରନ୍ତୁ"
      (sr) "Изаберите сат"
      (b+sr+Latn) "Izaberite sat"
      (tr) "Saat seçin"
      (ur) "گھنٹہ منتخب کریں"
      (as) "ঘণ্টা বাছনি কৰক"
      (bs) "Odaberite sate"
      (cs) "Vybrat hodinu"
      (es) "Seleccionar hora"
      (is) "Velja klst."
      (ms) "Pilih jam"
      (et) "Tunni valimine"
      (it) "Seleziona l'ora"
      (lt) "Pasirinkite valandą"
      (pt) "Selecione a hora"
      (eu) "Hautatu ordua"
      (gu) "કલાક પસંદ કરો"
      (hu) "Óra kiválasztása"
      (ru) "Выбрать час"
      (zu) "Khetha ihora"
      (lv) "Atlasīt stundu"
      (sv) "Ange timme"
      (iw) "בחירת שעה"
      (sw) "Chagua saa"
      (hy) "Ընտրեք ժամը"
      (ky) "Саат тандоо"
      (my) "နာရီ ရွေးရန်"
      (az) "Saat seçin"
      (uz) "Soatni tanlang"
      (en-rCA) "Select hour"
      (fr-rCA) "Sélectionner l'heure"
      (en-rGB) "Select hour"
      (en-rXC) "‎‏‎‎‎‎‎‏‎‏‏‏‎‎‎‎‎‎‏‎‎‏‎‎‎‎‏‏‏‏‏‏‏‏‏‏‏‎‏‏‎‎‏‏‎‎‎‎‏‎‎‏‎‏‎‏‏‎‎‎‏‏‏‎‎‎‏‎‎‏‏‏‏‏‎‎‏‏‎‎‎‎‏‏‎‏‏‎‏‎‏‎‏‎‏‏‎Select hour‎‏‎‎‏‎"
      (zh-rHK) "選取小時"
      (zh-rCN) "选择小时"
      (en-rIN) "Select hour"
      (pt-rBR) "Selecione a hora"
      (es-rUS) "Seleccionar hora"
      (pt-rPT) "Selecionar hora"
      (en-rAU) "Select hour"
      (zh-rTW) "選取小時"
    resource 0x7f0f0233 string/m3c_time_picker_hour_suffix
      () "%1$d o'clock"
      (ca) "%1$d en punt"
      (da) "kl. %1$d"
      (fa) "‏ساعت %1$d"
      (ja) "%1$d 時"
      (ka) "%1$d სთ"
      (pa) "%1$d ਵਜੇ"
      (ta) "%1$d மணி"
      (nb) "%1$d"
      (be) "%1$d гадз"
      (de) "%1$d Uhr"
      (ne) "%1$d बजे"
      (te) "%1$d గం"
      (af) "%1$d uur"
      (bg) "%1$d часа"
      (th) "%1$d น."
      (fi) "Kello %1$d"
      (hi) "%1$d बजे"
      (si) "%1$dට"
      (vi) "%1$d giờ"
      (kk) "%1$d сағат"
      (mk) "%1$d часот"
      (sk) "%1$d h"
      (uk) "%1$d год"
      (el) "%1$d η ώρα"
      (gl) "%1$d"
      (ml) "%1$d മണി"
      (nl) "%1$d uur"
      (pl) "%1$d"
      (sl) "%1$d"
      (tl) "%1$d o'clock"
      (am) "%1$d ሰዓት"
      (km) "ម៉ោង %1$d"
      (bn) "%1$dটা"
      (in) "Pukul %1$d"
      (kn) "%1$d ಓ ಕ್ಲಾಕ್"
      (mn) "%1$d цаг"
      (ko) "%1$d시 정각"
      (lo) "%1$d ໂມງ"
      (ro) "Ora %1$d"
      (sq) "ora %1$d"
      (ar) "‏الساعة %1$d"
      (fr) "%1$d heures"
      (hr) "%1$d h"
      (mr) "%1$d वाजता"
      (or) "%1$dଟା"
      (sr) "%1$d с"
      (b+sr+Latn) "%1$d s"
      (tr) "Saat %1$d"
      (ur) "‏‎%1$d بجے"
      (as) "%1$d বাজিছে"
      (bs) "%1$d h"
      (cs) "%1$d hodin"
      (es) "%1$d en punto"
      (is) "Kl. %1$d"
      (ms) "Pukul %1$d"
      (et) "%1$d.00"
      (it) "%1$d in punto"
      (lt) "%1$d val."
      (pt) "%1$dh"
      (eu) "%1$d"
      (gu) "%1$d વાગ્યે"
      (hu) "%1$d óra"
      (ru) "%1$d ч."
      (zu) "Ngu-%1$d o'clock"
      (lv) "%1$d"
      (sv) "Kl. %1$d"
      (iw) "%1$d"
      (sw) "Saa %1$d"
      (hy) "%1$d"
      (ky) "%1$d саат"
      (my) "%1$d နာရီ"
      (az) "Saat: %1$d"
      (uz) "%1$d soat"
      (en-rCA) "%1$d o'clock"
      (fr-rCA) "%1$d h"
      (en-rGB) "%1$d o'clock"
      (en-rXC) "‎‏‎‎‎‎‎‏‎‏‏‏‎‎‎‎‎‎‏‎‎‏‎‎‎‎‏‏‏‏‏‏‎‏‎‏‏‏‏‏‏‏‏‏‏‎‏‏‏‏‎‎‎‎‏‎‎‎‎‎‏‏‎‏‎‏‏‎‎‏‏‏‎‏‎‏‎‎‎‏‎‎‎‏‎‎‎‎‏‏‏‏‏‎‎‎%1$d o'clock‎‏‎‎‏‎"
      (zh-rHK) "%1$d 點"
      (zh-rCN) "%1$d 点"
      (en-rIN) "%1$d o'clock"
      (pt-rBR) "%1$dh"
      (es-rUS) "%1$d en punto"
      (pt-rPT) "%1$d h"
      (en-rAU) "%1$d o'clock"
      (zh-rTW) "%1$d 點"
    resource 0x7f0f0236 string/m3c_time_picker_minute_selection
      () "Select minutes"
      (ca) "Selecciona els minuts"
      (da) "Vælg minutter"
      (fa) "انتخاب دقیقه"
      (ja) "分を選択"
      (ka) "აირჩიეთ წუთები"
      (pa) "ਮਿੰਟ ਚੁਣੋ"
      (ta) "நிமிடங்களைத் தேர்ந்தெடுக்கலாம்"
      (nb) "Velg minutter"
      (be) "Выберыце хвіліны"
      (de) "Minuten auswählen"
      (ne) "मिनेट चयन गर्नुहोस्"
      (te) "నిమిషాలను ఎంచుకోండి"
      (af) "Kies minute"
      (bg) "Изберете минути"
      (th) "เลือกนาที"
      (fi) "Valitse minuutit"
      (hi) "मिनट चुनें"
      (si) "මිනිත්තු ගණන තෝරන්න"
      (vi) "Chọn phút"
      (kk) "Минут таңдау"
      (mk) "Изберете минути"
      (sk) "Vybrať minúty"
      (uk) "Вибрати хвилини"
      (el) "Επιλογή λεπτών"
      (gl) "Selecciona os minutos"
      (ml) "മിനിറ്റ് തിരഞ്ഞെടുക്കുക"
      (nl) "Minuten selecteren"
      (pl) "Wybierz minuty"
      (sl) "Izbira minut"
      (tl) "Pumili ng mga minuto"
      (am) "ደቂቃዎችን ምረጥ"
      (km) "ជ្រើស​រើសនាទី"
      (bn) "মিনিট বেছে নিন"
      (in) "Pilih menit"
      (kn) "ನಿಮಿಷಗಳನ್ನು ಆಯ್ಕೆಮಾಡಿ"
      (mn) "Минут сонгох"
      (ko) "분 선택"
      (lo) "ເລືອກນາທີ"
      (ro) "Selectează minutele"
      (sq) "Zgjidh minutat"
      (ar) "اختيار الدقائق"
      (fr) "Sélectionner des minutes"
      (hr) "Odaberite minute"
      (mr) "मिनिटे निवडा"
      (or) "ମିନିଟ ଚୟନ କରନ୍ତୁ"
      (sr) "Изаберите минуте"
      (b+sr+Latn) "Izaberite minute"
      (tr) "Dakikayı seçin"
      (ur) "منٹ منتخب کریں"
      (as) "মিনিট বাছনি কৰক"
      (bs) "Odaberite minute"
      (cs) "Vyberte minuty"
      (es) "Seleccionar minutos"
      (is) "Velja mínútur"
      (ms) "Pilih minit"
      (et) "Minutite valimine"
      (it) "Seleziona i minuti"
      (lt) "Pasirinkite minutes"
      (pt) "Selecione os minutos"
      (eu) "Hautatu minutuak"
      (gu) "મિનિટ પસંદ કરો"
      (hu) "Perc kiválasztása"
      (ru) "Выберите минуты"
      (zu) "Khetha imizuzu"
      (lv) "Atlasīt minūtes"
      (sv) "Välj minuter"
      (iw) "בחירת דקות"
      (sw) "Chagua dakika"
      (hy) "Ընտրեք րոպեն"
      (ky) "Мүнөттөрдү тандаңыз"
      (my) "မိနစ်များရွေးပါ"
      (az) "Dəqiqə seçin"
      (uz) "Daqiqani tanlang"
      (en-rCA) "Select minutes"
      (fr-rCA) "Sélectionnez les minutes"
      (en-rGB) "Select minutes"
      (en-rXC) "‎‏‎‎‎‎‎‏‎‏‏‏‎‎‎‎‎‎‏‎‎‏‎‎‎‎‏‏‏‏‏‏‏‏‎‎‎‎‎‏‎‎‏‏‎‏‏‎‏‎‏‎‏‏‎‏‎‎‎‎‏‏‎‏‏‎‎‏‎‏‎‏‎‎‏‎‏‏‏‎‏‎‏‏‏‏‎‏‏‎‎‏‎‏‎‏‎Select minutes‎‏‎‎‏‎"
      (zh-rHK) "選取分鐘"
      (zh-rCN) "选择分钟"
      (en-rIN) "Select minutes"
      (pt-rBR) "Selecione os minutos"
      (es-rUS) "Seleccionar los minutos"
      (pt-rPT) "Selecionar minutos"
      (en-rAU) "Select minutes"
      (zh-rTW) "選取分鐘數"
    resource 0x7f0f0237 string/m3c_time_picker_minute_suffix
      () "%1$d minutes"
      (ca) "%1$d minuts"
      (da) "%1$d minutter"
      (fa) "‏%1$d دقیقه"
      (ja) "%1$d 分"
      (ka) "%1$d წთ"
      (pa) "%1$d ਮਿੰਟ"
      (ta) "%1$d நிமிடங்கள்"
      (nb) "%1$d minutter"
      (be) "%1$d хв"
      (de) "%1$d Minuten"
      (ne) "%1$d मिनेट"
      (te) "%1$d నిమిషాలు"
      (af) "%1$d minute"
      (bg) "%1$d минути"
      (th) "%1$d นาที"
      (fi) "%1$d minuuttia"
      (hi) "%1$d मिनट"
      (si) "මිනිත්තු %1$d"
      (vi) "%1$d phút"
      (kk) "%1$d минут"
      (mk) "%1$d минути"
      (sk) "%1$d min"
      (uk) "%1$d хв"
      (el) "%1$d λεπτά"
      (gl) "%1$d minutos"
      (ml) "%1$d മിനിറ്റ്"
      (nl) "%1$d minuten"
      (pl) "Minuty: %1$d"
      (sl) "%1$d min"
      (tl) "%1$d (na) minuto"
      (am) "%1$d ደቂቃዎች"
      (km) "%1$d នាទី"
      (bn) "%1$d মিনিট"
      (in) "%1$d menit"
      (kn) "%1$d ನಿಮಿಷಗಳು"
      (mn) "%1$d минут"
      (ko) "%1$d분"
      (lo) "%1$d ນາທີ"
      (ro) "%1$d minute"
      (sq) "%1$d minuta"
      (ar) "‏%1$d دقيقة"
      (fr) "%1$d minutes"
      (hr) "%1$d min"
      (mr) "%1$d मिनिटे"
      (or) "%1$d ମିନିଟ"
      (sr) "%1$d мин"
      (b+sr+Latn) "%1$d min"
      (tr) "%1$d dakika"
      (ur) "‏%1$d منٹس"
      (as) "%1$d মিনিট"
      (bs) "%1$d min"
      (cs) "%1$d minut"
      (es) "%1$d minutos"
      (is) "%1$d mínútur"
      (ms) "%1$d minit"
      (et) "%1$d minutit"
      (it) "%1$d minuti"
      (lt) "%d min."
      (pt) "%1$d minutos"
      (eu) "%1$d minutu"
      (gu) "%1$d મિનિટ"
      (hu) "%1$d perc"
      (ru) "%1$d мин."
      (zu) "Imizuzu engu-%1$d"
      (lv) "Minūtes: %1$d"
      (sv) "%1$d minuter"
      (iw) "‏%1$d דקות"
      (sw) "Dakika %1$d"
      (hy) "%1$d րոպե"
      (ky) "%1$d мүнөт"
      (my) "%1$d မိနစ်"
      (az) "%1$d dəqiqə"
      (uz) "%1$d daqiqa"
      (en-rCA) "%1$d minutes"
      (fr-rCA) "%1$d minutes"
      (en-rGB) "%1$d minutes"
      (en-rXC) "‎‏‎‎‎‎‎‏‎‏‏‏‎‎‎‎‎‎‏‎‎‏‎‎‎‎‏‏‏‏‏‏‏‏‎‎‎‏‏‎‎‏‎‎‎‏‏‏‏‎‎‏‎‎‏‎‏‏‏‏‏‏‎‏‎‎‎‏‏‎‏‏‎‎‏‏‎‎‎‎‎‎‏‏‎‏‎‎‎‎‎‏‏‎‏‏‎%1$d minutes‎‏‎‎‏‎"
      (zh-rHK) "%1$d 分鐘"
      (zh-rCN) "%1$d 分钟"
      (en-rIN) "%1$d minutes"
      (pt-rBR) "%1$d minutos"
      (es-rUS) "%1$d minutos"
      (pt-rPT) "%1$d minutos"
      (en-rAU) "%1$d minutes"
      (zh-rTW) "%1$d 分鐘"
    resource 0x7f0f0239 string/m3c_time_picker_period_toggle_description
      () "Select AM or PM"
      (ca) "Selecciona AM o PM"
      (da) "Vælg AM eller PM"
      (fa) "انتخاب ق.ظ. یا ب.ظ."
      (ja) "午前または午後を選択"
      (ka) "აირჩიეთ AM ან PM"
      (pa) "AM ਜਾਂ PM ਚੁਣੋ"
      (ta) "AM/PM என்பதைத் தேர்ந்தெடுக்கலாம்"
      (nb) "Velg AM eller PM"
      (be) "Выберыце AM (да паўдня) або PM (пасля паўдня)"
      (de) "Vormittags oder nachmittags auswählen"
      (ne) "AM वा PM चयन गर्नुहोस्"
      (te) "AM లేదా PMను ఎంచుకోండి"
      (af) "Kies vm. of nm."
      (bg) "Изберете AM или PM"
      (th) "เลือก AM หรือ PM"
      (fi) "Valitse AP tai IP"
      (hi) "AM या PM चुनें"
      (si) "පෙ.ව. හෝ ප.ව. තෝරන්න"
      (vi) "Chọn SA hoặc CH"
      (kk) ""AM" немесе "PM" форматын таңдау"
      (mk) "Изберете претпладне или попладне"
      (sk) "Vyberte AM alebo PM"
      (uk) "Виберіть ДП чи ПП"
      (el) "Επιλέξτε π.μ. ή μ.μ."
      (gl) "Selecciona a.m. ou p.m."
      (ml) "AM അല്ലെങ്കിൽ PM തിരഞ്ഞെടുക്കുക"
      (nl) "AM of PM selecteren"
      (pl) "Wybierz AM lub PM"
      (sl) "Izberite dopoldanski ali popoldanski čas."
      (tl) "Piliin ang AM o PM"
      (am) "ኤኤም ወይም ፒኤምን ይምረጡ"
      (km) "ជ្រើសរើស AM ឬ PM"
      (bn) "AM বা PM বেছে নিন"
      (in) "Pilih AM atau PM"
      (kn) "AM ಅಥವಾ PM ಆಯ್ಕೆಮಾಡಿ"
      (mn) "ҮӨ эсвэл ҮХ эсэхийг сонгоно уу"
      (ko) "오전 또는 오후를 선택하세요."
      (lo) "ເລືອກກ່ອນທ່ຽງ ຫຼື ຫຼັງທ່ຽງ"
      (ro) "Selectează AM sau PM"
      (sq) "Zgjidh paradite ose pasdite"
      (ar) "يُرجى اختيار "ص" أو "م"."
      (fr) "Sélectionner le format AM ou PM"
      (hr) "Odaberite prijepodne ili poslijepodne"
      (mr) "AM किंवा PM निवडा"
      (or) "AM କିମ୍ବା PM ଚୟନ କରନ୍ତୁ"
      (sr) "Изаберите пре подне или по подне"
      (b+sr+Latn) "Izaberite pre podne ili po podne"
      (tr) "ÖÖ veya ÖS'yi seçin"
      (ur) "‏AM یا PM منتخب کریں"
      (as) "AM অথবা PM বাছনি কৰক"
      (bs) "Odaberite prijepodne ili poslijepodne"
      (cs) "Vyberte AM nebo PM"
      (es) "Selecciona AM o PM"
      (is) "Velja f.h. eða e.h."
      (ms) "Pilih PG atau PTG/MLM"
      (et) "Valige AM või PM"
      (it) "Seleziona AM o PM"
      (lt) "Pasirinkite „priešpiet“ arba „popiet“"
      (pt) "Selecione AM ou PM"
      (eu) "Hautatu AM edo PM"
      (gu) "AM કે PM પસંદ કરો"
      (hu) "Napszak kiválasztása"
      (ru) "Выбрать AM (до полудня) или PM (после полудня)"
      (zu) "Khetha u-AM noma u-PM"
      (lv) "Atlasīt “AM” (priekšpusdienā) vai “PM” (pēcpusdienā)"
      (sv) "Välj mellan FM och EM"
      (iw) "‏צריך לבחור ב-AM או ב-PM"
      (sw) "Chagua AM au PM"
      (hy) "Ընտրել AM կամ PM"
      (ky) "Түшкө чейинки же түштөн кийинки убакытты тандоо"
      (my) "AM (သို့) PM ရွေးရန်"
      (az) "AM və ya PM seçin"
      (uz) "Tushdan oldin yoki keyinligini tanlang"
      (en-rCA) "Select AM or PM"
      (fr-rCA) "Sélectionner AM ou PM"
      (en-rGB) "Select a.m. or p.m."
      (en-rXC) "‎‏‎‎‎‎‎‏‎‏‏‏‎‎‎‎‎‎‏‎‎‏‎‎‎‎‏‏‏‏‏‏‏‏‎‏‎‎‎‏‎‏‏‎‎‏‎‏‎‏‎‎‎‏‏‎‏‏‎‏‎‎‎‎‎‎‏‎‎‏‏‎‎‎‏‏‏‏‎‎‏‎‏‏‏‎‎‎‏‎‎‎‏‎‏‏‎Select AM or PM‎‏‎‎‏‎"
      (zh-rHK) "選取上午或下午"
      (zh-rCN) "选择上午或下午"
      (en-rIN) "Select a.m. or p.m."
      (pt-rBR) "Selecione AM ou PM"
      (es-rUS) "Selecciona a.m. o p.m."
      (pt-rPT) "Selecione AM ou PM"
      (en-rAU) "Select a.m. or p.m."
      (zh-rTW) "選取上午或下午"
    resource 0x7f0f023a string/m3c_time_picker_pm
      () "PM"
      (ca) "PM"
      (da) "PM"
      (fa) "ب.ظ."
      (ja) "PM"
      (ka) "PM"
      (pa) "PM"
      (ta) "PM"
      (nb) "PM"
      (be) "пасля паўдня"
      (de) "Nachmittags"
      (ne) "PM"
      (te) "PM"
      (af) "nm."
      (bg) "PM"
      (th) "PM"
      (fi) "IP"
      (hi) "PM"
      (si) "ප.ව."
      (vi) "CH"
      (kk) "түстен кейін"
      (mk) "попл."
      (sk) "PM"
      (uk) "ПП"
      (el) "μμ"
      (gl) "p.m."
      (ml) "PM"
      (nl) "PM"
      (pl) "PM"
      (sl) "pop."
      (tl) "PM"
      (am) "ፒኤም"
      (km) "PM"
      (bn) "PM"
      (in) "PM"
      (kn) "PM"
      (mn) "ҮХ"
      (ko) "오후"
      (lo) "ຫຼັງທ່ຽງ"
      (ro) "p.m."
      (sq) "pasdite"
      (ar) "م"
      (fr) "PM"
      (hr) "Poslijepodne"
      (mr) "PM"
      (or) "PM"
      (sr) "PM"
      (b+sr+Latn) "PM"
      (tr) "ÖS"
      (ur) "PM"
      (as) "PM"
      (bs) "poslijepodne"
      (cs) "PM"
      (es) "p. m."
      (is) "eh"
      (ms) "P/M"
      (et) "PM"
      (it) "PM"
      (lt) "popiet"
      (pt) "PM"
      (eu) "PM"
      (gu) "PM"
      (hu) "du."
      (ru) "PM"
      (zu) "PM"
      (lv) "PM"
      (sv) "EM"
      (iw) "PM"
      (sw) "PM"
      (hy) "PM"
      (ky) "түштөн кийин"
      (my) "PM"
      (az) "PM"
      (uz) "TK"
      (en-rCA) "PM"
      (fr-rCA) "PM"
      (en-rGB) "p.m."
      (en-rXC) "‎‏‎‎‎‎‎‏‎‏‏‏‎‎‎‎‎‎‏‎‎‏‎‎‎‎‏‏‏‏‏‏‏‏‎‏‏‎‏‏‏‏‎‏‎‎‏‎‎‎‎‎‏‎‏‎‎‎‏‏‏‎‏‏‏‎‏‏‎‏‎‎‏‏‎‎‏‎‎‎‏‏‎‏‎‎‎‎‏‏‎‏‏‏‎‏‎PM‎‏‎‎‏‎"
      (zh-rHK) "下午"
      (zh-rCN) "下午"
      (en-rIN) "p.m."
      (pt-rBR) "PM"
      (es-rUS) "PM"
      (pt-rPT) "PM"
      (en-rAU) "p.m."
      (zh-rTW) "下午"
    resource 0x7f0f0241 string/manual
      () "Manually logged intake"
      (zh) "手动记录服药"
      (b+zh+Hant) "手動記錄服藥"
      (fr) "Prise enregistrée manuellement"
    resource 0x7f0f0242 string/manual_extra_dose
      () "This is an extra dose"
      (zh) "这是额外服药"
      (b+zh+Hant) "這是額外服藥"
      (fr) "C’est une prise en plus"
    resource 0x7f0f0243 string/manufacturer
      () "Device manufacturer: %1$s"
      (zh) "设备厂商：%1$s"
      (b+zh+Hant) "裝置廠商：%1$s"
      (fr) "Fabricant de l'appareil : %1$s"
    resource 0x7f0f0244 string/medication
      () "Medication"
      (zh) "药物"
      (b+zh+Hant) "藥物"
      (fr) "Médicament"
    resource 0x7f0f0245 string/medications
      () "Medications"
      (zh) "药物"
      (b+zh+Hant) "藥物"
      (fr) "Médicaments"
    resource 0x7f0f0246 string/menu
      () "Menu"
      (zh) "菜单"
      (b+zh+Hant) "選單"
      (fr) "Menu"
    resource 0x7f0f0247 string/milestone
      () "Milestone"
      (zh) "里程碑"
      (b+zh+Hant) "里程碑"
      (fr) "Jalon"
    resource 0x7f0f0248 string/milestone_add
      () "Add milestone"
      (zh) "添加里程碑"
      (b+zh+Hant) "新增里程碑"
      (fr) "Ajouter un jalon"
    resource 0x7f0f0249 string/milestone_custom
      () "Custom milestone"
      (zh) "自定义里程碑"
      (b+zh+Hant) "自訂里程碑"
      (fr) "Jalon personnalisé"
    resource 0x7f0f024a string/milestone_delete_confirm
      () "Delete this milestone and its notes?"
      (zh) "删除这个里程碑及其备注？"
      (b+zh+Hant) "刪除這個里程碑及其備註？"
      (fr) "Supprimer ce jalon et ses notes ?"
    resource 0x7f0f024b string/milestone_history_only
      () "Record a historical event and optionally its reason below. This does not change current medication schedules or reminders."
      (zh) "记录历史事件，可在下方备注中填写原因。不会改变当前用药方案或提醒。"
      (b+zh+Hant) "記錄歷史事件，可在下方備註中填寫原因。不會改變目前用藥方案或提醒。"
      (fr) "Enregistrez un événement historique et, si souhaité, sa raison ci-dessous. Cela ne modifie pas les horaires de prises ni les rappels actuels."
    resource 0x7f0f024c string/milestone_intro
      () "A date you choose to mark. Treatment start is never inferred from your first record."
      (zh) "自行标记一个日期；不会用第一条记录推断治疗起始日。"
      (b+zh+Hant) "自行標記一個日期；不會用第一條記錄推斷治療起始日。"
      (fr) "Une date que vous choisissez de marquer. Le début du traitement n’est jamais déduit de la première entrée."
    resource 0x7f0f024d string/milestone_paused
      () "Treatment paused"
      (zh) "暂停治疗"
      (b+zh+Hant) "暫停治療"
      (fr) "Traitement mis en pause"
    resource 0x7f0f024e string/milestone_resumed
      () "Treatment resumed"
      (zh) "恢复治疗"
      (b+zh+Hant) "恢復治療"
      (fr) "Traitement repris"
    resource 0x7f0f024f string/milestone_route
      () "Route changed"
      (zh) "给药途径改变"
      (b+zh+Hant) "給藥途徑改變"
      (fr) "Changement de voie d’administration"
    resource 0x7f0f0250 string/milestone_saved
      () "Milestone saved"
      (zh) "里程碑已保存"
      (b+zh+Hant) "里程碑已儲存"
      (fr) "Jalon enregistré"
    resource 0x7f0f0251 string/milestone_saved_refresh_failed
      () "Milestone saved. Refresh could not finish; do not save it again."
      (zh) "里程碑已保存，但刷新未完成；请勿重复保存。"
      (b+zh+Hant) "里程碑已儲存，但重新整理未完成；請勿重複儲存。"
      (fr) "Jalon enregistré. Actualisation inachevée ; ne le sauvegardez pas à nouveau."
    resource 0x7f0f0252 string/milestone_saving
      () "Saving…"
      (zh) "正在保存…"
      (b+zh+Hant) "正在儲存…"
      (fr) "Enregistrement…"
    resource 0x7f0f0253 string/milestone_started
      () "Started hormone treatment"
      (zh) "开始激素治疗"
      (b+zh+Hant) "開始荷爾蒙治療"
      (fr) "Début du traitement hormonal"
    resource 0x7f0f0254 string/milestone_stopped
      () "Treatment stopped"
      (zh) "停止治疗"
      (b+zh+Hant) "停止治療"
      (fr) "Traitement arrêté"
    resource 0x7f0f0255 string/milestone_title
      () "Title (required for a custom milestone)"
      (zh) "标题（自定义类型必填）"
      (b+zh+Hant) "標題（自訂類型必填）"
      (fr) "Titre (obligatoire pour un jalon personnalisé)"
    resource 0x7f0f0256 string/minutes_unit
      () "min"
      (zh) "分钟"
      (b+zh+Hant) "分鐘"
      (fr) "min"
    resource 0x7f0f0257 string/missed_note
      () "If you actually took it, you can still record the real time."
      (zh) "如果其实已经服用，仍可补记实际时间。"
      (b+zh+Hant) "如果其實已經服用，仍可補記實際時間。"
      (fr) "Si vous l'avez pris, vous pouvez encore saisir l'heure réelle."
    resource 0x7f0f0258 string/missing_actual_dose
      () "Actual dose missing; edit the intake in History"
      (zh) "缺少实际剂量，可在历史页编辑服药记录"
      (b+zh+Hant) "缺少實際劑量，可在歷史頁編輯服藥記錄"
      (fr) "Dose réelle manquante ; modifiez la prise dans l’historique"
    resource 0x7f0f0259 string/missing_gel_product
      () "gel product"
      (zh) "凝胶产品"
      (b+zh+Hant) "凝膠產品"
      (fr) "gel"
    resource 0x7f0f025a string/missing_patch_release
      () "nominal release rate (µg/day)"
      (zh) "标称释放量（µg/天）"
      (b+zh+Hant) "標稱釋放量（µg/天）"
      (fr) "débit nominal (µg/jour)"
    resource 0x7f0f025b string/missing_patch_unit
      () "dose unit must be "patch""
      (zh) "剂量单位需为"贴""
      (b+zh+Hant) "劑量單位需為"貼""
      (fr) "l'unité doit être « patch »"
    resource 0x7f0f025c string/missing_route
      () "route and ester"
      (zh) "给药途径和酯型"
      (b+zh+Hant) "給藥途徑和酯型"
      (fr) "voie et ester"
    resource 0x7f0f025d string/missing_route_not_modelled
      () "only oral use has a model"
      (zh) "只有口服有模型"
      (b+zh+Hant) "只有口服有模型"
      (fr) "seule la voie orale a un modèle"
    resource 0x7f0f025e string/missing_sl_tier
      () "how long you hold it"
      (zh) "含服时长"
      (b+zh+Hant) "含服時長"
      (fr) "durée de maintien sous la langue"
    resource 0x7f0f025f string/missing_unit_mg
      () "dose unit must be mg"
      (zh) "剂量单位需为 mg"
      (b+zh+Hant) "劑量單位需為 mg"
      (fr) "l'unité doit être mg"
    resource 0x7f0f0260 string/missing_weight
      () "body weight"
      (zh) "体重"
      (b+zh+Hant) "體重"
      (fr) "poids"
    resource 0x7f0f0261 string/model_cpa_oral
      () "Oral cyproterone acetate"
      (zh) "口服醋酸环丙孕酮"
      (b+zh+Hant) "口服醋酸環丙孕酮"
      (fr) "Acétate de cyprotérone oral"
    resource 0x7f0f0262 string/model_e2_oral
      () "Oral estradiol"
      (zh) "口服雌二醇"
      (b+zh+Hant) "口服雌二醇"
      (fr) "Estradiol oral"
    resource 0x7f0f0263 string/model_e2_patch
      () "Estradiol patch"
      (zh) "雌二醇贴片"
      (b+zh+Hant) "雌二醇貼片"
      (fr) "Patch d’estradiol"
    resource 0x7f0f0264 string/model_e2_sl
      () "Sublingual estradiol"
      (zh) "舌下雌二醇"
      (b+zh+Hant) "舌下雌二醇"
      (fr) "Estradiol sublingual"
    resource 0x7f0f0265 string/model_ev_im
      () "Intramuscular estradiol valerate"
      (zh) "肌注戊酸雌二醇"
      (b+zh+Hant) "肌注戊酸雌二醇"
      (fr) "Valérate d’estradiol intramusculaire"
    resource 0x7f0f0266 string/model_ev_oral
      () "Oral estradiol valerate"
      (zh) "口服戊酸雌二醇"
      (b+zh+Hant) "口服戊酸雌二醇"
      (fr) "Valérate d’estradiol oral"
    resource 0x7f0f0267 string/model_gel_divigel
      () "Estradiol gel (Divigel)"
      (zh) "雌二醇凝胶（Divigel）"
      (b+zh+Hant) "雌二醇凝膠（Divigel）"
      (fr) "Gel d’estradiol (Divigel)"
    resource 0x7f0f0268 string/model_gel_estrogel
      () "Estradiol gel (EstroGel / Oestrogel)"
      (zh) "雌二醇凝胶（EstroGel / Oestrogel）"
      (b+zh+Hant) "雌二醇凝膠（EstroGel / Oestrogel）"
      (fr) "Gel d’estradiol (EstroGel / Oestrogel)"
    resource 0x7f0f0269 string/model_gel_other
      () "Estradiol gel (other products, no product data)"
      (zh) "雌二醇凝胶（其他产品，无该产品数据）"
      (b+zh+Hant) "雌二醇凝膠（其他產品，無該產品資料）"
      (fr) "Gel d’estradiol (autres produits, pas de données)"
    resource 0x7f0f026a string/model_p4_oral
      () "Oral progesterone (illustrative)"
      (zh) "口服黄体酮（示意）"
      (b+zh+Hant) "口服黃體酮（示意）"
      (fr) "Progestérone orale (indicative)"
    resource 0x7f0f026b string/model_spi_canrenone
      () "Canrenone from spironolactone"
      (zh) "螺内酯代谢物坎利酮"
      (b+zh+Hant) "螺內酯代謝物坎利酮"
      (fr) "Canrénone issue de la spironolactone"
    resource 0x7f0f026c string/model_spi_parent
      () "Spironolactone"
      (zh) "螺内酯"
      (b+zh+Hant) "螺內酯"
      (fr) "Spironolactone"
    resource 0x7f0f026d string/molecule
      () "Molecule"
      (zh) "分子"
      (b+zh+Hant) "分子"
      (fr) "Molécule"
    resource 0x7f0f026e string/more
      () "More"
      (zh) "更多"
      (b+zh+Hant) "更多"
      (fr) "Plus"
    resource 0x7f0f026f string/moved_from
      () "was %1$s"
      (zh) "原定 %1$s"
      (b+zh+Hant) "原定 %1$s"
      (fr) "prévu %1$s"
    resource 0x7f0f0270 string/name
      () "Name"
      (zh) "名称"
      (b+zh+Hant) "名稱"
      (fr) "Nom"
    resource 0x7f0f0271 string/navigation_menu
      () "Navigation menu"
      (ca) "Menú de navegació"
      (da) "Navigationsmenu"
      (fa) "منوی پیمایش"
      (ja) "ナビゲーションメニュー"
      (ka) "ნავიგაციის მენიუ"
      (pa) "ਨੈਵੀਗੇਸ਼ਨ ਮੀਨੂ"
      (ta) "வழிசெலுத்தல் மெனு"
      (nb) "Navigasjonsmeny"
      (be) "Меню навігацыі"
      (de) "Navigationsmenü"
      (ne) "नेभिगेसन मेनु"
      (te) "నావిగేషన్ మెనూ"
      (af) "Navigasiekieslys"
      (bg) "Меню за навигация"
      (th) "เมนูการนำทาง"
      (fi) "Navigointivalikko"
      (hi) "नेविगेशन मेन्यू"
      (si) "සංචාලන මෙනුව"
      (vi) "Trình đơn điều hướng"
      (kk) "Навигация мәзірі"
      (mk) "Мени за навигација"
      (sk) "Navigačná ponuka"
      (uk) "Меню навігації"
      (el) "Μενού πλοήγησης"
      (gl) "Menú de navegación"
      (ml) "നാവിഗേഷൻ മെനു"
      (nl) "Navigatiemenu"
      (pl) "Menu nawigacyjne"
      (sl) "Meni za krmarjenje"
      (tl) "Menu ng navigation"
      (am) "የዳሰሳ ምናሌ"
      (km) "ម៉ឺនុយរុករក"
      (bn) "নেভিগেশন মেনু"
      (in) "Menu navigasi"
      (kn) "ನ್ಯಾವಿಗೇಶನ್‌ ಮೆನು"
      (mn) "Навигацын цэс"
      (ko) "탐색 메뉴"
      (lo) "ເມນູການນຳທາງ"
      (ro) "Meniu de navigare"
      (sq) "Menyja e navigimit"
      (ar) "قائمة تنقل"
      (fr) "Menu de navigation"
      (hr) "Navigacijski izbornik"
      (mr) "नेव्हिगेशन मेनू"
      (or) "ନାଭିଗେସନ୍ ମେନୁ"
      (sr) "Мени за навигацију"
      (b+sr+Latn) "Meni za navigaciju"
      (tr) "Gezinme menüsü"
      (ur) "نیویگیشن مینیو"
      (as) "নেভিগেশ্বন মেনু"
      (bs) "Meni za navigaciju"
      (cs) "Navigační nabídka"
      (es) "Menú de navegación"
      (is) "Yfirlitsvalmynd"
      (ms) "Menu navigasi"
      (et) "Navigeerimismenüü"
      (it) "Menu di navigazione"
      (lt) "Naršymo meniu"
      (pt) "Menu de navegação"
      (eu) "Nabigazio-menua"
      (gu) "નૅવિગેશન મેનૂ"
      (hu) "Navigációs menü"
      (ru) "Меню навигации"
      (zu) "Imenyu yokuzulazula"
      (lv) "Navigācijas izvēlne"
      (sv) "Navigeringsmeny"
      (iw) "תפריט הניווט"
      (sw) "Menyu ya kusogeza"
      (hy) "Նավիգացիայի ընտրացանկ"
      (ky) "Чабыттоо менюсу"
      (my) "လမ်းညွှန် မီနူး"
      (az) "Naviqasiya menyusu"
      (uz) "Navigatsiya menyusi"
      (en-rCA) "Navigation menu"
      (fr-rCA) "Menu de navigation"
      (en-rGB) "Navigation menu"
      (en-rXC) "‎‏‎‎‎‎‎‏‎‏‏‏‎‎‎‎‎‎‏‎‎‏‎‎‎‎‏‏‏‏‎‏‏‏‏‏‏‎‎‎‎‏‎‏‏‎‎‏‏‎‎‎‏‎‏‎‎‏‏‎‏‎‏‎‎‏‏‎‎‏‏‏‏‎‏‏‏‏‎‏‎‎‏‎‎‎‏‏‏‏‎‎‎Navigation menu‎‏‎‎‏‎"
      (zh-rHK) "導覽選單"
      (zh-rCN) "导航菜单"
      (en-rIN) "Navigation menu"
      (pt-rBR) "Menu de navegação"
      (es-rUS) "Menú de navegación"
      (pt-rPT) "Menu de navegação"
      (en-rAU) "Navigation menu"
      (zh-rTW) "導覽選單"
    resource 0x7f0f0272 string/needs_review
      () "To confirm"
      (zh) "待确认"
      (b+zh+Hant) "待確認"
      (fr) "À confirmer"
    resource 0x7f0f0273 string/neutral_done
      () "Done"
      (zh) "完成"
      (b+zh+Hant) "完成"
      (fr) "Terminé"
    resource 0x7f0f0274 string/neutral_open
      () "Open to review your notes"
      (zh) "打开查看你的记录"
      (b+zh+Hant) "開啟以查看你的記錄"
      (fr) "Ouvrir pour consulter vos notes"
    resource 0x7f0f0275 string/neutral_open_default
      () "Open to review your notes"
      (zh) "打开查看你的记录"
      (b+zh+Hant) "開啟查看你的記錄"
      (fr) "Ouvrir pour consulter vos notes"
    resource 0x7f0f0276 string/neutral_reminder
      () "Reminder"
      (zh) "提醒"
      (b+zh+Hant) "提醒"
      (fr) "Rappel"
    resource 0x7f0f0277 string/neutral_reminder_default
      () "Reminder"
      (zh) "提醒"
      (b+zh+Hant) "提醒"
      (fr) "Rappel"
    resource 0x7f0f0278 string/next_day
      () "Next day"
      (zh) "后一天"
      (b+zh+Hant) "後一天"
      (fr) "Jour suivant"
    resource 0x7f0f0279 string/no_medications
      () "No medications yet"
      (zh) "还没有药物"
      (b+zh+Hant) "還沒有藥物"
      (fr) "Aucun médicament pour l'instant"
    resource 0x7f0f027a string/not_selected
      () "Not selected"
      (ca) "No seleccionat"
      (da) "Ikke valgt"
      (fa) "انتخاب‌نشده"
      (ja) "未選択"
      (ka) "არ არის არჩეული"
      (pa) "ਚੁਣੀ ਨਹੀਂ ਗਈ"
      (ta) "தேர்ந்தெடுக்கப்படவில்லை"
      (nb) "Ikke valgt"
      (be) "Не выбрана"
      (de) "Nicht ausgewählt"
      (ne) "चयन गरिएको छैन"
      (te) "ఎంచుకోబడలేదు"
      (af) "Nie gekies nie"
      (bg) "Не е избрано"
      (th) "ไม่ได้เลือก"
      (fi) "Ei valittu"
      (hi) "नहीं चुना गया"
      (si) "තෝරා නැත"
      (vi) "Chưa chọn"
      (kk) "Таңдалмады"
      (mk) "Не е избрано"
      (sk) "Nevybrané"
      (uk) "Не вибрано"
      (el) "Δεν έχει επιλεχθεί"
      (gl) "Non seleccionado"
      (ml) "തിരഞ്ഞെടുത്തില്ല"
      (nl) "Niet geselecteerd"
      (pl) "Nie wybrano"
      (sl) "Ni izbrano"
      (tl) "Hindi napili"
      (am) "ያልተመረጡ"
      (km) "មិនបាន​ជ្រើសរើស"
      (bn) "বেছে নেওয়া হয়নি"
      (in) "Tidak dipilih"
      (kn) "ಆಯ್ಕೆ ಮಾಡಿಲ್ಲ"
      (mn) "Сонгоогүй"
      (ko) "선택되지 않음"
      (lo) "ບໍ່ໄດ້ເລືອກ"
      (ro) "Neselectat"
      (sq) "Nuk është zgjedhur"
      (ar) "غير محدّد"
      (fr) "Non sélectionné"
      (hr) "Nije odabrano"
      (mr) "निवडला नाही"
      (or) "ଚୟନ କରାଯାଇନାହିଁ"
      (sr) "Није изабрано"
      (b+sr+Latn) "Nije izabrano"
      (tr) "Seçili değil"
      (ur) "غیر منتخب کردہ"
      (as) "বাছনি কৰা হোৱা নাই"
      (bs) "Nije odabrano"
      (cs) "Nevybráno"
      (es) "No seleccionado"
      (is) "Ekki valið"
      (ms) "Tidak dipilih"
      (et) "Pole valitud"
      (it) "Opzione non selezionata"
      (lt) "Nepasirinkta"
      (pt) "Não selecionado"
      (eu) "Hautatu gabe"
      (gu) "પસંદગી કરી નથી"
      (hu) "Nincs kijelölve"
      (ru) "Не выбрано"
      (zu) "Ayikhethiwe"
      (lv) "Nav atlasīts"
      (sv) "Inte vald"
      (iw) "לא נבחר"
      (sw) "Hujachagua"
      (hy) "Ընտրված չէ"
      (ky) "Тандалган жок"
      (my) "ရွေးမထားပါ"
      (az) "Seçilməyib"
      (uz) "Tanlanmagan"
      (en-rCA) "Not selected"
      (fr-rCA) "Non sélectionné"
      (en-rGB) "Not selected"
      (en-rXC) "‎‏‎‎‎‎‎‏‎‏‏‏‎‎‎‎‎‎‏‎‎‏‎‎‎‎‏‏‏‏‏‏‏‏‎‏‏‎‏‏‏‎‏‏‏‏‎‏‎‎‎‏‎‏‏‏‎‏‎‏‎‎‎‎‏‎‎‎‎‏‏‎‎‏‎‏‏‎‏‎‏‏‎‏‏‎‎‏‎‎‎‎‎‏‏‏‎Not selected‎‏‎‎‏‎"
      (zh-rHK) "未揀"
      (zh-rCN) "未选择"
      (en-rIN) "Not selected"
      (pt-rBR) "Não selecionado"
      (es-rUS) "Sin seleccionar"
      (pt-rPT) "Não selecionado"
      (en-rAU) "Not selected"
      (zh-rTW) "未選取"
    resource 0x7f0f027b string/not_set
      () "Not set"
      (zh) "未设置"
      (b+zh+Hant) "未設定"
      (fr) "Non renseigné"
    resource 0x7f0f027c string/note
      () "Notes"
      (zh) "备注"
      (b+zh+Hant) "備註"
      (fr) "Notes"
    resource 0x7f0f027d string/note_cpa
      () "Concentration is not the anti-androgen effect."
      (zh) "浓度≠抗雄效果。"
      (b+zh+Hant) "濃度≠抗雄效果。"
      (fr) "La concentration n’est pas l’effet antiandrogène."
    resource 0x7f0f027e string/note_p4
      () "Oral progesterone levels vary greatly between people and between assay methods; this curve only shows the general shape."
      (zh) "口服黄体酮的浓度个体差异和检测方法差异都很大，这条曲线只表示大致形状。"
      (b+zh+Hant) "口服黃體酮的濃度個體差異和檢測方法差異都很大，這條曲線只表示大致形狀。"
      (fr) "Les taux de progestérone orale varient beaucoup selon les personnes et les méthodes de dosage ; cette courbe ne montre que l’allure générale."
    resource 0x7f0f027f string/note_spi
      () "Spironolactone is converted to canrenone, which lasts much longer. Concentration is not the anti-androgen effect."
      (zh) "螺内酯会转化为作用更久的坎利酮。浓度≠抗雄效果。"
      (b+zh+Hant) "螺內酯會轉化為作用更久的坎利酮。濃度≠抗雄效果。"
      (fr) "La spironolactone est transformée en canrénone, qui dure bien plus longtemps. La concentration n’est pas l’effet antiandrogène."
    resource 0x7f0f0282 string/notif_body
      () "Text"
      (zh) "正文"
      (b+zh+Hant) "正文"
      (fr) "Texte"
    resource 0x7f0f0283 string/notif_details
      () "Show details in notifications"
      (zh) "在通知中显示详情"
      (b+zh+Hant) "在通知中顯示詳情"
      (fr) "Afficher les détails dans les notifications"
    resource 0x7f0f0284 string/notif_details_desc
      () "Adds the item name and amount, only while the phone is unlocked"
      (zh) "仅在手机解锁时附加项目名称和用量"
      (b+zh+Hant) "僅在手機解鎖時附加項目名稱和用量"
      (fr) "Ajoute le nom et la quantité, seulement quand le téléphone est déverrouillé"
    resource 0x7f0f0285 string/notif_details_disguised
      () "Disguise mode is on: notifications always stay neutral"
      (zh) "伪装模式已开启：通知始终保持中性"
      (b+zh+Hant) "偽裝模式已開啟：通知始終保持中性"
      (fr) "Le mode camouflage est actif : les notifications restent toujours neutres"
    resource 0x7f0f0286 string/notif_text_desc
      () "Shown on the lock screen and in the status bar. Leave empty to use the neutral default."
      (zh) "显示在锁屏和状态栏中。留空则使用中性的默认文字。"
      (b+zh+Hant) "顯示在鎖屏和狀態列中。留空則使用中性的預設文字。"
      (fr) "Affiché sur l’écran de verrouillage et dans la barre d’état. Laisser vide pour le texte neutre par défaut."
    resource 0x7f0f0287 string/notif_text_title
      () "Notification text"
      (zh) "通知文字"
      (b+zh+Hant) "通知文字"
      (fr) "Texte des notifications"
    resource 0x7f0f0288 string/notif_title
      () "Title"
      (zh) "标题"
      (b+zh+Hant) "標題"
      (fr) "Titre"
    resource 0x7f0f0289 string/notifications
      () "Reminders enabled"
      (zh) "开启提醒"
      (b+zh+Hant) "開啟提醒"
      (fr) "Rappels activés"
    resource 0x7f0f028a string/ok
      () "OK"
      (zh) "确定"
      (b+zh+Hant) "確定"
      (fr) "OK"
    resource 0x7f0f028b string/operation_error
      () "Operation could not be completed. Check the fields and retry."
      (zh) "操作未能完成。请检查填写内容后重试。"
      (b+zh+Hant) "操作未能完成。請檢查填寫內容後重試。"
      (fr) "L'opération n'a pas pu aboutir. Vérifiez les champs puis réessayez."
    resource 0x7f0f028c string/originally
      () "planned %1$s"
      (zh) "原定 %1$s"
      (b+zh+Hant) "原定 %1$s"
      (fr) "prévu le %1$s"
    resource 0x7f0f028d string/patch_assumption
      () "Assumption: each new patch replaces the previous one (it is removed when you apply the next)."
      (zh) "假设：每次贴新贴片时揭下上一片。"
      (b+zh+Hant) "假設：每次貼新貼片時揭下上一片。"
      (fr) "Hypothèse : chaque nouveau patch remplace le précédent (retiré à la pose du suivant)."
    resource 0x7f0f028e string/patch_release
      () "Nominal release rate"
      (zh) "标称释放量"
      (b+zh+Hant) "標稱釋放量"
      (fr) "Débit nominal"
    resource 0x7f0f028f string/patch_release_hint
      () "From the box, e.g. 50 or 100 µg/day"
      (zh) "见包装，例如 50 或 100 µg/天"
      (b+zh+Hant) "見包裝，例如 50 或 100 µg/天"
      (fr) "Indiqué sur la boîte, p. ex. 50 ou 100 µg/jour"
    resource 0x7f0f0290 string/per_intake
      () "%1$s per intake"
      (zh) "每次 %1$s"
      (b+zh+Hant) "每次 %1$s"
      (fr) "%1$s par prise"
    resource 0x7f0f0291 string/period_change_dose
      () "different dose"
      (zh) "每次剂量不同"
      (b+zh+Hant) "每次劑量不同"
      (fr) "dose différente"
    resource 0x7f0f0292 string/period_change_ended
      () "no longer recorded or planned"
      (zh) "不再有记录或方案"
      (b+zh+Hant) "不再有紀錄或方案"
      (fr) "plus de prises ni de traitement"
    resource 0x7f0f0293 string/period_change_ester
      () "different ester"
      (zh) "酯型不同"
      (b+zh+Hant) "酯型不同"
      (fr) "ester différent"
    resource 0x7f0f0294 string/period_change_formulation
      () "different product"
      (zh) "制剂不同"
      (b+zh+Hant) "製劑不同"
      (fr) "produit différent"
    resource 0x7f0f0295 string/period_change_frequency
      () "different frequency"
      (zh) "频率不同"
      (b+zh+Hant) "頻率不同"
      (fr) "fréquence différente"
    resource 0x7f0f0296 string/period_change_frequency_unknown
      () "frequency could not be recognised from the records on one side"
      (zh) "其中一段无法从记录确定频率"
      (b+zh+Hant) "其中一段無法從紀錄確定頻率"
      (fr) "fréquence non reconnue dans les prises d’un côté"
    resource 0x7f0f0297 string/period_change_gap
      () "30 days or more without records"
      (zh) "中间 30 天以上没有记录"
      (b+zh+Hant) "中間 30 天以上沒有紀錄"
      (fr) "30 jours ou plus sans prise"
    resource 0x7f0f0298 string/period_change_header
      () "Compared with the previous period:"
      (zh) "与上一时期相比："
      (b+zh+Hant) "與上一時期相比："
      (fr) "Par rapport à la période précédente :"
    resource 0x7f0f0299 string/period_change_identity
      () "different ingredient or unit"
      (zh) "成分或单位不同"
      (b+zh+Hant) "成分或單位不同"
      (fr) "substance ou unité différente"
    resource 0x7f0f029a string/period_change_route
      () "different route"
      (zh) "途径不同"
      (b+zh+Hant) "途徑不同"
      (fr) "voie différente"
    resource 0x7f0f029b string/period_change_started
      () "started"
      (zh) "开始"
      (b+zh+Hant) "開始"
      (fr) "début"
    resource 0x7f0f029c string/period_change_stopped
      () "stopped in the app"
      (zh) "在应用中停用"
      (b+zh+Hant) "在應用程式中停用"
      (fr) "arrêté dans l’app"
    resource 0x7f0f029d string/period_change_unjoined
      () "same standard, not joined (please report)"
      (zh) "标准相同但未合并（请反馈）"
      (b+zh+Hant) "標準相同但未合併（請回報）"
      (fr) "même traitement, non fusionné (merci de le signaler)"
    resource 0x7f0f02a1 string/period_current
      () "Current period"
      (zh) "当前时期"
      (b+zh+Hant) "目前時期"
      (fr) "Période actuelle"
    resource 0x7f0f02a2 string/period_delete_confirm
      () "Delete this period? Intakes are not deleted. You can restore it from Settings › Recycle bin."
      (zh) "删除这个时期？服药记录不会删除。可以在“设置 › 回收站”里恢复。"
      (b+zh+Hant) "刪除這個時期？服藥紀錄不會刪除。可以在「設定 › 回收筒」裡恢復。"
      (fr) "Supprimer cette période ? Les prises ne sont pas supprimées. Vous pourrez la restaurer dans Réglages › Corbeille."
    resource 0x7f0f02a4 string/period_dose_n
      () "Dose %1$d"
      (zh) "第 %1$d 次剂量"
      (b+zh+Hant) "第 %1$d 次劑量"
      (fr) "Prise %1$d"
    resource 0x7f0f02a6 string/period_edit_title_create
      () "New period"
      (zh) "新建时期"
      (b+zh+Hant) "新增時期"
      (fr) "Nouvelle période"
    resource 0x7f0f02a7 string/period_edit_title_edit
      () "Edit period"
      (zh) "编辑时期"
      (b+zh+Hant) "編輯時期"
      (fr) "Modifier la période"
    resource 0x7f0f02aa string/period_frequency_days
      () "%1$d dose(s) every %2$d day(s)"
      (zh) "每 %2$d 天 %1$d 次"
      (b+zh+Hant) "每 %2$d 天 %1$d 次"
      (fr) "%1$d prise(s) tous les %2$d jour(s)"
    resource 0x7f0f02ab string/period_frequency_hours
      () "%1$d dose(s) every %2$d hour(s)"
      (zh) "每 %2$d 小时 %1$d 次"
      (b+zh+Hant) "每 %2$d 小時 %1$d 次"
      (fr) "%1$d prise(s) toutes les %2$d heure(s)"
    resource 0x7f0f02ad string/period_frequency_unconfirmed
      () "Recorded amounts shown; dosing frequency is unconfirmed."
      (zh) "显示实际记录中的剂量，服药频率尚未确认。"
      (b+zh+Hant) "顯示實際紀錄中的劑量，服藥頻率尚未確認。"
      (fr) "Quantités enregistrées affichées ; fréquence des prises non confirmée."
    resource 0x7f0f02ae string/period_frequency_weeks
      () "%1$d dose(s) every %2$d week(s)"
      (zh) "每 %2$d 周 %1$d 次"
      (b+zh+Hant) "每 %2$d 週 %1$d 次"
      (fr) "%1$d prise(s) toutes les %2$d semaine(s)"
    resource 0x7f0f02af string/period_from
      () "Start"
      (zh) "开始"
      (b+zh+Hant) "開始"
      (fr) "Début"
    resource 0x7f0f02b0 string/period_future_note
      () "Future events are separate from recorded treatment periods."
      (zh) "未来事件独立显示，不归入已发生的治疗时期。"
      (b+zh+Hant) "未來事件獨立顯示，不歸入已發生的治療時期。"
      (fr) "Les événements futurs restent séparés des périodes enregistrées."
    resource 0x7f0f02b1 string/period_inferred
      () "Inferred from medication records"
      (zh) "由用药记录推定"
      (b+zh+Hant) "由用藥紀錄推定"
      (fr) "Déduit des prises enregistrées"
    resource 0x7f0f02b2 string/period_interval_days
      () "Every how many days"
      (zh) "每隔几天"
      (b+zh+Hant) "每隔幾天"
      (fr) "Tous les combien de jours"
    resource 0x7f0f02b3 string/period_medication
      () "Medicine"
      (zh) "药物"
      (b+zh+Hant) "藥物"
      (fr) "Médicament"
    resource 0x7f0f02b4 string/period_menu
      () "More"
      (zh) "更多"
      (b+zh+Hant) "更多"
      (fr) "Plus"
    resource 0x7f0f02b5 string/period_menu_delete
      () "Delete"
      (zh) "删除"
      (b+zh+Hant) "刪除"
      (fr) "Supprimer"
    resource 0x7f0f02b7 string/period_menu_edit
      () "Edit"
      (zh) "编辑"
      (b+zh+Hant) "編輯"
      (fr) "Modifier"
    resource 0x7f0f02c4 string/period_ongoing
      () "Continues to today"
      (zh) "延续至今"
      (b+zh+Hant) "延續至今"
      (fr) "Se poursuit jusqu’à aujourd’hui"
    resource 0x7f0f02c5 string/period_overlap_accept
      () "Automatically shorten"
      (zh) "自动缩短"
      (b+zh+Hant) "自動縮短"
      (fr) "Raccourcir automatiquement"
    resource 0x7f0f02c6 string/period_overlap_cancel
      () "Do not shorten"
      (zh) "不缩短"
      (b+zh+Hant) "不縮短"
      (fr) "Ne pas raccourcir"
    resource 0x7f0f02c7 string/period_overlap_cancelled
      () "Change the neighbouring period first, or adjust these dates."
      (zh) "请先修改相邻时期，或调整这里的日期。"
      (b+zh+Hant) "請先修改相鄰時期，或調整這裡的日期。"
      (fr) "Modifiez d’abord la période voisine ou ajustez ces dates."
    resource 0x7f0f02c9 string/period_overlap_shorten
      () "Will shorten to %1$s – %2$s"
      (zh) "将缩短为 %1$s 至 %2$s"
      (b+zh+Hant) "將縮短為 %1$s 至 %2$s"
      (fr) "Sera raccourcie du %1$s au %2$s"
    resource 0x7f0f02ca string/period_overlap_split
      () "Will split into %1$s – %2$s and %3$s – %4$s"
      (zh) "将分成 %1$s 至 %2$s 和 %3$s 至 %4$s"
      (b+zh+Hant) "將分成 %1$s 至 %2$s 和 %3$s 至 %4$s"
      (fr) "Sera divisée du %1$s au %2$s et du %3$s au %4$s"
    resource 0x7f0f02cb string/period_overlap_title
      () "These periods overlap"
      (zh) "时期日期重叠"
      (b+zh+Hant) "時期日期重疊"
      (fr) "Ces périodes se chevauchent"
    resource 0x7f0f02cc string/period_overlap_trash
      () "Will move to the recycle bin"
      (zh) "将被移进回收站"
      (b+zh+Hant) "將被移進回收站"
      (fr) "Sera déplacée dans la corbeille"
    resource 0x7f0f02cf string/period_past
      () "Past period"
      (zh) "过去时期"
      (b+zh+Hant) "過去時期"
      (fr) "Période passée"
    resource 0x7f0f02d1 string/period_recognition_unavailable
      () "Historical regimen recognition is temporarily unavailable. Saved plans and original records remain available."
      (zh) "历史方案暂无法识别，已保存方案和原始记录仍可查看。"
      (b+zh+Hant) "歷史方案暫無法識別，已儲存方案和原始紀錄仍可查看。"
      (fr) "L’identification des schémas historiques est temporairement indisponible. Les schémas enregistrés et les prises originales restent accessibles."
    resource 0x7f0f02d2 string/period_records
      () "View medication records"
      (zh) "查看用药记录"
      (b+zh+Hant) "查看用藥紀錄"
      (fr) "Voir les prises"
    resource 0x7f0f02d3 string/period_restore_overlap
      () "These dates already have another period. Edit or delete it before restoring."
      (zh) "这段日期已有其他时期，先修改或删除那段再恢复。"
      (b+zh+Hant) "這段日期已有其他時期，先修改或刪除那段再恢復。"
      (fr) "Ces dates ont déjà une autre période. Modifiez-la ou supprimez-la avant de restaurer."
    resource 0x7f0f02d6 string/period_same_day
      () "Several changes were recorded this day. The summary shows the final recorded standard; exact changes remain available."
      (zh) "当天记录了多次变化。摘要显示当天最终记录的方案，精确变化仍可查看。"
      (b+zh+Hant) "當天記錄了多次變化。摘要顯示當天最終記錄的方案，精確變化仍可查看。"
      (fr) "Plusieurs changements ce jour. Le résumé montre le dernier schéma enregistré ; les changements exacts restent consultables."
    resource 0x7f0f02d7 string/period_saved_changes
      () "Plan details"
      (zh) "方案详情"
      (b+zh+Hant) "方案詳情"
      (fr) "Détails du traitement"
    resource 0x7f0f02da string/period_short_saved
      () "On %1$s this was briefly saved as %2$s (about %3$s)"
      (zh) "%1$s 曾短暂保存为：%2$s（约 %3$s）"
      (b+zh+Hant) "%1$s 曾短暫儲存為：%2$s（約 %3$s）"
      (fr) "Le %1$s, brièvement enregistré comme %2$s (environ %3$s)"
    resource 0x7f0f02db string/period_slot_unknown
      () "Dose slot correspondence was not recorded. Reminder moves and dose swaps cannot be distinguished."
      (zh) "未记录剂量时段的对应关系，无法区分移动提醒与交换时段剂量。"
      (b+zh+Hant) "未記錄劑量時段的對應關係，無法區分移動提醒與交換時段劑量。"
      (fr) "La correspondance des créneaux de dose est inconnue : déplacement de rappel et échange de doses sont indiscernables."
    resource 0x7f0f02df string/period_stopped
      () "%1$s stopped in the app: %2$s – %3$s"
      (zh) "%1$s 在应用中停用：%2$s – %3$s"
      (b+zh+Hant) "%1$s 在應用程式中停用：%2$s – %3$s"
      (fr) "%1$s arrêté dans l’app : %2$s – %3$s"
    resource 0x7f0f02e0 string/period_system_source
      () "System identified"
      (zh) "系统识别"
      (b+zh+Hant) "系統識別"
      (fr) "Identifié par le système"
    resource 0x7f0f02e1 string/period_timeline_intro
      () "Treatment periods from saved plans and stable patterns in actual history. Individual doses are in History."
      (zh) "已保存方案和稳定历史记录共同组成治疗时期。每一次服药请在历史中查看。"
      (b+zh+Hant) "已儲存方案和穩定歷史紀錄共同組成治療時期。每一次服藥請在歷史中查看。"
      (fr) "Les périodes réunissent les schémas enregistrés et les tendances stables des prises réelles. Chaque prise figure dans Historique."
    resource 0x7f0f02e2 string/period_times_per_day
      () "Doses per dosing day"
      (zh) "每个服药日几次"
      (b+zh+Hant) "每個服藥日幾次"
      (fr) "Prises par jour de prise"
    resource 0x7f0f02e3 string/period_unknown_note
      () "No recorded regimen establishes the treatment standard for these events."
      (zh) "这些事件没有可证实治疗标准的方案记录。"
      (b+zh+Hant) "這些事件沒有可證實治療標準的方案記錄。"
      (fr) "Aucun schéma enregistré ne définit le traitement pour ces événements."
    resource 0x7f0f02e4 string/period_until
      () "Last day"
      (zh) "最后一天"
      (b+zh+Hant) "最後一天"
      (fr) "Dernier jour"
    resource 0x7f0f02e5 string/period_upcoming
      () "Upcoming"
      (zh) "即将发生"
      (b+zh+Hant) "即將發生"
      (fr) "À venir"
    resource 0x7f0f02e6 string/period_user_edited
      () "Changed by me"
      (zh) "我修改过的"
      (b+zh+Hant) "我修改過的"
      (fr) "Modifiée par moi"
    resource 0x7f0f02e7 string/picker_date
      () "Date (YYYY-MM-DD)"
      (zh) "日期（YYYY-MM-DD）"
      (b+zh+Hant) "日期（YYYY-MM-DD）"
      (fr) "Date (AAAA-MM-JJ)"
    resource 0x7f0f02e8 string/picker_hour
      () "Hour"
      (zh) "小时"
      (b+zh+Hant) "小時"
      (fr) "Heure"
    resource 0x7f0f02e9 string/picker_minute
      () "Minute"
      (zh) "分钟"
      (b+zh+Hant) "分鐘"
      (fr) "Minute"
    resource 0x7f0f02ea string/pk_assumptions
      () "Population models omit age, liver function, SHBG, interactions and metabolites. E2 shading shows assumed parameter uncertainty (5–95% and 25–75%), not measurement error, study heterogeneity or model error. These are not clinically validated intervals."
      (zh) "人口模型未考虑年龄、肝功能、SHBG、相互作用及代谢产物。E2 阴影仅表示假定参数的不确定性（5%–95% 和 25%–75%），不包括测量误差、研究间异质性或模型误差；不是经过临床验证的区间。"
      (b+zh+Hant) "人口模型未考慮年齡、肝功能、SHBG、相互作用及代謝產物。E2 陰影僅表示假定參數的不確定性（5%–95% 和 25%–75%），不包括測量誤差、研究間異質性或模型誤差；不是經過臨床驗證的區間。"
      (fr) "Les modèles omettent âge, fonction hépatique, SHBG, interactions et métabolites. Les bandes E2 montrent uniquement l’incertitude supposée des paramètres (5–95 % et 25–75 %), sans erreur de mesure, hétérogénéité des études ni erreur du modèle. Ces intervalles ne sont pas validés cliniquement."
    resource 0x7f0f02eb string/pk_basis_calibrated
      () "Calibrated with your labs · based on %1$d recorded doses"
      (zh) "已按化验校准 · 基于 %1$d 次服药记录"
      (b+zh+Hant) "已按檢驗校準 · 基於 %1$d 次服藥記錄"
      (fr) "Calibré avec vos analyses · d'après %1$d prises enregistrées"
    resource 0x7f0f02ec string/pk_basis_population
      () "Population estimate · based on %1$d recorded doses"
      (zh) "群体估算 · 基于 %1$d 次服药记录"
      (b+zh+Hant) "群體估算 · 基於 %1$d 次服藥記錄"
      (fr) "Estimation de population · d'après %1$d prises enregistrées"
    resource 0x7f0f02ed string/pk_chart_hint
      () "Pinch to zoom, drag to move, tap to read a value."
      (zh) "双指缩放，拖动平移，点按查看数值。"
      (b+zh+Hant) "雙指縮放，拖曳平移，點按檢視數值。"
      (fr) "Pincez pour zoomer, faites glisser pour déplacer, touchez pour lire une valeur."
    resource 0x7f0f02ee string/pk_chart_title
      () "Estradiol (E2)"
      (zh) "雌二醇（E2）"
      (b+zh+Hant) "雌二醇（E2）"
      (fr) "Estradiol (E2)"
    resource 0x7f0f02ef string/pk_current
      () "Current estimate"
      (zh) "当前估算"
      (b+zh+Hant) "目前估算"
      (fr) "Estimation actuelle"
    resource 0x7f0f02f0 string/pk_disclaimer_accept
      () "I understand"
      (zh) "我已了解"
      (b+zh+Hant) "我已瞭解"
      (fr) "J'ai compris"
    resource 0x7f0f02f1 string/pk_disclaimer_body
      () "These curves are estimates from population-average models; individual differences are large. They cannot replace blood tests and must not be used to change your dose. Talk to your prescriber about your treatment."
      (zh) "这些曲线是基于群体平均模型的估算，个体差异很大。它不能代替化验，也不能作为调整剂量的依据。关于治疗方案，请与你的医生沟通。"
      (b+zh+Hant) "這些曲線是基於群體平均模型的估算，個體差異很大。它不能代替檢驗，也不能作為調整劑量的依據。關於治療方案，請與你的醫師溝通。"
      (fr) "Ces courbes sont des estimations issues de modèles moyens de population ; les différences individuelles sont importantes. Elles ne remplacent pas une prise de sang et ne doivent pas servir à modifier votre dose. Parlez de votre traitement avec votre prescripteur·rice."
    resource 0x7f0f02f2 string/pk_disclaimer_short
      () "Estimate from population-average parameters. Not a substitute for blood tests or a basis for dose changes."
      (zh) "基于群体平均参数的估算，不能代替化验，也不能作为调整剂量的依据。"
      (b+zh+Hant) "基於群體平均參數的估算，不能代替檢驗，也不能作為調整劑量的依據。"
      (fr) "Estimation d'après des paramètres moyens de population. Ne remplace pas une analyse et ne justifie pas un changement de dose."
    resource 0x7f0f02f3 string/pk_disclaimer_title
      () "About these estimates"
      (zh) "关于这些估算"
      (b+zh+Hant) "關於這些估算"
      (fr) "À propos de ces estimations"
    resource 0x7f0f02f4 string/pk_inputs_intro
      () "Used only for the concentration estimate. Fields the model needs are marked; nothing is filled in silently."
      (zh) "仅用于血药浓度估算。模型需要的项目会标出，不会悄悄使用默认值。"
      (b+zh+Hant) "僅用於血藥濃度估算。模型需要的項目會標出，不會悄悄使用預設值。"
      (fr) "Utilisé uniquement pour l'estimation des concentrations. Les champs nécessaires au modèle sont signalés ; rien n'est rempli à votre insu."
    resource 0x7f0f02f5 string/pk_missing_title
      () "Missing information"
      (zh) "缺少信息"
      (b+zh+Hant) "缺少資訊"
      (fr) "Informations manquantes"
    resource 0x7f0f02f6 string/pk_model_hide
      () "Hide"
      (zh) "收起"
      (b+zh+Hant) "收起"
      (fr) "Masquer"
    resource 0x7f0f02f7 string/pk_model_params
      () "Absorption %1$s /h · half-life %2$s h · between-person CV %3$d%% · %4$s"
      (zh) "吸收速率 %1$s /小时 · 半衰期 %2$s 小时 · 个体间变异 %3$d%% · %4$s"
      (b+zh+Hant) "吸收速率 %1$s /小時 · 半衰期 %2$s 小時 · 個體間變異 %3$d%% · %4$s"
      (fr) "Absorption %1$s /h · demi-vie %2$s h · CV interindividuel %3$d %% · %4$s"
    resource 0x7f0f02f8 string/pk_model_show
      () "Sources"
      (zh) "来源"
      (b+zh+Hant) "來源"
      (fr) "Sources"
    resource 0x7f0f02f9 string/pk_model_title
      () "Model parameters"
      (zh) "模型参数"
      (b+zh+Hant) "模型參數"
      (fr) "Paramètres du modèle"
    resource 0x7f0f02fa string/pk_models_intro
      () "Each curve uses a model fitted to published values (parameter set %1$s). The structure is assumed; the numbers are fitted to the studies listed."
      (zh) "每条曲线用的都是按已发表数值拟合的模型（参数集 %1$s）。模型结构是假设的，数值按下列研究拟合。"
      (b+zh+Hant) "每條曲線用的都是按已發表數值擬合的模型（參數集 %1$s）。模型結構是假設的，數值按下列研究擬合。"
      (fr) "Chaque courbe utilise un modèle ajusté à des valeurs publiées (jeu de paramètres %1$s). La structure est supposée ; les valeurs sont ajustées aux études citées."
    resource 0x7f0f02fb string/pk_models_title
      () "Models and literature"
      (zh) "模型与文献"
      (b+zh+Hant) "模型與文獻"
      (fr) "Modèles et littérature"
    resource 0x7f0f02fc string/pk_need_weight_body
      () "The cyproterone acetate model needs your body weight."
      (zh) "醋酸环丙孕酮的模型需要体重。"
      (b+zh+Hant) "醋酸環丙孕酮的模型需要體重。"
      (fr) "Le modèle de l’acétate de cyprotérone a besoin de votre poids."
    resource 0x7f0f02fd string/pk_need_weight_title
      () "Body weight needed"
      (zh) "需要填写体重"
      (b+zh+Hant) "需要填寫體重"
      (fr) "Poids nécessaire"
    resource 0x7f0f02fe string/pk_no_doses_body
      () "Record a dose of a configured medication to see the curve."
      (zh) "记录一次已设置好的药物，就能看到曲线。"
      (b+zh+Hant) "記錄一次已設定好的藥物，就能看到曲線。"
      (fr) "Enregistrez une prise d’un médicament configuré pour voir la courbe."
    resource 0x7f0f02ff string/pk_no_doses_title
      () "No doses yet"
      (zh) "还没有服药记录"
      (b+zh+Hant) "還沒有服藥記錄"
      (fr) "Aucune prise"
    resource 0x7f0f0300 string/pk_no_e2_body
      () "Concentration estimates are available for estradiol, cyproterone acetate, spironolactone and (illustrative) progesterone."
      (zh) "可以估算雌二醇、醋酸环丙孕酮、螺内酯的浓度，黄体酮仅示意。"
      (b+zh+Hant) "可以估算雌二醇、醋酸環丙孕酮、螺內酯的濃度，黃體酮僅示意。"
      (fr) "Des estimations existent pour l’estradiol, l’acétate de cyprotérone, la spironolactone et (à titre indicatif) la progestérone."
    resource 0x7f0f0301 string/pk_no_e2_title
      () "No medication with a model"
      (zh) "没有可估算的药物"
      (b+zh+Hant) "沒有可估算的藥物"
      (fr) "Aucun médicament modélisé"
    resource 0x7f0f0302 string/pk_no_extra_inputs
      () "No extra information needed for this route."
      (zh) "这种途径不需要额外信息。"
      (b+zh+Hant) "這種途徑不需要額外資訊。"
      (fr) "Aucune information supplémentaire nécessaire pour cette voie."
    resource 0x7f0f0303 string/pk_origin_body
      () "The concentration models and the lab calibration were written for HRT Log from published studies. Each curve shows on the concentration page which parameters it uses and which studies they were fitted to. Versions up to 0.2.0 used a port of another app's model whose reuse permission was unclear; that code has been removed."
      (zh) "浓度模型和化验校准是 HRT 日志根据已发表的研究独立编写的。每条曲线用了哪些参数、按哪些研究拟合，都能在浓度页查到。0.2.0 及更早的版本用的是移植自其他应用、复用许可不明确的模型，这部分代码已经删除。"
      (b+zh+Hant) "濃度模型和檢驗校準是 HRT 日誌根據已發表的研究獨立編寫的。每條曲線用了哪些參數、按哪些研究擬合，都能在濃度頁查到。0.2.0 及更早的版本用的是移植自其他 App、複用許可不明確的模型，這部分程式碼已經刪除。"
      (fr) "Les modèles de concentration et la calibration par analyses ont été écrits pour HRT Log à partir d’études publiées. Pour chaque courbe, la page Concentration indique les paramètres utilisés et les études sur lesquelles ils sont ajustés. Les versions jusqu’à 0.2.0 utilisaient un modèle repris d’une autre app dont l’autorisation de réutilisation n’était pas claire ; ce code a été supprimé."
    resource 0x7f0f0304 string/pk_origin_title
      () "Where the concentration model comes from"
      (zh) "浓度模型的来源"
      (b+zh+Hant) "濃度模型的來源"
      (fr) "Origine du modèle de concentration"
    resource 0x7f0f0305 string/pk_other_title
      () "Other medications"
      (zh) "其他药物"
      (b+zh+Hant) "其他藥物"
      (fr) "Autres médicaments"
    resource 0x7f0f0306 string/pk_ready
      () "Estimate ready"
      (zh) "可估算浓度"
      (b+zh+Hant) "可估算濃度"
      (fr) "Estimation prête"
    resource 0x7f0f0307 string/pk_required
      () "Needed for the concentration estimate"
      (zh) "血药浓度估算需要此项"
      (b+zh+Hant) "血藥濃度估算需要此項"
      (fr) "Nécessaire pour l'estimation"
    resource 0x7f0f0308 string/pk_set_weight
      () "Enter weight"
      (zh) "填写体重"
      (b+zh+Hant) "填寫體重"
      (fr) "Saisir le poids"
    resource 0x7f0f0309 string/pk_skipped_doses
      () "%1$d imported doses without an actual amount were left out."
      (zh) "有 %1$d 条没有实际剂量的导入记录未计入。"
      (b+zh+Hant) "有 %1$d 條沒有實際劑量的匯入記錄未計入。"
      (fr) "%1$d prises importées sans dose réelle ont été ignorées."
    resource 0x7f0f030a string/pk_source
      () "Models fitted independently to published studies; see "Models and literature" below and docs/pk-model.md."
      (zh) "模型按已发表研究独立拟合，见下方“模型与文献”和 docs/pk-model.md。"
      (b+zh+Hant) "模型按已發表研究獨立擬合，見下方“模型與文獻”和 docs/pk-model.md。"
      (fr) "Modèles ajustés indépendamment à des études publiées ; voir « Modèles et littérature » ci-dessous et docs/pk-model.md."
    resource 0x7f0f030b string/pk_unit
      () "Unit"
      (zh) "单位"
      (b+zh+Hant) "單位"
      (fr) "Unité"
    resource 0x7f0f030c string/pk_unit_mg
      () "For the estimate, the dose unit must be mg of the compound."
      (zh) "要进行估算，剂量单位需为 mg（药物本身的质量）。"
      (b+zh+Hant) "要進行估算，劑量單位需為 mg（藥物本身的質量）。"
      (fr) "Pour l'estimation, l'unité doit être le mg du composé."
    resource 0x7f0f030d string/pk_unit_patch
      () "For the estimate, the dose unit must be "patch"."
      (zh) "要进行估算，剂量单位需为"贴"。"
      (b+zh+Hant) "要進行估算，劑量單位需為"貼"。"
      (fr) "Pour l'estimation, l'unité doit être « patch »."
    resource 0x7f0f030e string/pk_unsupported_title
      () "No curve for these medications"
      (zh) "这些药物没有曲线"
      (b+zh+Hant) "這些藥物沒有曲線"
      (fr) "Pas de courbe pour ces médicaments"
    resource 0x7f0f030f string/pk_weight
      () "Body weight"
      (zh) "体重"
      (b+zh+Hant) "體重"
      (fr) "Poids"
    resource 0x7f0f0310 string/pk_weight_note
      () "Used only for the cyproterone acetate estimate. There is no weight history: changing it recalculates the whole curve, past included."
      (zh) "仅用于醋酸环丙孕酮的浓度估算。没有体重历史：修改后整条曲线（包括过去的部分）都会按新体重重新计算。"
      (b+zh+Hant) "僅用於醋酸環丙孕酮的濃度估算。沒有體重歷史：修改後整條曲線（包括過去的部分）都會按新體重重新計算。"
      (fr) "Utilisé uniquement pour l’estimation de l’acétate de cyprotérone. Il n’y a pas d’historique : le modifier recalcule toute la courbe, passé compris."
    resource 0x7f0f0311 string/practitioner
      () "Practitioner"
      (zh) "医生"
      (b+zh+Hant) "醫師"
      (fr) "Praticien·ne"
    resource 0x7f0f0312 string/previous_day
      () "Previous day"
      (zh) "前一天"
      (b+zh+Hant) "前一天"
      (fr) "Jour précédent"
    resource 0x7f0f0313 string/privacy
      () "Privacy"
      (zh) "隐私"
      (b+zh+Hant) "隱私"
      (fr) "Confidentialité"
    resource 0x7f0f0314 string/privacy_body
      () "Your data stays on this device. The app has no account, no internet permission and no analytics. The database is encrypted with a random key protected by Android Keystore; the app lock only controls who can open the app."
      (zh) "你的数据只保存在这台设备上。应用没有账号、不申请联网权限，也没有任何统计分析。数据库使用由 Android Keystore 保护的随机密钥加密；应用锁只控制谁能打开应用。"
      (b+zh+Hant) "你的資料只儲存在這台裝置上。App 沒有帳號、不申請聯網權限，也沒有任何統計分析。資料庫使用由 Android Keystore 保護的隨機金鑰加密；App 鎖只控制誰能開啟 App。"
      (fr) "Vos données restent sur cet appareil. Pas de compte, pas d'accès à Internet, pas de statistiques. La base est chiffrée avec une clé aléatoire protégée par Android Keystore ; le verrouillage contrôle seulement l'ouverture de l'application."
    resource 0x7f0f0315 string/privacy_security
      () "Privacy & security"
      (zh) "隐私与安全"
      (b+zh+Hant) "隱私與安全"
      (fr) "Confidentialité et sécurité"
    resource 0x7f0f0316 string/private_body
      () "Note"
      (zh) "便签内容"
      (b+zh+Hant) "便箋內容"
      (fr) "Note"
    resource 0x7f0f0317 string/private_cancel
      () "Cancel"
      (zh) "取消"
      (b+zh+Hant) "取消"
      (fr) "Annuler"
    resource 0x7f0f0318 string/private_clear
      () "Clear private notes"
      (zh) "清空私人便签"
      (b+zh+Hant) "清空私人便箋"
      (fr) "Effacer les notes privées"
    resource 0x7f0f0319 string/private_clear_desc
      () "Permanently delete all private notes? The alternate code will stay enabled."
      (zh) "永久删除所有私人便签？替代解锁码仍会保留。"
      (b+zh+Hant) "永久刪除所有私人便箋？替代解鎖碼仍會保留。"
      (fr) "Supprimer définitivement toutes les notes privées ? Le code alternatif sera conservé."
    resource 0x7f0f031a string/private_close
      () "Close private notes"
      (zh) "关闭私人便签"
      (b+zh+Hant) "關閉私人便箋"
      (fr) "Fermer les notes privées"
    resource 0x7f0f031b string/private_code_change
      () "Change alternate code"
      (zh) "修改替代解锁码"
      (b+zh+Hant) "修改替代解鎖碼"
      (fr) "Modifier le code alternatif"
    resource 0x7f0f031c string/private_code_error
      () "Could not save this code. It must differ from the main code."
      (zh) "无法保存解锁码，必须与主要解锁码不同。"
      (b+zh+Hant) "無法儲存解鎖碼，必須與主要解鎖碼不同。"
      (fr) "Impossible de sauvegarder ce code. Il doit différer du code principal."
    resource 0x7f0f031d string/private_code_remove
      () "Remove alternate code"
      (zh) "移除替代解锁码"
      (b+zh+Hant) "移除替代解鎖碼"
      (fr) "Retirer le code alternatif"
    resource 0x7f0f031e string/private_code_remove_desc
      () "This removes the alternate code and permanently deletes all private notes."
      (zh) "移除替代解锁码，并永久删除所有私人便签。"
      (b+zh+Hant) "移除替代解鎖碼，並永久刪除所有私人便箋。"
      (fr) "Le code alternatif et toutes les notes privées seront définitivement supprimés."
    resource 0x7f0f031f string/private_code_set
      () "Set alternate code"
      (zh) "设置替代解锁码"
      (b+zh+Hant) "設定替代解鎖碼"
      (fr) "Définir le code alternatif"
    resource 0x7f0f0320 string/private_delete
      () "Delete note"
      (zh) "删除便签"
      (b+zh+Hant) "刪除便箋"
      (fr) "Supprimer la note"
    resource 0x7f0f0321 string/private_delete_confirm
      () "Delete this note?"
      (zh) "删除这条便签？"
      (b+zh+Hant) "刪除這筆便箋？"
      (fr) "Supprimer cette note ?"
    resource 0x7f0f0322 string/private_edit
      () "Edit note"
      (zh) "编辑便签"
      (b+zh+Hant) "編輯便箋"
      (fr) "Modifier la note"
    resource 0x7f0f0323 string/private_empty
      () "No private notes yet"
      (zh) "还没有私人便签"
      (b+zh+Hant) "還沒有私人便箋"
      (fr) "Aucune note privée"
    resource 0x7f0f0324 string/private_empty_help
      () "Tap + to create a note"
      (zh) "点击 + 创建便签"
      (b+zh+Hant) "點擊 + 新增便箋"
      (fr) "Touchez + pour créer une note"
    resource 0x7f0f0325 string/private_error
      () "Your notes could not be opened or saved. Try again."
      (zh) "无法打开或保存便签，请重试。"
      (b+zh+Hant) "無法開啟或儲存便箋，請重試。"
      (fr) "Impossible de lire ou enregistrer les notes. Réessayez."
    resource 0x7f0f0326 string/private_new
      () "New note"
      (zh) "新建便签"
      (b+zh+Hant) "新增便箋"
      (fr) "Nouvelle note"
    resource 0x7f0f0327 string/private_notes
      () "Private Notes"
      (zh) "私人便签"
      (b+zh+Hant) "私人便箋"
      (fr) "Notes privées"
    resource 0x7f0f0328 string/private_prepare
      () "Open private notes"
      (zh) "打开私人便签"
      (b+zh+Hant) "開啟私人便箋"
      (fr) "Ouvrir les notes privées"
    resource 0x7f0f0329 string/private_retry
      () "Try again"
      (zh) "重试"
      (b+zh+Hant) "重試"
      (fr) "Réessayer"
    resource 0x7f0f032a string/private_save
      () "Save"
      (zh) "保存"
      (b+zh+Hant) "儲存"
      (fr) "Enregistrer"
    resource 0x7f0f032b string/private_title
      () "Title"
      (zh) "标题"
      (b+zh+Hant) "標題"
      (fr) "Titre"
    resource 0x7f0f032c string/private_untitled
      () "Untitled"
      (zh) "无标题"
      (b+zh+Hant) "無標題"
      (fr) "Sans titre"
    resource 0x7f0f032d string/range_all
      () "All"
      (zh) "全部"
      (b+zh+Hant) "全部"
      (fr) "Tout"
    resource 0x7f0f0330 string/record_action
      () "Taken"
      (zh) "已服"
      (b+zh+Hant) "已服"
      (fr) "Pris"
    resource 0x7f0f0331 string/refresh
      () "Refresh"
      (zh) "刷新"
      (b+zh+Hant) "重新整理"
      (fr) "Actualiser"
    resource 0x7f0f0332 string/reliability
      () "Reminder reliability"
      (zh) "提醒可靠性"
      (b+zh+Hant) "提醒可靠性"
      (fr) "Fiabilité des rappels"
    resource 0x7f0f0333 string/reliability_limits
      () "Reminders cannot run while powered off or force stopped. A restart before first unlock uses a neutral 48-hour cache; after that window, reminders need an unlock. Before unlocking, a timezone change cannot recalculate the cached local schedule."
      (zh) "关机或被强制停止时无法提醒。重启后、首次解锁前，只能使用一份不含健康信息的 48 小时缓存；超过这段时间，需要解锁后才会继续提醒。首次解锁前如果更改了时区，缓存中的本地时间不会重新计算。"
      (b+zh+Hant) "關機或被強制停止時無法提醒。重啟後、首次解鎖前，只能使用一份不含健康資訊的 48 小時快取；超過這段時間，需要解鎖後才會繼續提醒。首次解鎖前如果更改了時區，快取中的本地時間不會重新計算。"
      (fr) "Aucun rappel n'est possible lorsque l'appareil est éteint ou que l'application est arrêtée de force. Après un redémarrage et avant le premier déverrouillage, seul un cache neutre de 48 heures est utilisé ; au-delà, il faut déverrouiller l'appareil. Avant le premier déverrouillage, un changement de fuseau horaire ne permet pas de recalculer les heures locales en cache."
    resource 0x7f0f0334 string/reliability_limits_title
      () "Known limits"
      (zh) "已知局限"
      (b+zh+Hant) "已知限制"
      (fr) "Limites connues"
    resource 0x7f0f0335 string/reminder_before
      () "Reminder minutes before"
      (zh) "提前提醒（分钟）"
      (b+zh+Hant) "提前提醒（分鐘）"
      (fr) "Rappel (minutes avant)"
    resource 0x7f0f0336 string/reminder_channel
      () "Reminders"
      (zh) "提醒"
      (b+zh+Hant) "提醒"
      (fr) "Rappels"
    resource 0x7f0f0337 string/reminders_off
      () "Reminders off"
      (zh) "提醒已关闭"
      (b+zh+Hant) "提醒已關閉"
      (fr) "Rappels désactivés"
    resource 0x7f0f0338 string/remove
      () "Remove"
      (zh) "删除"
      (b+zh+Hant) "刪除"
      (fr) "Supprimer"
    resource 0x7f0f0339 string/report_adherence_line_v2
      () "on time %1$d, late %2$d, missed %3$d, skipped %4$d (scheduled doses only)"
      (zh) "按时 %1$d，迟服 %2$d，漏服 %3$d，跳过 %4$d（仅统计有原定时间的记录）"
      (b+zh+Hant) "按時 %1$d，遲服 %2$d，漏服 %3$d，跳過 %4$d（僅統計有原定時間的紀錄）"
      (fr) "à l’heure %1$d, en retard %2$d, oubliées %3$d, sautées %4$d (prises prévues uniquement)"
    resource 0x7f0f033a string/report_col_date
      () "Date"
      (zh) "日期"
      (b+zh+Hant) "日期"
      (fr) "Date"
    resource 0x7f0f033b string/report_col_range
      () "Report range"
      (zh) "化验单参考范围"
      (b+zh+Hant) "檢驗報告參考範圍"
      (fr) "Intervalle du compte rendu"
    resource 0x7f0f033c string/report_col_since_dose
      () "After E2 dose"
      (zh) "距 E2 用药"
      (b+zh+Hant) "距 E2 用藥"
      (fr) "Après prise d'E2"
    resource 0x7f0f033d string/report_conc_title
      () "Estimated estradiol levels (model)"
      (zh) "雌二醇浓度估算（模型）"
      (b+zh+Hant) "雌二醇濃度估算（模型）"
      (fr) "Estradiol estimé (modèle)"
    resource 0x7f0f033e string/report_current_plan
      () "Current recorded plan"
      (zh) "当前记录的方案"
      (b+zh+Hant) "目前記錄的方案"
      (fr) "Schéma actuellement enregistré"
    resource 0x7f0f033f string/report_footer
      () "Page %1$d · Data entered by the patient"
      (zh) "第 %1$d 页 · 数据由本人记录"
      (b+zh+Hant) "第 %1$d 頁 · 資料由本人記錄"
      (fr) "Page %1$d · Données saisies par la personne"
    resource 0x7f0f0340 string/report_generated
      () "generated %1$s"
      (zh) "生成于 %1$s"
      (b+zh+Hant) "生成於 %1$s"
      (fr) "généré le %1$s"
    resource 0x7f0f0341 string/report_include_chart
      () "Include the concentration estimate"
      (zh) "包含血药浓度估算图"
      (b+zh+Hant) "包含血藥濃度估算圖"
      (fr) "Inclure l'estimation des concentrations"
    resource 0x7f0f0342 string/report_include_chart_desc
      () "Clearly labelled as a population-model estimate"
      (zh) "会明确标注为群体模型估算"
      (b+zh+Hant) "會明確標註為群體模型估算"
      (fr) "Clairement indiquée comme estimation de modèle"
    resource 0x7f0f0343 string/report_none
      () "None in this period."
      (zh) "这段时间没有。"
      (b+zh+Hant) "這段時間沒有。"
      (fr) "Aucun sur cette période."
    resource 0x7f0f0344 string/report_period
      () "Period: %1$s – %2$s"
      (zh) "时间段：%1$s – %2$s"
      (b+zh+Hant) "時間段：%1$s – %2$s"
      (fr) "Période : %1$s – %2$s"
    resource 0x7f0f0345 string/report_period_label
      () "Period"
      (zh) "时间段"
      (b+zh+Hant) "時間段"
      (fr) "Période"
    resource 0x7f0f0346 string/report_recorded_contexts
      () "Medication contexts recorded in this period"
      (zh) "该时间段保存的用药上下文"
      (b+zh+Hant) "該時間段儲存的用藥上下文"
      (fr) "Contextes médicamenteux enregistrés sur cette période"
    resource 0x7f0f0347 string/report_title
      () "Treatment summary"
      (zh) "用药摘要"
      (b+zh+Hant) "用藥摘要"
      (fr) "Résumé du traitement"
    resource 0x7f0f0348 string/reschedule
      () "Change"
      (zh) "改期"
      (b+zh+Hant) "改期"
      (fr) "Modifier"
    resource 0x7f0f0349 string/reset_all
      () "Restore the original plan"
      (zh) "恢复原计划"
      (b+zh+Hant) "恢復原計畫"
      (fr) "Rétablir le plan initial"
    resource 0x7f0f034a string/resize_containers
      () "Also set %1$d package(s) in stock to %2$s"
      (zh) "同时把库存中 %1$d 个包装改为每盒 %2$s"
      (b+zh+Hant) "同時把庫存中 %1$d 個包裝改為每盒 %2$s"
      (fr) "Mettre aussi %1$d emballage(s) en stock à %2$s"
    resource 0x7f0f034b string/resize_containers_blocked
      () "%1$d package(s) have already used more than the new size and stay unchanged."
      (zh) "有 %1$d 个包装已用量超过新的每盒量，保持不变。"
      (b+zh+Hant) "有 %1$d 個包裝已用量超過新的每盒量，保持不變。"
      (fr) "%1$d emballage(s) ont déjà utilisé plus que la nouvelle taille et restent inchangés."
    resource 0x7f0f034c string/resize_containers_desc
      () "The amount already used stays as recorded. Turn off to keep packages of a different size."
      (zh) "已使用的量保持不变。关闭后保留不同规格的包装。"
      (b+zh+Hant) "已使用的量保持不變。關閉後保留不同規格的包裝。"
      (fr) "La quantité déjà utilisée reste inchangée. Désactivez pour garder des emballages d’une autre taille."
    resource 0x7f0f034d string/review_banner
      () "%1$d imported medications are paused until you confirm them"
      (zh) "%1$d 个导入的药物待确认，确认前不会提醒"
      (b+zh+Hant) "%1$d 個匯入的藥物待確認，確認前不會提醒"
      (fr) "%1$d médicaments importés sont en pause jusqu'à confirmation"
    resource 0x7f0f034e string/review_body
      () "These values could not be converted reliably. Set them below; saving confirms the medication and turns its reminders back on if enabled."
      (zh) "以下值无法可靠转换，请在下方设置。保存即表示确认这种药物；如果开启了提醒，提醒会恢复。"
      (b+zh+Hant) "以下值無法可靠轉換，請在下方設定。儲存即表示確認這種藥物；如果開啟了提醒，提醒會恢復。"
      (fr) "Ces valeurs n'ont pas pu être converties de façon fiable. Réglez-les ci-dessous ; enregistrer confirme le médicament et réactive ses rappels s'ils sont activés."
    resource 0x7f0f034f string/review_body_ht
      () "HRT tracker only stores intakes, not schedules, reminders or package sizes. Set them below; reminders start once you save."
      (zh) "HRT tracker 只保存服药记录，没有计划、提醒和包装容量。请在下方设置，保存后才会开始提醒。"
      (b+zh+Hant) "HRT tracker 只儲存服藥記錄，沒有計畫、提醒和包裝容量。請在下方設定，儲存後才會開始提醒。"
      (fr) "HRT tracker n’enregistre que les prises, pas les plannings, rappels ou tailles de boîte. Réglez-les ci-dessous ; les rappels démarrent à l’enregistrement."
    resource 0x7f0f0350 string/review_capacity
      () "Package size"
      (zh) "每盒/每瓶的量"
      (b+zh+Hant) "每盒/每瓶的量"
      (fr) "Taille de la boîte"
    resource 0x7f0f0351 string/review_interval
      () "schedule"
      (zh) "给药周期"
      (b+zh+Hant) "給藥週期"
      (fr) "fréquence"
    resource 0x7f0f0352 string/review_late
      () "late threshold"
      (zh) "迟服判定"
      (b+zh+Hant) "遲服判定"
      (fr) "seuil de retard"
    resource 0x7f0f0353 string/review_molecule
      () "unknown molecule"
      (zh) "未知的分子"
      (b+zh+Hant) "未知的分子"
      (fr) "molécule inconnue"
    resource 0x7f0f0354 string/review_molecule_inferred
      () "molecule mapped by name"
      (zh) "按名称推断的分子"
      (b+zh+Hant) "按名稱推斷的分子"
      (fr) "molécule déduite du nom"
    resource 0x7f0f0355 string/review_notifications
      () "reminders on/off"
      (zh) "提醒开关"
      (b+zh+Hant) "提醒開關"
      (fr) "rappels activés"
    resource 0x7f0f0356 string/review_raw
      () "(Trans Memo: %1$s)"
      (zh) "（Trans Memo：%1$s）"
      (b+zh+Hant) "（Trans Memo：%1$s）"
      (fr) "(Trans Memo : %1$s)"
    resource 0x7f0f0357 string/review_route
      () "route and ester (needed for the concentration estimate)"
      (zh) "给药途径和酯型（血药浓度估算需要）"
      (b+zh+Hant) "給藥途徑和酯型（血藥濃度估算需要）"
      (fr) "voie et ester (nécessaires à l'estimation)"
    resource 0x7f0f0358 string/review_schedule_back
      () "Go back"
      (zh) "返回修改"
      (b+zh+Hant) "返回修改"
      (fr) "Revenir"
    resource 0x7f0f0359 string/review_schedule_mismatch
      () "The imported records show %1$s, but you are saving %2$s. Save anyway?"
      (zh) "导入记录显示%1$s，但你要保存的是%2$s。仍然保存吗？"
      (b+zh+Hant) "匯入紀錄顯示%1$s，但你要儲存的是%2$s。仍然儲存嗎？"
      (fr) "Les prises importées indiquent %1$s, mais vous enregistrez %2$s. Enregistrer quand même ?"
    resource 0x7f0f035a string/review_schedule_recognized
      () "Inferred from the imported records: %1$s. Please check."
      (zh) "由导入记录推定：%1$s，请核对。"
      (b+zh+Hant) "由匯入紀錄推定：%1$s，請核對。"
      (fr) "Déduit des prises importées : %1$s. Merci de vérifier."
    resource 0x7f0f035b string/review_schedule_save_anyway
      () "Save anyway"
      (zh) "仍然保存"
      (b+zh+Hant) "仍然儲存"
      (fr) "Enregistrer quand même"
    resource 0x7f0f035c string/review_soon
      () "advance reminder"
      (zh) "提前提醒"
      (b+zh+Hant) "提前提醒"
      (fr) "rappel anticipé"
    resource 0x7f0f035d string/review_title
      () "Imported from Trans Memo: please check"
      (zh) "从 Trans Memo 导入：请核对"
      (b+zh+Hant) "從 Trans Memo 匯入：請核對"
      (fr) "Importé depuis Trans Memo : à vérifier"
    resource 0x7f0f035e string/review_title_ht
      () "Imported from HRT tracker: please complete"
      (zh) "从 HRT tracker 导入：请补全"
      (b+zh+Hant) "從 HRT tracker 匯入：請補全"
      (fr) "Importé depuis HRT tracker : à compléter"
    resource 0x7f0f035f string/review_unit
      () "unknown unit"
      (zh) "未知的单位"
      (b+zh+Hant) "未知的單位"
      (fr) "unité inconnue"
    resource 0x7f0f0360 string/route
      () "Route"
      (zh) "给药途径"
      (b+zh+Hant) "給藥途徑"
      (fr) "Voie d'administration"
    resource 0x7f0f0361 string/save
      () "Save"
      (zh) "保存"
      (b+zh+Hant) "儲存"
      (fr) "Enregistrer"
    resource 0x7f0f0362 string/schedule_daily
      () "daily at %1$s"
      (zh) "每天 %1$s"
      (b+zh+Hant) "每天 %1$s"
      (fr) "chaque jour à %1$s"
    resource 0x7f0f0363 string/schedule_days
      () "every %1$d days at %2$s"
      (zh) "每 %1$d 天 %2$s"
      (b+zh+Hant) "每 %1$d 天 %2$s"
      (fr) "tous les %1$d jours à %2$s"
    resource 0x7f0f0364 string/schedule_hours
      () "every %1$d hours"
      (zh) "每 %1$d 小时"
      (b+zh+Hant) "每 %1$d 小時"
      (fr) "toutes les %1$d heures"
    resource 0x7f0f0365 string/schedule_none
      () "no schedule"
      (zh) "无计划"
      (b+zh+Hant) "無計畫"
      (fr) "sans planning"
    resource 0x7f0f0366 string/schedule_weekly
      () "%1$s at %2$s"
      (zh) "每周 %1$s %2$s"
      (b+zh+Hant) "每週 %1$s %2$s"
      (fr) "%1$s à %2$s"
    resource 0x7f0f0367 string/schedule_weeks
      () "every %1$d weeks, %2$s at %3$s"
      (zh) "每 %1$d 周 %2$s %3$s"
      (b+zh+Hant) "每 %1$d 周 %2$s %3$s"
      (fr) "toutes les %1$d semaines, %2$s à %3$s"
    resource 0x7f0f0369 string/section_basic
      () "Medication"
      (zh) "药物"
      (b+zh+Hant) "藥物"
      (fr) "Médicament"
    resource 0x7f0f036a string/section_pk
      () "Concentration estimate"
      (zh) "血药浓度估算"
      (b+zh+Hant) "血藥濃度估算"
      (fr) "Estimation des concentrations"
    resource 0x7f0f036b string/section_reminders
      () "Reminders"
      (zh) "提醒"
      (b+zh+Hant) "提醒"
      (fr) "Rappels"
    resource 0x7f0f036c string/section_schedule
      () "Schedule"
      (zh) "给药周期"
      (b+zh+Hant) "給藥週期"
      (fr) "Fréquence"
    resource 0x7f0f036d string/section_supply
      () "Supply"
      (zh) "库存"
      (b+zh+Hant) "庫存"
      (fr) "Stock"
    resource 0x7f0f036e string/security_limits
      () "The lock protects against casual access. It does not protect against someone who knows your PIN, a compromised phone, or forensic tools."
      (zh) "应用锁用于防止他人随手查看，无法防范知道你 PIN 的人、已被入侵的手机或取证工具。"
      (b+zh+Hant) "App 鎖用於防止他人隨手檢視，無法防範知道你 PIN 的人、已被入侵的手機或取證工具。"
      (fr) "Le verrouillage protège contre un accès occasionnel. Il ne protège pas contre quelqu’un qui connaît votre code, un téléphone compromis ou des outils d’analyse."
    resource 0x7f0f036f string/selected
      () "Selected"
      (ca) "Seleccionat"
      (da) "Valgt"
      (fa) "انتخاب شد"
      (ja) "選択済み"
      (ka) "არჩეული"
      (pa) "ਚੁਣੀ ਗਈ"
      (ta) "தேர்ந்தெடுக்கப்பட்டுள்ளது"
      (nb) "Valgt"
      (be) "Выбрана"
      (de) "Ausgewählt"
      (ne) "चयन गरिएको छ"
      (te) "ఎంచుకోబడింది"
      (af) "Gekies"
      (bg) "Избрано"
      (th) "เลือกไว้"
      (fi) "Valittu"
      (hi) "चुना गया"
      (si) "තෝරන ලදි"
      (vi) "Đã chọn"
      (kk) "Таңдалды"
      (mk) "Избрано"
      (sk) "Vybrané"
      (uk) "Вибрано"
      (el) "Επιλεγμένο"
      (gl) "Seleccionado"
      (ml) "തിരഞ്ഞെടുത്തു"
      (nl) "Geselecteerd"
      (pl) "Wybrano"
      (sl) "Izbrano"
      (tl) "Napili"
      (am) "ተመርጧል"
      (km) "បានជ្រើសរើស"
      (bn) "বেছে নেওয়া হয়েছে"
      (in) "Dipilih"
      (kn) "ಆಯ್ಕೆಮಾಡಲಾಗಿದೆ"
      (mn) "Сонгосон"
      (ko) "선택됨"
      (lo) "ເລືອກແລ້ວ"
      (ro) "Selectat"
      (sq) "Zgjedhur"
      (ar) "محدّد"
      (fr) "Sélectionné"
      (hr) "Odabrano"
      (mr) "निवडला"
      (or) "ଚୟନିତ"
      (sr) "Изабрано"
      (b+sr+Latn) "Izabrano"
      (tr) "Seçili"
      (ur) "منتخب کردہ"
      (as) "বাছনি কৰা হৈছে"
      (bs) "Odabrano"
      (cs) "Vybráno"
      (es) "Seleccionado"
      (is) "Valið"
      (ms) "Dipilih"
      (et) "Valitud"
      (it) "Elemento selezionato"
      (lt) "Pasirinkta"
      (pt) "Selecionado"
      (eu) "Hautatuta"
      (gu) "પસંદગી કરી"
      (hu) "Kijelölve"
      (ru) "Выбрано"
      (zu) "Okukhethiwe"
      (lv) "Atlasīts"
      (sv) "Valt"
      (iw) "נבחר"
      (sw) "Umechagua"
      (hy) "Ընտրված է"
      (ky) "Тандалды"
      (my) "ရွေးထားသည်"
      (az) "Seçilib"
      (uz) "Tanlangan"
      (en-rCA) "Selected"
      (fr-rCA) "Sélectionné"
      (en-rGB) "Selected"
      (en-rXC) "‎‏‎‎‎‎‎‏‎‏‏‏‎‎‎‎‎‎‏‎‎‏‎‎‎‎‏‏‏‎‏‎‏‏‎‏‎‏‎‏‏‏‏‎‎‎‏‎‎‏‏‏‎‎‎‎‏‏‎‎‎‏‏‏‏‎‎‎‏‎‎‏‎‎‎‎‏‏‎‏‎‎‏‏‏‏‎Selected‎‏‎‎‏‎"
      (zh-rHK) "揀咗"
      (zh-rCN) "已选择"
      (en-rIN) "Selected"
      (pt-rBR) "Selecionado"
      (es-rUS) "Seleccionado"
      (pt-rPT) "Selecionado"
      (en-rAU) "Selected"
      (zh-rTW) "已選取"
    resource 0x7f0f0370 string/settings
      () "Settings"
      (zh) "设置"
      (b+zh+Hant) "設定"
      (fr) "Réglages"
    resource 0x7f0f0371 string/shell_calc
      () "Calculator"
      (zh) "计算器"
      (b+zh+Hant) "計算器"
      (fr) "Calculatrice"
    resource 0x7f0f0372 string/shell_delete
      () "Delete"
      (zh) "删除"
      (b+zh+Hant) "刪除"
      (fr) "Effacer"
    resource 0x7f0f0373 string/shell_error
      () "Error"
      (zh) "错误"
      (b+zh+Hant) "錯誤"
      (fr) "Erreur"
    resource 0x7f0f0374 string/shell_no_results
      () "No results"
      (zh) "无结果"
      (b+zh+Hant) "無結果"
      (fr) "Aucun résultat"
    resource 0x7f0f0375 string/shell_note_hint
      () "Write something…"
      (zh) "写点什么…"
      (b+zh+Hant) "寫點什麼…"
      (fr) "Écrivez quelque chose…"
    resource 0x7f0f0376 string/shell_notes
      () "Notes"
      (zh) "便签"
      (b+zh+Hant) "便籤"
      (fr) "Notes"
    resource 0x7f0f0377 string/shell_search
      () "Search"
      (zh) "搜索"
      (b+zh+Hant) "搜尋"
      (fr) "Rechercher"
    resource 0x7f0f0378 string/simple_mode
      () "Simple mode"
      (zh) "简洁模式"
      (b+zh+Hant) "簡潔模式"
      (fr) "Mode simple"
    resource 0x7f0f0379 string/simple_mode_desc
      () "Hides item names and pickers when you track a single item"
      (zh) "只记录一种项目时，隐藏项目名称和选择器"
      (b+zh+Hant) "只記錄一種項目時，隱藏項目名稱和選擇器"
      (fr) "Masque les noms et sélecteurs quand vous ne suivez qu’un seul élément"
    resource 0x7f0f037a string/simple_mode_unavailable
      () "Available when only one item is active"
      (zh) "仅在只有一个启用项目时可用"
      (b+zh+Hant) "僅在只有一個啟用項目時可用"
      (fr) "Disponible quand un seul élément est actif"
    resource 0x7f0f037b string/site_abdomen
      () "Abdomen"
      (zh) "腹部"
      (b+zh+Hant) "腹部"
      (fr) "Abdomen"
    resource 0x7f0f037c string/site_arm
      () "Arm / shoulder"
      (zh) "手臂 / 肩部"
      (b+zh+Hant) "手臂 / 肩部"
      (fr) "Bras / épaule"
    resource 0x7f0f037d string/site_left
      () "Left"
      (zh) "左侧"
      (b+zh+Hant) "左側"
      (fr) "Gauche"
    resource 0x7f0f037e string/site_right
      () "Right"
      (zh) "右侧"
      (b+zh+Hant) "右側"
      (fr) "Droite"
    resource 0x7f0f037f string/site_rotation
      () "Site rotation"
      (zh) "注射部位轮换"
      (b+zh+Hant) "注射部位輪換"
      (fr) "Alternance des sites"
    resource 0x7f0f0380 string/site_rotation_desc
      () "Suggest the other side each time and record the site used"
      (zh) "每次提示换到另一侧，并记录实际部位"
      (b+zh+Hant) "每次提示換到另一側，並記錄實際部位"
      (fr) "Proposer l'autre côté à chaque fois et noter le site utilisé"
    resource 0x7f0f0381 string/site_scrotal
      () "Scrotum (research prior)"
      (zh) "阴囊（研究性先验）"
      (b+zh+Hant) "陰囊（研究性先驗）"
      (fr) "Scrotum (a priori de recherche)"
    resource 0x7f0f0382 string/site_thigh
      () "Thigh"
      (zh) "大腿"
      (b+zh+Hant) "大腿"
      (fr) "Cuisse"
    resource 0x7f0f0383 string/site_title
      () "Site (suggested: %1$s)"
      (zh) "部位（建议：%1$s）"
      (b+zh+Hant) "部位（建議：%1$s）"
      (fr) "Site (suggéré : %1$s)"
    resource 0x7f0f0384 string/skipped
      () "Skip this intake"
      (zh) "跳过本次"
      (b+zh+Hant) "跳過本次"
      (fr) "Sauter cette prise"
    resource 0x7f0f0385 string/sl_casual
      () "casual"
      (zh) "随意"
      (b+zh+Hant) "隨意"
      (fr) "court"
    resource 0x7f0f0386 string/sl_quick
      () "quick"
      (zh) "快速"
      (b+zh+Hant) "快速"
      (fr) "rapide"
    resource 0x7f0f0387 string/sl_standard
      () "standard"
      (zh) "标准"
      (b+zh+Hant) "標準"
      (fr) "standard"
    resource 0x7f0f0388 string/sl_strict
      () "strict"
      (zh) "严格"
      (b+zh+Hant) "嚴格"
      (fr) "strict"
    resource 0x7f0f0389 string/sl_tier
      () "Time held under the tongue"
      (zh) "含服时长"
      (b+zh+Hant) "含服時長"
      (fr) "Temps sous la langue"
    resource 0x7f0f038a string/sl_tier_option
      () "About %1$d minutes (%2$s)"
      (zh) "约 %1$d 分钟（%2$s）"
      (b+zh+Hant) "約 %1$d 分鐘（%2$s）"
      (fr) "Environ %1$d minutes (%2$s)"
    resource 0x7f0f038c string/snooze_action
      () "Later (10 minutes)"
      (zh) "稍后（10 分钟）"
      (b+zh+Hant) "稍後（10 分鐘）"
      (fr) "Plus tard (10 minutes)"
    resource 0x7f0f038d string/soon
      () "Advance reminder (minutes)"
      (zh) "提前提醒（分钟）"
      (b+zh+Hant) "提前提醒（分鐘）"
      (fr) "Rappel anticipé (minutes)"
    resource 0x7f0f038e string/soon_badge
      () "Soon"
      (zh) "即将推出"
      (b+zh+Hant) "即將推出"
      (fr) "Bientôt"
    resource 0x7f0f038f string/state_empty
      () "Empty"
      (ca) "Buit"
      (da) "Tom"
      (fa) "خالی"
      (ja) "なし"
      (ka) "ცარიელი"
      (pa) "ਖਾਲੀ"
      (ta) "காலியாக உள்ளது"
      (nb) "Tom"
      (be) "Змесціва няма"
      (de) "Leer"
      (ne) "खाली"
      (te) "ఖాళీగా ఉంది"
      (af) "Leeg"
      (bg) "Празно"
      (th) "ว่าง"
      (fi) "Tyhjä"
      (hi) "कोई भी तार नहीं लगा है"
      (si) "හිස්"
      (vi) "Trống"
      (kk) "Бос"
      (mk) "Празно"
      (sk) "Prázdne"
      (uk) "Пусто"
      (el) "Κενό"
      (gl) "Campo baleiro"
      (ml) "ശൂന്യം"
      (nl) "Leeg"
      (pl) "Puste"
      (sl) "Prazno"
      (tl) "Walang laman"
      (am) "ባዶ"
      (km) "ទទេ"
      (bn) "ফাঁকা"
      (in) "Kosong"
      (kn) "ಖಾಲಿ"
      (mn) "Хоосон"
      (ko) "비어 있음"
      (lo) "ຫວ່າງເປົ່າ"
      (ro) "Gol"
      (sq) "Bosh"
      (ar) "حقل فارغ"
      (fr) "Vide"
      (hr) "Prazno"
      (mr) "रिक्त"
      (or) "ଖାଲି"
      (sr) "Празно"
      (b+sr+Latn) "Prazno"
      (tr) "Boş"
      (ur) "خالی ہے"
      (as) "খালী"
      (bs) "Prazno"
      (cs) "Prázdné"
      (es) "Vacío"
      (is) "Autt"
      (ms) "Kosong"
      (et) "Tühi"
      (it) "Vuoto"
      (lt) "Tuščia"
      (pt) "Vazio"
      (eu) "Hutsik"
      (gu) "ખાલી"
      (hu) "Üres"
      (ru) "Пусто"
      (zu) "Akunalutho"
      (lv) "Tukšs"
      (sv) "Tom"
      (iw) "ריק"
      (sw) "Tupu"
      (hy) "Դատարկ"
      (ky) "Бош"
      (my) "မရှိပါ"
      (az) "Boş"
      (uz) "Boʻsh"
      (en-rCA) "Empty"
      (fr-rCA) "Vide"
      (en-rGB) "Empty"
      (en-rXC) "‎‏‎‎‎‎‎‏‎‏‏‏‎‎‎‎‎‎‏‎‎‏‎‎‎‎‏‏‏‏‏‏‎‏‏‏‎‎‏‎‏‏‏‎‎‏‏‏‏‎‎‎‏‏‏‎‏‏‏‏‎‏‏‏‎‏‏‎‏‎‎‏‏‎‏‏‏‏‏‎‎‏‏‏‎‏‏‏‎‏‎‏‎‏‎‎Empty‎‏‎‎‏‎"
      (zh-rHK) "空白"
      (zh-rCN) "空白"
      (en-rIN) "Empty"
      (pt-rBR) "Vazio"
      (es-rUS) "Vacío"
      (pt-rPT) "Vazio"
      (en-rAU) "Empty"
      (zh-rTW) "空白"
    resource 0x7f0f0390 string/state_off
      () "Off"
      (ca) "Desactivat"
      (da) "Fra"
      (fa) "خاموش"
      (ja) "OFF"
      (ka) "გამორთული"
      (pa) "ਬੰਦ ਹੈ"
      (ta) "ஆஃப்"
      (nb) "Av"
      (be) "Выключана"
      (de) "Aus"
      (ne) "अफ छ"
      (te) "ఆఫ్‌లో ఉంది"
      (af) "Af"
      (bg) "Изключено"
      (th) "ปิดอยู่"
      (fi) "Pois päältä"
      (hi) "बंद है"
      (si) "ක්‍රියාවිරහිතයි"
      (vi) "Đang tắt"
      (kk) "Өшірулі"
      (mk) "Исклучено"
      (sk) "Vypnuté"
      (uk) "Вимкнено"
      (el) "Ανενεργός"
      (gl) "Desactivado"
      (ml) "ഓഫാണ്"
      (nl) "Uit"
      (pl) "Wyłączono"
      (sl) "Izklopljeno"
      (tl) "Naka-off"
      (am) "ጠፍቷል"
      (km) "បិទ"
      (bn) "বন্ধ আছে"
      (in) "Nonaktif"
      (kn) "ಆಫ್ ಆಗಿದೆ"
      (mn) "Унтраалттай"
      (ko) "사용 안함"
      (lo) "ປິດຢູ່"
      (ro) "Dezactivat"
      (sq) "Joaktiv"
      (ar) "غير مفعَّل"
      (fr) "Désactivé"
      (hr) "Isključeno"
      (mr) "बंद आहे"
      (or) "ବନ୍ଦ ଅଛି"
      (sr) "Искључено"
      (b+sr+Latn) "Isključeno"
      (tr) "Kapalı"
      (ur) "آف ہے"
      (as) "অফ আছে"
      (bs) "Isključeno"
      (cs) "Vypnuto"
      (es) "Desactivado"
      (is) "Slökkt"
      (ms) "Mati"
      (et) "Väljas"
      (it) "Off"
      (lt) "Išjungta"
      (pt) "Desativado"
      (eu) "Desaktibatuta"
      (gu) "બંધ છે"
      (hu) "Ki"
      (ru) "Отключено"
      (zu) "Ivaliwe"
      (lv) "Izslēgts"
      (sv) "Av"
      (iw) "מצב מושבת"
      (sw) "Imezimwa"
      (hy) "Անջատված է"
      (ky) "Өчүк"
      (my) "ပိတ်"
      (az) "Deaktiv"
      (uz) "Oʻchiq"
      (en-rCA) "Off"
      (fr-rCA) "Désactivé"
      (en-rGB) "Off"
      (en-rXC) "‎‏‎‎‎‎‎‏‎‏‏‏‎‎‎‎‎‎‏‎‎‏‎‎‎‎‏‏‏‏‏‏‏‏‎‏‎‎‎‎‏‏‏‏‏‎‎‎‏‏‎‎‏‎‏‏‎‏‏‏‎‏‏‏‎‏‎‏‎‏‏‏‎‎‏‎‏‎‏‎‎‎‏‏‏‎‏‏‏‎‎‏‏‎‏‏‎Off‎‏‎‎‏‎"
      (zh-rHK) "閂"
      (zh-rCN) "已关闭"
      (en-rIN) "Off"
      (pt-rBR) "Desativado"
      (es-rUS) "Desactivado"
      (pt-rPT) "Desativado"
      (en-rAU) "Off"
      (zh-rTW) "已關閉"
    resource 0x7f0f0391 string/state_on
      () "On"
      (ca) "Activat"
      (da) "Til"
      (fa) "روشن"
      (ja) "ON"
      (ka) "ჩართული"
      (pa) "ਚਾਲੂ ਹੈ"
      (ta) "ஆன்"
      (nb) "På"
      (be) "Уключана"
      (de) "An"
      (ne) "अन छ"
      (te) "ఆన్‌లో ఉంది"
      (af) "Aan"
      (bg) "Включено"
      (th) "เปิดอยู่"
      (fi) "Päällä"
      (hi) "चालू है"
      (si) "ක්‍රියාත්මකයි"
      (vi) "Đang bật"
      (kk) "Қосулы"
      (mk) "Вклучено"
      (sk) "Zapnuté"
      (uk) "Увімкнено"
      (el) "Ενεργός"
      (gl) "Activado"
      (ml) "ഓണാണ്"
      (nl) "Aan"
      (pl) "Włączono"
      (sl) "Vklopljeno"
      (tl) "Naka-on"
      (am) "በርቷል"
      (km) "បើក"
      (bn) "চালু আছে"
      (in) "Aktif"
      (kn) "ಆನ್ ಆಗಿದೆ"
      (mn) "Асаалттай"
      (ko) "사용"
      (lo) "ເປີດຢູ່"
      (ro) "Activat"
      (sq) "Aktiv"
      (ar) "مفعَّل"
      (fr) "Activé"
      (hr) "Uključeno"
      (mr) "सुरू आहे"
      (or) "ଚାଲୁ ଅଛି"
      (sr) "Укључено"
      (b+sr+Latn) "Uključeno"
      (tr) "Açık"
      (ur) "آن ہے"
      (as) "অন আছে"
      (bs) "Uključeno"
      (cs) "Zapnuto"
      (es) "Activado"
      (is) "Kveikt"
      (ms) "Hidup"
      (et) "Sees"
      (it) "On"
      (lt) "Įjungta"
      (pt) "Ativado"
      (eu) "Aktibatuta"
      (gu) "ચાલુ છે"
      (hu) "Be"
      (ru) "Включено"
      (zu) "Ivuliwe"
      (lv) "Ieslēgts"
      (sv) "På"
      (iw) "מצב פעיל"
      (sw) "Imewashwa"
      (hy) "Միացված է"
      (ky) "Күйүк"
      (my) "ဖွင့်"
      (az) "Aktiv"
      (uz) "Yoniq"
      (en-rCA) "On"
      (fr-rCA) "Activé"
      (en-rGB) "On"
      (en-rXC) "‎‏‎‎‎‎‎‏‎‏‏‏‎‎‎‎‎‎‏‎‎‏‎‎‎‎‏‏‏‏‏‎‏‏‎‏‎‎‏‎‏‏‎‎‎‎‏‎‏‎‏‏‏‎‏‏‏‏‏‏‎‎‎‎‏‎‏‎‏‏‏‏‏‎‏‏‏‏‎‎‏‎‏‎‎‎‏‎‎‏‏‏‎‎‎On‎‏‎‎‏‎"
      (zh-rHK) "開"
      (zh-rCN) "已开启"
      (en-rIN) "On"
      (pt-rBR) "Ativado"
      (es-rUS) "Activado"
      (pt-rPT) "Ativado"
      (en-rAU) "On"
      (zh-rTW) "已開啟"
    resource 0x7f0f0393 string/status_late
      () "Taken late"
      (zh) "已服（迟服）"
      (b+zh+Hant) "已服（遲服）"
      (fr) "Prise en retard"
    resource 0x7f0f0394 string/status_missed
      () "Missed"
      (zh) "已漏服"
      (b+zh+Hant) "已漏服"
      (fr) "Oubliée"
    resource 0x7f0f0395 string/status_on_time
      () "Taken on time"
      (zh) "已按时服用"
      (b+zh+Hant) "已按時服用"
      (fr) "Prise à l'heure"
    resource 0x7f0f0396 string/status_overdue
      () "Overdue"
      (zh) "已迟服"
      (b+zh+Hant) "已遲服"
      (fr) "En retard"
    resource 0x7f0f0397 string/status_pending
      () "Pending"
      (zh) "待服"
      (b+zh+Hant) "待服"
      (fr) "À prendre"
    resource 0x7f0f0398 string/status_skipped
      () "Skipped"
      (zh) "已跳过"
      (b+zh+Hant) "已跳過"
      (fr) "Sautée"
    resource 0x7f0f0399 string/status_soon
      () "Due soon"
      (zh) "即将到时"
      (b+zh+Hant) "即將到時"
      (fr) "Bientôt"
    resource 0x7f0f039a string/status_unconfirmed
      () "Unconfirmed"
      (zh) "未确认"
      (b+zh+Hant) "未確認"
      (fr) "Non confirmé"
    resource 0x7f0f039b string/stock
      () "Stock"
      (zh) "库存"
      (b+zh+Hant) "庫存"
      (fr) "Stock"
    resource 0x7f0f039c string/stock_add
      () "Add stock"
      (zh) "添加库存"
      (b+zh+Hant) "新增庫存"
      (fr) "Ajouter du stock"
    resource 0x7f0f039d string/stock_adjust
      () "Correct"
      (zh) "修正剩余"
      (b+zh+Hant) "修正剩餘"
      (fr) "Corriger"
    resource 0x7f0f039e string/stock_adjust_body
      () "Enter what is actually left in the open container."
      (zh) "填写当前开封的这一盒实际还剩多少。"
      (b+zh+Hant) "填寫目前開封的這一盒實際還剩多少。"
      (fr) "Indiquez ce qui reste réellement dans le conditionnement ouvert."
    resource 0x7f0f039f string/stock_count
      () "Number of boxes / bottles"
      (zh) "盒数 / 瓶数"
      (b+zh+Hant) "盒數 / 瓶數"
      (fr) "Nombre de boîtes / flacons"
    resource 0x7f0f03a0 string/stock_current
      () "Open container: %1$s of %2$s left"
      (zh) "当前这盒：剩 %1$s / 共 %2$s"
      (b+zh+Hant) "目前這盒：剩 %1$s / 共 %2$s"
      (fr) "Conditionnement ouvert : reste %1$s sur %2$s"
    resource 0x7f0f03a1 string/stock_days_left
      () "≈ %1$d days left"
      (zh) "约可用 %1$d 天"
      (b+zh+Hant) "約可用 %1$d 天"
      (fr) "≈ %1$d jours restants"
    resource 0x7f0f03a2 string/stock_empty_body
      () "Add a medication to keep track of its stock."
      (zh) "添加药物后即可记录库存。"
      (b+zh+Hant) "新增藥物後即可記錄庫存。"
      (fr) "Ajoutez un médicament pour suivre son stock."
    resource 0x7f0f03a3 string/stock_expired
      () "Past its use-by after opening (%1$s)"
      (zh) "已超过开封后有效期（%1$s）"
      (b+zh+Hant) "已超過開封後有效期（%1$s）"
      (fr) "Date limite après ouverture dépassée (%1$s)"
    resource 0x7f0f03a4 string/stock_expires
      () "Use by %1$s after opening"
      (zh) "开封后有效期至 %1$s"
      (b+zh+Hant) "開封後有效期至 %1$s"
      (fr) "À utiliser avant le %1$s après ouverture"
    resource 0x7f0f03a5 string/stock_expiry_detail
      () "%1$s: the open package is close to its expiry after opening"
      (zh) "%1$s：已开封的包装快到开封后有效期了"
      (b+zh+Hant) "%1$s：已開封的包裝快到開封後有效期了"
      (fr) "%1$s : l’emballage ouvert approche de sa date limite après ouverture"
    resource 0x7f0f03a6 string/stock_low
      () "Running low"
      (zh) "库存不足"
      (b+zh+Hant) "庫存不足"
      (fr) "Stock bas"
    resource 0x7f0f03a7 string/stock_low_detail
      () "%1$s: stock will not last the coming week"
      (zh) "%1$s：库存不够接下来一周了"
      (b+zh+Hant) "%1$s：庫存不夠接下來一週了"
      (fr) "%1$s : le stock ne suffira pas pour la semaine"
    resource 0x7f0f03a8 string/stock_max
      () "At most %1$s"
      (zh) "最多 %1$s"
      (b+zh+Hant) "最多 %1$s"
      (fr) "Au plus %1$s"
    resource 0x7f0f03a9 string/stock_no_schedule
      () "no schedule to estimate days"
      (zh) "没有给药周期，无法估算天数"
      (b+zh+Hant) "沒有給藥週期，無法估算天數"
      (fr) "pas de planning pour estimer"
    resource 0x7f0f03aa string/stock_none_open
      () "No container is open. Use "Open a new one"."
      (zh) "当前没有开封的容器，请点"开新的一盒"。"
      (b+zh+Hant) "目前沒有開封的容器，請點"開新的一盒"。"
      (fr) "Aucun conditionnement ouvert. Utilisez « Ouvrir un nouveau »."
    resource 0x7f0f03ab string/stock_not_tracked
      () "Stock is not tracked yet for this medication."
      (zh) "这种药物还没有记录库存。"
      (b+zh+Hant) "這種藥物還沒有記錄庫存。"
      (fr) "Le stock n'est pas encore suivi pour ce médicament."
    resource 0x7f0f03ac string/stock_open_now
      () "Open the first one now"
      (zh) "立即开封第一盒"
      (b+zh+Hant) "立即開封第一盒"
      (fr) "Ouvrir le premier maintenant"
    resource 0x7f0f03ad string/stock_opened
      () "Opened %1$s"
      (zh) "开封于 %1$s"
      (b+zh+Hant) "開封於 %1$s"
      (fr) "Ouvert le %1$s"
    resource 0x7f0f03ae string/stock_remaining
      () "Remaining"
      (zh) "剩余"
      (b+zh+Hant) "剩餘"
      (fr) "Restant"
    resource 0x7f0f03af string/stock_replace
      () "Open a new one"
      (zh) "开新的一盒"
      (b+zh+Hant) "開新的一盒"
      (fr) "Ouvrir un nouveau"
    resource 0x7f0f03b0 string/stock_sealed
      () "%1$d unopened in reserve"
      (zh) "另有 %1$d 盒未开封"
      (b+zh+Hant) "另有 %1$d 盒未開封"
      (fr) "%1$d non entamé(s) en réserve"
    resource 0x7f0f03b1 string/stock_start
      () "Start tracking"
      (zh) "开始记录库存"
      (b+zh+Hant) "開始記錄庫存"
      (fr) "Commencer le suivi"
    resource 0x7f0f03b2 string/stock_unallocated
      () "%1$s taken while no stock was available"
      (zh) "有 %1$s 是在没有库存时服用的"
      (b+zh+Hant) "有 %1$s 是在沒有庫存時服用的"
      (fr) "%1$s pris sans stock disponible"
    resource 0x7f0f03b3 string/switch_role
      () "Switch"
      (ca) "Interruptor"
      (da) "Kontakt"
      (fa) "کلید"
      (ja) "切り替える"
      (ka) "გადართვა"
      (pa) "ਸਵਿੱਚ ਕਰੋ"
      (ta) "மாற்றுதல்"
      (nb) "Bryter"
      (be) "Пераключальнік"
      (de) "Wechseln"
      (ne) "बदल्नुहोस्"
      (te) "Switch"
      (af) "Skakel oor"
      (bg) "Превключване"
      (th) "เปลี่ยน"
      (fi) "Vaihda"
      (hi) "स्विच करें"
      (si) "මාරු කරන්න"
      (vi) "Chuyển"
      (kk) "Ауысу"
      (mk) "Прекинувач"
      (sk) "Prepnúť"
      (uk) "Перемикач"
      (el) "Εναλλαγή"
      (gl) "Interruptor"
      (ml) "മാറുക"
      (nl) "Overschakelen"
      (pl) "Przełącznik"
      (sl) "Stikalo"
      (tl) "Lumipat"
      (am) "ማብሪያ/ማጥፊያ"
      (km) "ប៊ូតុង​បិទបើក"
      (bn) "সুইচ"
      (in) "Alihkan"
      (kn) "ಬದಲಿಸಿ"
      (mn) "Сэлгэх"
      (ko) "스위치"
      (lo) "ປຸ່ມກົດ"
      (ro) "Comută"
      (sq) "Ndërro"
      (ar) "تبديل"
      (fr) "Changer"
      (hr) "Prekidač"
      (mr) "स्विच"
      (or) "ସ୍ୱିଚ କରନ୍ତୁ"
      (sr) "Прекидач"
      (b+sr+Latn) "Prekidač"
      (tr) "Anahtar"
      (ur) "سوئچ"
      (as) "ছুইচ"
      (bs) "Promijeni"
      (cs) "Přepnout"
      (es) "Interruptor"
      (is) "Skipta"
      (ms) "Tukar"
      (et) "Lüliti"
      (it) "Opzione"
      (lt) "Jungiklis"
      (pt) "Chave"
      (eu) "Aldatu"
      (gu) "સ્વિચ"
      (hu) "Kapcsoló"
      (ru) "Переключатель"
      (zu) "Shintsha"
      (lv) "Slēdzis"
      (sv) "Reglage"
      (iw) "מתג"
      (sw) "Swichi"
      (hy) "Փոխանջատիչ"
      (ky) "Которгуч"
      (my) "ပြောင်းရန်"
      (az) "Dəyişdirin"
      (uz) "Almashtirish"
      (en-rCA) "Switch"
      (fr-rCA) "Basculer"
      (en-rGB) "Switch"
      (en-rXC) "‎‏‎‎‎‎‎‏‎‏‏‏‎‎‎‎‎‎‏‎‎‏‎‎‎‎‏‏‏‏‏‏‎‏‎‎‎‏‏‏‎‎‎‏‎‏‏‎‎‏‏‎‎‏‏‎‏‎‏‏‏‏‎‏‏‎‎‏‏‎‎‎‎‎‏‏‏‏‏‏‎‏‏‎‎‏‎‏‏‏‏‏‏‎‏‎Switch‎‏‎‎‏‎"
      (zh-rHK) "按鈕裝置"
      (zh-rCN) "开关"
      (en-rIN) "Switch"
      (pt-rBR) "Chave"
      (es-rUS) "Cambiar"
      (pt-rPT) "Mudar"
      (en-rAU) "Switch"
      (zh-rTW) "切換鈕"
    resource 0x7f0f03b4 string/tab
      () "Tab"
      (ca) "Pestanya"
      (da) "Fane"
      (fa) "برگه"
      (ja) "タブ"
      (ka) "ჩანართი"
      (pa) "ਟੈਬ"
      (ta) "பிரிவு"
      (nb) "Fane"
      (be) "Укладка"
      (de) "Tab"
      (ne) "ट्याब"
      (te) "ట్యాబ్"
      (af) "Oortjie"
      (bg) "Раздел"
      (th) "แท็บ"
      (fi) "Välilehti"
      (hi) "टैब"
      (si) "ටැබය"
      (vi) "Thẻ"
      (kk) "Қойынды"
      (mk) "Картичка"
      (sk) "Karta"
      (uk) "Вкладка"
      (el) "Καρτέλα"
      (gl) "Tabulador"
      (ml) "ടാബ്"
      (nl) "Tabblad"
      (pl) "Karta"
      (sl) "Zavihek"
      (tl) "Tab"
      (am) "ትር"
      (km) "Tab"
      (bn) "ট্যাব"
      (in) "Tab"
      (kn) "ಟ್ಯಾಬ್"
      (mn) "Таб"
      (ko) "탭"
      (lo) "ແຖບ"
      (ro) "Filă"
      (sq) "Tab"
      (ar) "علامة تبويب"
      (fr) "Onglet"
      (hr) "Kartica"
      (mr) "टॅब"
      (or) "ଟାବ୍"
      (sr) "Картица"
      (b+sr+Latn) "Kartica"
      (tr) "Sekme"
      (ur) "ٹیب"
      (as) "টেব"
      (bs) "Kartica"
      (cs) "Karta"
      (es) "Pestaña"
      (is) "Flipi"
      (ms) "Tab"
      (et) "Vaheleht"
      (it) "Scheda"
      (lt) "Tabuliavimo klavišas"
      (pt) "Guia"
      (eu) "Fitxa"
      (gu) "ટૅબ"
      (hu) "Lap"
      (ru) "Вкладка"
      (zu) "Ithebhu"
      (lv) "Cilne"
      (sv) "Flik"
      (iw) "כרטיסייה"
      (sw) "Kichupo"
      (hy) "Ներդիր"
      (ky) "Өтмөк"
      (my) "တဘ်"
      (az) "Tab"
      (uz) "Varaq"
      (en-rCA) "Tab"
      (fr-rCA) "Onglet"
      (en-rGB) "Tab"
      (en-rXC) "‎‏‎‎‎‎‎‏‎‏‏‏‎‎‎‎‎‎‏‎‎‏‎‎‎‎‏‏‏‏‏‎‏‏‎‏‏‏‎‎‏‏‎‏‎‏‎‏‏‎‎‎‎‎‏‏‎‏‎‏‏‏‏‏‏‎‏‎‏‏‏‏‎‎‎‎‏‏‎‎‎‏‏‎‏‎‎‎‎‎‏‎‏‎‎Tab‎‏‎‎‏‎"
      (zh-rHK) "分頁"
      (zh-rCN) "标签页"
      (en-rIN) "Tab"
      (pt-rBR) "Guia"
      (es-rUS) "Pestaña"
      (pt-rPT) "Separador"
      (en-rAU) "Tab"
      (zh-rTW) "Tab 鍵"
    resource 0x7f0f03b5 string/template_percent
      () "%1$d percent."
      (ca) "%1$d per cent"
      (da) "%1$d procent."
      (fa) "%1$d درصد."
      (ja) "%1$dパーセント。"
      (ka) "%1$d პროცენტი."
      (pa) "%1$d ਫ਼ੀਸਦ।"
      (ta) "%1$d சதவீதம்."
      (nb) "%1$d prosent."
      (be) "Працэнтаў: %1$d."
      (de) "%1$d Prozent."
      (ne) "%1$d प्रतिशत।"
      (te) "%1$d శాతం."
      (af) "%1$d persent."
      (bg) "%1$d процента."
      (th) "%1$d เปอร์เซ็นต์"
      (fi) "%1$d prosenttia"
      (hi) "%1$d प्रतिशत."
      (si) "සියයට %1$d."
      (vi) "%1$d%%."
      (kk) "%1$d пайыз."
      (mk) "%1$d проценти."
      (sk) "%1$d %%"
      (uk) "Відсотків: %1$d."
      (el) "%1$d τοις εκατό."
      (gl) "%1$d por cento."
      (ml) "%1$d ശതമാനം."
      (nl) "%1$d procent."
      (pl) "%1$d procent."
      (sl) "%1$d odstotkov"
      (tl) "%1$d (na) porsyento."
      (am) "%1$d በመቶ።"
      (km) "%1$d ភាគរយ។"
      (bn) "%1$d শতাংশ।"
      (in) "%1$d persen."
      (kn) "%1$d ಶೇಕಡಾ."
      (mn) "%1$d хувь."
      (ko) "%1$d퍼센트"
      (lo) "%1$d ເປີ​ເຊັນ."
      (ro) "%1$d %%."
      (sq) "%1$d për qind."
      (ar) "%1$d في المئة."
      (fr) "%1$d pour cent."
      (hr) "%1$d posto."
      (mr) "%1$d टक्के."
      (or) "ଶତକଡ଼ା %1$d।"
      (sr) "%1$d посто."
      (b+sr+Latn) "%1$d posto."
      (tr) "Yüzde %1$d."
      (ur) "%1$d فیصد۔"
      (as) "%1$d শতাংশ।"
      (bs) "%1$d posto."
      (cs) "%1$d procent."
      (es) "%1$d por cien."
      (is) "%1$d prósent."
      (ms) "Peratus %1$d."
      (et) "%1$d protsenti."
      (it) "%1$d percento."
      (lt) "Procentų: %1$d."
      (pt) "%1$d%%"
      (eu) "Ehuneko %1$d."
      (gu) "%1$d ટકા."
      (hu) "%1$d százalék."
      (ru) "Процентов: %1$d."
      (zu) "%1$d amaphesenti."
      (lv) "Procenti: %1$d."
      (sv) "%1$d procent."
      (iw) "%1$d אחוזים."
      (sw) "Asilimia %1$d."
      (hy) "%1$d տոկոս։"
      (ky) "%1$d пайыз."
      (my) "%1$d ရာခိုင်နှုန်း။"
      (az) "%1$d faiz."
      (uz) "%1$d foiz."
      (en-rCA) "%1$d percent."
      (fr-rCA) "%1$d pour cent."
      (en-rGB) "%1$d per cent."
      (en-rXC) "‎‏‎‎‎‎‎‏‎‏‏‏‎‎‎‎‎‎‏‎‎‏‎‎‎‎‏‏‏‏‏‏‏‏‎‏‎‎‏‎‏‎‎‎‎‏‏‏‎‏‎‎‏‎‏‏‏‎‏‏‏‏‏‎‎‎‏‎‏‏‎‏‏‏‎‏‏‏‎‏‏‏‎‎‎‎‎‏‎‎‏‏‎‏‏‏‎‎‏‎‎‏‏‎%1$d‎‏‎‎‏‏‏‎ percent.‎‏‎‎‏‎"
      (zh-rHK) "百分之 %1$d。"
      (zh-rCN) "百分之 %1$d。"
      (en-rIN) "%1$d per cent."
      (pt-rBR) "%1$d%%"
      (es-rUS) "%1$d por ciento."
      (pt-rPT) "%1$d por cento."
      (en-rAU) "%1$d per cent."
      (zh-rTW) "百分之 %1$d。"
    resource 0x7f0f03b6 string/test_reminder
      () "Send a test reminder in 1 minute"
      (zh) "1 分钟后发送一条测试提醒"
      (b+zh+Hant) "1 分鐘後傳送一條測試提醒"
      (fr) "Envoyer un rappel de test dans 1 minute"
    resource 0x7f0f03b7 string/theme
      () "Theme"
      (zh) "主题"
      (b+zh+Hant) "主題"
      (fr) "Thème"
    resource 0x7f0f03b8 string/theme_dark
      () "Dark"
      (zh) "深色"
      (b+zh+Hant) "深色"
      (fr) "Sombre"
    resource 0x7f0f03b9 string/theme_light
      () "Light"
      (zh) "浅色"
      (b+zh+Hant) "淺色"
      (fr) "Clair"
    resource 0x7f0f03ba string/theme_system
      () "System"
      (zh) "跟随系统"
      (b+zh+Hant) "跟隨系統"
      (fr) "Système"
    resource 0x7f0f03bb string/timeline
      () "Timeline"
      (zh) "时间线"
      (b+zh+Hant) "時間線"
      (fr) "Chronologie"
    resource 0x7f0f03bf string/timeline_date_only
      () "Date only; stage matching uses this whole day in the viewing time zone."
      (zh) "仅有日期；阶段匹配使用查看时区的整天。"
      (b+zh+Hant) "僅有日期；階段匹配使用查看時區的整天。"
      (fr) "Date seule ; le rattachement utilise la journée entière dans le fuseau affiché."
    resource 0x7f0f03c2 string/timeline_dose
      () "Recorded intake"
      (zh) "实际服药"
      (b+zh+Hant) "實際服藥"
      (fr) "Prise enregistrée"
    resource 0x7f0f03c5 string/timeline_epoch_unknown
      () "Regimen unknown for all or part of this time."
      (zh) "这段时间全部或部分方案未知。"
      (b+zh+Hant) "這段時間全部或部分方案未知。"
      (fr) "Schéma inconnu pour tout ou partie de cette période."
    resource 0x7f0f03c8 string/timeline_imported_amounts
      () "Recorded amounts: %1$s – %2$s"
      (zh) "记录的实际剂量：%1$s – %2$s"
      (b+zh+Hant) "記錄的實際劑量：%1$s – %2$s"
      (fr) "Quantités enregistrées : %1$s – %2$s"
    resource 0x7f0f03c9 string/timeline_imported_clear_selection
      () "Clear record filter"
      (zh) "清除记录筛选"
      (b+zh+Hant) "清除記錄篩選"
      (fr) "Effacer le filtre des entrées"
    resource 0x7f0f03ca string/timeline_imported_context
      () "There is not enough stable evidence to recognize a regimen for these records. Unknown historical details remain unknown."
      (zh) "这些记录尚无足够稳定的依据识别方案。缺失的历史信息仍标为未知。"
      (b+zh+Hant) "這些紀錄尚無足夠穩定的依據識別方案。缺失的歷史資訊仍標為未知。"
      (fr) "Ces enregistrements ne fournissent pas encore assez de données stables pour identifier un schéma. Les détails historiques inconnus restent inconnus."
    resource 0x7f0f03cb string/timeline_imported_count
      () "%1$d records"
      (zh) "%1$d 条记录"
      (b+zh+Hant) "%1$d 條記錄"
      (fr) "%1$d entrées"
    resource 0x7f0f03cc string/timeline_imported_history
      () "History awaiting regimen recognition"
      (zh) "待识别方案的历史记录"
      (b+zh+Hant) "待識別方案的歷史紀錄"
      (fr) "Historique en attente d’identification du schéma"
    resource 0x7f0f03cd string/timeline_imported_open_history
      () "Open these history records"
      (zh) "查看这些原始记录"
      (b+zh+Hant) "查看這些原始記錄"
      (fr) "Voir ces entrées dans l’historique"
    resource 0x7f0f03ce string/timeline_imported_unknown_amount
      () "Actual amount unknown in %1$d taken records"
      (zh) "%1$d 条已服记录缺少实际剂量"
      (b+zh+Hant) "%1$d 筆已服記錄缺少實際劑量"
      (fr) "Quantité réelle inconnue pour %1$d prises enregistrées"
    resource 0x7f0f03cf string/timeline_imported_unknown_route
      () "Route unknown in saved record"
      (zh) "原记录途径未知"
      (b+zh+Hant) "原記錄途徑未知"
      (fr) "Voie inconnue dans l’entrée conservée"
    resource 0x7f0f03d3 string/timeline_medication_unknown
      () "Historical medication details unknown"
      (zh) "历史药物详情未知"
      (b+zh+Hant) "歷史藥物詳情未知"
      (fr) "Détails historiques du médicament inconnus"
    resource 0x7f0f03d4 string/timeline_missed
      () "Confirmed missed dose"
      (zh) "确认漏服"
      (b+zh+Hant) "確認漏服"
      (fr) "Oubli confirmé"
    resource 0x7f0f03d5 string/timeline_new_period
      () "New period"
      (zh) "新建时期"
      (b+zh+Hant) "新增時期"
      (fr) "Nouvelle période"
    resource 0x7f0f03d8 string/timeline_planned
      () "Planned dose"
      (zh) "计划剂量"
      (b+zh+Hant) "計畫劑量"
      (fr) "Prise prévue"
    resource 0x7f0f03da string/timeline_regimen
      () "Regimen record / change"
      (zh) "方案记录 / 变更"
      (b+zh+Hant) "方案記錄 / 變更"
      (fr) "Schéma enregistré / modifié"
    resource 0x7f0f03dc string/timeline_skipped
      () "Skipped dose"
      (zh) "跳过剂量"
      (b+zh+Hant) "略過劑量"
      (fr) "Prise sautée"
    resource 0x7f0f03de string/timeline_type
      () "Event type"
      (zh) "事件类型"
      (b+zh+Hant) "事件類型"
      (fr) "Type d’événement"
    resource 0x7f0f03e1 string/timeline_zone
      () "Viewing time zone: %1$s"
      (zh) "查看时区：%1$s"
      (b+zh+Hant) "查看時區：%1$s"
      (fr) "Fuseau horaire affiché : %1$s"
    resource 0x7f0f03e2 string/times_fewer
      () "Fewer"
      (zh) "减少"
      (b+zh+Hant) "減少"
      (fr) "Moins"
    resource 0x7f0f03e3 string/times_label
      () "Times of day"
      (zh) "每天的服药时间"
      (b+zh+Hant) "每天的服藥時間"
      (fr) "Heures de prise"
    resource 0x7f0f03e4 string/times_more
      () "More"
      (zh) "增加"
      (b+zh+Hant) "增加"
      (fr) "Plus"
    resource 0x7f0f03e5 string/times_per_day
      () "Times a day"
      (zh) "每天几次"
      (b+zh+Hant) "每天幾次"
      (fr) "Fois par jour"
    resource 0x7f0f03e6 string/times_per_day_hint
      () "Sets evenly spaced times between 08:00 and 20:00; tap a time to change it. The dose stays your own entry."
      (zh) "按 08:00 到 20:00 平均排好时间，点时间可以单独修改。剂量仍由你自己填写。"
      (b+zh+Hant) "按 08:00 到 20:00 平均排好時間，點時間可以單獨修改。劑量仍由你自己填寫。"
      (fr) "Répartit les heures de 08:00 à 20:00 ; touchez une heure pour la modifier. La dose reste votre propre saisie."
    resource 0x7f0f03e7 string/times_per_day_value
      () "%1$d × a day"
      (zh) "每天 %1$d 次"
      (b+zh+Hant) "每天 %1$d 次"
      (fr) "%1$d × par jour"
    resource 0x7f0f03e8 string/today
      () "Today"
      (zh) "今天"
      (b+zh+Hant) "今天"
      (fr) "Aujourd'hui"
    resource 0x7f0f03e9 string/tomorrow
      () "Tomorrow"
      (zh) "明天"
      (b+zh+Hant) "明天"
      (fr) "Demain"
    resource 0x7f0f03ea string/tooltip_description
      () "tooltip"
      (ca) "descripció emergent"
      (da) "værktøjstip"
      (fa) "نکته‌ابزار"
      (ja) "ツールチップ"
      (ka) "მინიშნება"
      (pa) "ਟੂਲ-ਟਿੱਪ"
      (ta) "உதவிக்குறிப்பு"
      (nb) "verktøytips"
      (be) "падказка"
      (de) "Kurzinfo"
      (ne) "टुलटिप"
      (te) "టూల్‌టిప్"
      (af) "nutswenk"
      (bg) "подсказка"
      (th) "เคล็ดลับเครื่องมือ"
      (fi) "vihjeteksti"
      (hi) "टूलटिप"
      (si) "මෙවලම් ඉඟිය"
      (vi) "chú thích"
      (kk) "қалқыма көмек"
      (mk) "совет за алатка"
      (sk) "popis"
      (uk) "спливаюча підказка"
      (el) "επεξήγηση εργαλείου"
      (gl) "cadro de información"
      (ml) "ടൂൾടിപ്പ്"
      (nl) "tooltip"
      (pl) "etykietka"
      (sl) "opis orodja"
      (tl) "tooltip"
      (am) "መሣሪያ ጥቆማ"
      (km) "កំណត់​ពន្យល់"
      (bn) "টুলটিপ"
      (in) "tooltip"
      (kn) "ಟೂಲ್‌ಟಿಪ್"
      (mn) "зөвлөмж"
      (ko) "도움말"
      (lo) "ຄຳແນະນຳ"
      (ro) "balon explicativ"
      (sq) "këshillë për veglën"
      (ar) "تلميح"
      (fr) "Info-bulle"
      (hr) "opis"
      (mr) "टूलटिप"
      (or) "ଟୁଲଟିପ"
      (sr) "објашњење"
      (b+sr+Latn) "objašnjenje"
      (tr) "ipucu"
      (ur) "ٹول ٹپ"
      (as) "টুলটিপ"
      (bs) "skočni opis"
      (cs) "popisek"
      (es) "descripción emergente"
      (is) "ábending"
      (ms) "tip alat"
      (et) "kohtspikker"
      (it) "Descrizione comando"
      (lt) "patarimas"
      (pt) "dica"
      (eu) "aholkua"
      (gu) "ટૂલટિપ"
      (hu) "elemleírás"
      (ru) "Подсказка"
      (zu) "ithulithiphu"
      (lv) "rīka padoms"
      (sv) "beskrivning"
      (iw) "הסבר קצר"
      (sw) "kidirisha cha vidokezo"
      (hy) "հուշակ"
      (ky) "калкып чыгуучу кеңеш"
      (my) "အကြံပြုချက်ပြ ပေါ့အပ် ဝင်းဒိုး"
      (az) "alət izahı"
      (uz) "qalqib chiquvchi maslahat oynasi"
      (en-rCA) "tooltip"
      (fr-rCA) "infobulle"
      (en-rGB) "tooltip"
      (en-rXC) "‎‏‎‎‎‎‎‏‎‏‏‏‎‎‎‎‎‎‏‎‎‏‎‎‎‎‏‏‏‏‏‏‎‏‏‎‏‎‎‎‏‎‎‎‎‎‏‏‏‎‏‏‏‎‎‏‎‎‎‎‏‏‎‏‏‏‎‎‎‎‏‎‏‎‏‎‏‏‎‎‎‏‎‎‎‎‏‏‎‏‎‏‎‏‏‎tooltip‎‏‎‎‏‎"
      (zh-rHK) "提示"
      (zh-rCN) "提示"
      (en-rIN) "tooltip"
      (pt-rBR) "dica"
      (es-rUS) "cuadro de información"
      (pt-rPT) "sugestão"
      (en-rAU) "tooltip"
      (zh-rTW) "工具提示"
    resource 0x7f0f03eb string/tooltip_label
      () "show tooltip"
      (ca) "mostra la descripció emergent"
      (da) "se værktøjstip"
      (fa) "نمایش نکته‌ابزار"
      (ja) "ツールチップを表示"
      (ka) "მინიშნების ჩვენება"
      (pa) "ਟੂਲ-ਟਿੱਪ ਦਿਖਾਓ"
      (ta) "உதவிக்குறிப்பைக் காட்டும்"
      (nb) "vis verktøytips"
      (be) "паказаць усплывальную падказку"
      (de) "Kurzinfo anzeigen"
      (ne) "टुलटिप देखाउनुहोस्"
      (te) "టూల్‌టిప్‌ను చూపించండి"
      (af) "wys nutswenk"
      (bg) "показване на подсказка"
      (th) "แสดงเคล็ดลับเครื่องมือ"
      (fi) "näytä vihjeteksti"
      (hi) "टूलटिप दिखाएं"
      (si) "මෙවලම් ඉඟිය පෙන්වන්න"
      (vi) "hiện chú thích"
      (kk) "қалқыма көмекті көрсету"
      (mk) "прикажи совет за алатка"
      (sk) "zobraziť popis"
      (uk) "показати спливаючу підказку"
      (el) "εμφάνιση επεξήγησης εργαλείου"
      (gl) "mostrar cadro de información"
      (ml) "ടൂൾടിപ്പ് കാണിക്കുക"
      (nl) "tooltip tonen"
      (pl) "pokaż etykietkę"
      (sl) "pokaži opis orodja"
      (tl) "ipakita ang tooltip"
      (am) "መሣሪያ ጥቆማን አሳይ"
      (km) "បង្ហាញ​កំណត់​ពន្យល់"
      (bn) "টুলটিপ দেখুন"
      (in) "tampilkan tooltip"
      (kn) "ಟೂಲ್‌ಟಿಪ್ ಅನ್ನು ತೋರಿಸಿ"
      (mn) "зөвлөмж харуулах"
      (ko) "도움말 표시"
      (lo) "ສະແດງຄຳແນະນຳ"
      (ro) "afișează balonul explicativ"
      (sq) "shfaq këshillën për veglën"
      (ar) "إظهار التلميح"
      (fr) "Afficher l'info-bulle"
      (hr) "prikaži opis"
      (mr) "टूलटिप दाखवा"
      (or) "ଟୁଲଟିପ ଦେଖାନ୍ତୁ"
      (sr) "прикажи објашњење"
      (b+sr+Latn) "prikaži objašnjenje"
      (tr) "ipucunu göster"
      (ur) "ٹول ٹپ دکھائیں"
      (as) "টুলটিপ দেখুৱাওক"
      (bs) "prikaži skočni opis"
      (cs) "zobrazit popisek"
      (es) "mostrar descripción emergente"
      (is) "sýna ábendingu"
      (ms) "tunjukkan tip alat"
      (et) "kuva kohtspikker"
      (it) "Mostra descrizione comando"
      (lt) "rodyti patarimą"
      (pt) "mostrar dica"
      (eu) "erakutsi aholkua"
      (gu) "ટૂલટિપ બતાવો"
      (hu) "elemleírás megjelenítése"
      (ru) "Показать подсказку"
      (zu) "bonisa ithulithiphu"
      (lv) "rādīt rīka padomu"
      (sv) "visa beskrivning"
      (iw) "הצגת ההסבר הקצר"
      (sw) "onyesha kidirisha cha vidokezo"
      (hy) "ցուցադրել հուշակ"
      (ky) "калкып чыгуучу кеңешти көрсөтүү"
      (my) "အကြံပြုချက်ပြ ပေါ့အပ်ဝင်းဒိုး ပြရန်"
      (az) "alət izahını göstərin"
      (uz) "maslahat oynasini koʻrsatish"
      (en-rCA) "show tooltip"
      (fr-rCA) "afficher une infobulle"
      (en-rGB) "show tooltip"
      (en-rXC) "‎‏‎‎‎‎‎‏‎‏‏‏‎‎‎‎‎‎‏‎‎‏‎‎‎‎‏‏‏‏‏‏‎‏‎‏‎‏‏‎‏‎‏‏‏‎‏‎‏‎‎‏‏‏‏‎‎‎‎‎‏‎‎‎‎‏‎‎‏‏‏‎‎‎‏‏‏‏‎‏‏‎‏‎‎‏‏‏‏‏‎‏‎‎‎‎show tooltip‎‏‎‎‏‎"
      (zh-rHK) "顯示提示"
      (zh-rCN) "显示提示"
      (en-rIN) "show tooltip"
      (pt-rBR) "mostrar dica"
      (es-rUS) "mostrar cuadro de información"
      (pt-rPT) "mostrar sugestão"
      (en-rAU) "show tooltip"
      (zh-rTW) "顯示工具提示"
    resource 0x7f0f03ec string/trash_empty_all
      () "Empty recycle bin"
      (zh) "清空回收站"
      (b+zh+Hant) "清空回收筒"
      (fr) "Vider la corbeille"
    resource 0x7f0f03ed string/trash_empty_confirm
      () "Everything in the recycle bin will be deleted for good. This cannot be undone."
      (zh) "回收站里的全部内容都会被彻底删除，无法恢复。"
      (b+zh+Hant) "回收筒裡的全部內容都會被徹底刪除，無法恢復。"
      (fr) "Tout le contenu de la corbeille sera supprimé définitivement. Impossible à annuler."
    resource 0x7f0f03ee string/trash_empty_state
      () "The recycle bin is empty."
      (zh) "回收站是空的。"
      (b+zh+Hant) "回收筒是空的。"
      (fr) "La corbeille est vide."
    resource 0x7f0f03ef string/trash_intro
      () "Deleted things wait here until you restore them or delete them for good. Nothing is emptied automatically."
      (zh) "删除的内容会留在这里，直到你恢复或彻底删除。不会自动清空。"
      (b+zh+Hant) "刪除的內容會留在這裡，直到你恢復或徹底刪除。不會自動清空。"
      (fr) "Les éléments supprimés restent ici jusqu’à ce que vous les restauriez ou les supprimiez définitivement. Rien n’est vidé automatiquement."
    resource 0x7f0f03f0 string/trash_kind_appointment
      () "Appointment"
      (zh) "预约"
      (b+zh+Hant) "預約"
      (fr) "Rendez-vous"
    resource 0x7f0f03f1 string/trash_kind_correction
      () "My change to a period"
      (zh) "我对时期的修改"
      (b+zh+Hant) "我對時期的修改"
      (fr) "Ma modification d’une période"
    resource 0x7f0f03f2 string/trash_kind_lab
      () "Lab result"
      (zh) "化验"
      (b+zh+Hant) "化驗"
      (fr) "Analyse"
    resource 0x7f0f03f3 string/trash_kind_milestone
      () "Milestone"
      (zh) "里程碑"
      (b+zh+Hant) "里程碑"
      (fr) "Étape"
    resource 0x7f0f03f4 string/trash_kind_note
      () "Day note"
      (zh) "每日备注"
      (b+zh+Hant) "每日備註"
      (fr) "Note du jour (texte)"
    resource 0x7f0f03f5 string/trash_kind_period
      () "Period"
      (zh) "时期"
      (b+zh+Hant) "時期"
      (fr) "Période"
    resource 0x7f0f03f6 string/trash_kind_record
      () "Intake"
      (zh) "服药记录"
      (b+zh+Hant) "服藥紀錄"
      (fr) "Prise"
    resource 0x7f0f03f7 string/trash_kind_review
      () "Stage review"
      (zh) "阶段回顾"
      (b+zh+Hant) "階段回顧"
      (fr) "Bilan d’étape"
    resource 0x7f0f03f8 string/trash_kind_score
      () "Daily score"
      (zh) "每日评分"
      (b+zh+Hant) "每日評分"
      (fr) "Note du jour"
    resource 0x7f0f03f9 string/trash_kind_symptom
      () "Symptom"
      (zh) "症状"
      (b+zh+Hant) "症狀"
      (fr) "Symptôme"
    resource 0x7f0f03fa string/trash_open
      () "Open recycle bin (%1$d)"
      (zh) "打开回收站（%1$d）"
      (b+zh+Hant) "打開回收筒（%1$d）"
      (fr) "Ouvrir la corbeille (%1$d)"
    resource 0x7f0f03fb string/trash_purge
      () "Delete for good"
      (zh) "彻底删除"
      (b+zh+Hant) "徹底刪除"
      (fr) "Supprimer définitivement"
    resource 0x7f0f03fc string/trash_purge_backup_note
      () "Backups exported later will not contain it; backups made before still do."
      (zh) "之后导出的备份不再包含它；之前的备份仍然包含。"
      (b+zh+Hant) "之後匯出的備份不再包含它；之前的備份仍然包含。"
      (fr) "Les sauvegardes exportées ensuite ne la contiendront plus ; les sauvegardes antérieures la contiennent encore."
    resource 0x7f0f03fd string/trash_purge_confirm
      () "This cannot be undone."
      (zh) "无法恢复。"
      (b+zh+Hant) "無法恢復。"
      (fr) "Impossible à annuler."
    resource 0x7f0f03fe string/trash_purge_hidden_note
      () "An intake still counted in the stock ledger, or a deleted period over plans the app made, is hidden for good instead: it cannot be restored and no longer counts anywhere, but stays stored so frozen lab contexts and visit packs still open."
      (zh) "仍计入库存账本的服药记录，或删掉的时期下面有应用生成的方案时，改为永久隐藏：不能再恢复，也不再参与任何显示和统计，但仍保存在库里，以便已冻结的化验上下文和复诊资料包照常打开。"
      (b+zh+Hant) "仍計入庫存帳本的服藥紀錄，或刪掉的時期下面有應用程式產生的方案時，改為永久隱藏：不能再恢復，也不再參與任何顯示和統計，但仍保存在資料庫裡，以便已凍結的化驗上下文和就診資料包照常打開。"
      (fr) "Une prise encore comptée dans le stock, ou une période supprimée au-dessus de traitements créés par l’app, est masquée définitivement : elle ne peut plus être restaurée et ne compte plus nulle part, mais reste stockée pour que les contextes d’analyse et dossiers de consultation figés s’ouvrent toujours."
    resource 0x7f0f03ff string/trash_purge_removed_note
      () "What you created is removed from the app’s data."
      (zh) "你创建的内容会从应用数据中真正删除。"
      (b+zh+Hant) "你建立的內容會從應用程式資料中真正刪除。"
      (fr) "Ce que vous avez créé est retiré des données de l’app."
    resource 0x7f0f0400 string/trash_restore
      () "Restore"
      (zh) "恢复"
      (b+zh+Hant) "恢復"
      (fr) "Restaurer"
    resource 0x7f0f0401 string/trash_title
      () "Recycle bin"
      (zh) "回收站"
      (b+zh+Hant) "回收筒"
      (fr) "Corbeille"
    resource 0x7f0f0402 string/unconfirmed_count
      () "Unconfirmed: %1$d. Not included as confirmed missed doses."
      (zh) "未确认：%1$d 次，未计入确认漏服。"
      (b+zh+Hant) "未確認：%1$d 次，未計入確認漏服。"
      (fr) "Non confirmées : %1$d. Non comptées comme prises manquées confirmées."
    resource 0x7f0f0403 string/unconfirmed_help
      () "No intake has been recorded. This does not confirm a missed dose."
      (zh) "尚未登记服药，不能据此确认漏服。"
      (b+zh+Hant) "尚未登記服藥，不能據此確認漏服。"
      (fr) "Aucune prise n’a été enregistrée. Cela ne confirme pas une prise manquée."
    resource 0x7f0f0404 string/unit
      () "Dose unit"
      (zh) "剂量单位"
      (b+zh+Hant) "劑量單位"
      (fr) "Unité de dose"
    resource 0x7f0f0405 string/unit_patch
      () "patch"
      (zh) "贴"
      (b+zh+Hant) "貼"
      (fr) "patch"
    resource 0x7f0f0406 string/unsupported_bica
      () "Bicalutamide: blood levels do not show its effect, so no curve is drawn."
      (zh) "比卡鲁胺：血药浓度反映不了作用，所以不画曲线。"
      (b+zh+Hant) "比卡魯胺：血藥濃度反映不了作用，所以不畫曲線。"
      (fr) "Bicalutamide : le taux sanguin ne reflète pas son effet, donc aucune courbe."
    resource 0x7f0f0407 string/unsupported_ester
      () "No literature model for this compound with this route, so no curve is drawn."
      (zh) "这种成分配这种途径没有文献模型，所以不画曲线。"
      (b+zh+Hant) "這種成分配這種途徑沒有文獻模型，所以不畫曲線。"
      (fr) "Aucun modèle de la littérature pour ce composé par cette voie, donc aucune courbe."
    resource 0x7f0f0408 string/unsupported_patch_rate
      () "Patch without a nominal release rate, so no curve is drawn."
      (zh) "贴片没有填标称释放速率，所以不画曲线。"
      (b+zh+Hant) "貼片沒有填標稱釋放速率，所以不畫曲線。"
      (fr) "Patch sans débit nominal, donc aucune courbe."
    resource 0x7f0f0409 string/unsupported_route
      () "No literature model for this route, so no curve is drawn."
      (zh) "这种途径没有文献模型，所以不画曲线。"
      (b+zh+Hant) "這種途徑沒有文獻模型，所以不畫曲線。"
      (fr) "Aucun modèle de la littérature pour cette voie, donc aucune courbe."
    resource 0x7f0f040a string/unsupported_sl_ev
      () "Sublingual estradiol valerate: no study measured it, so no curve is drawn. Sublingual data exist only for estradiol (E2) tablets."
      (zh) "舌下戊酸雌二醇：没有研究测过，所以不画曲线。舌下数据只有雌二醇（E2）片。"
      (b+zh+Hant) "舌下戊酸雌二醇：沒有研究測過，所以不畫曲線。舌下資料只有雌二醇（E2）片。"
      (fr) "Valérate d’estradiol sublingual : aucune étude ne l’a mesuré, donc aucune courbe n’est tracée. Les données sublinguales ne concernent que les comprimés d’estradiol (E2)."
    resource 0x7f0f040b string/vendor_guidance
      () "Check the manufacturer settings: Xiaomi/HyperOS — autostart and unrestricted battery; Huawei/Honor — allow app launch in background; Samsung — remove from deep sleep; OPPO/OnePlus/realme/vivo — permit background operation. Menus vary by device."
      (zh) "请检查厂商设置：小米/HyperOS — 允许自启动，省电策略设为无限制；华为/荣耀 — 允许应用在后台启动；三星 — 从深度休眠应用中移除；OPPO/一加/realme/vivo — 允许后台运行。具体菜单因机型而异。"
      (b+zh+Hant) "請檢查廠商設定：小米/HyperOS — 允許自啟動，省電策略設為無限制；華為/榮耀 — 允許 App 在背景啟動；三星 — 從深度休眠應用程式中移除；OPPO/一加/realme/vivo — 允許背景執行。具體選單因機型而異。"
      (fr) "Vérifiez les réglages du fabricant : Xiaomi/HyperOS — démarrage automatique et batterie sans restriction ; Huawei/Honor — autoriser le lancement en arrière-plan ; Samsung — retirer des applications en veille profonde ; OPPO/OnePlus/realme/vivo — autoriser l'activité en arrière-plan. Les menus varient selon l'appareil."
    resource 0x7f0f040c string/version
      () "Version %1$s"
      (zh) "版本 %1$s"
      (b+zh+Hant) "版本 %1$s"
      (fr) "Version %1$s"
    resource 0x7f0f040d string/view_day
      () "Day"
      (zh) "日"
      (b+zh+Hant) "日"
      (fr) "Jour"
    resource 0x7f0f040e string/view_month
      () "Month"
      (zh) "月"
      (b+zh+Hant) "月"
      (fr) "Mois"
    resource 0x7f0f040f string/view_week
      () "Week"
      (zh) "周"
      (b+zh+Hant) "周"
      (fr) "Semaine"
    resource 0x7f0f0410 string/view_year
      () "Year"
      (zh) "年"
      (b+zh+Hant) "年"
      (fr) "Année"
    resource 0x7f0f0411 string/visit_answer
      () "My note of the answer"
      (zh) "我记下的回答"
      (b+zh+Hant) "我記下的回答"
      (fr) "Ma note de la réponse"
    resource 0x7f0f0412 string/visit_completed
      () "Visit confirmed"
      (zh) "已确认就诊"
      (b+zh+Hant) "已確認就診"
      (fr) "Consultation confirmée"
    resource 0x7f0f0413 string/visit_confirm
      () "Confirm the visit took place"
      (zh) "确认已就诊"
      (b+zh+Hant) "確認已就診"
      (fr) "Confirmer que la consultation a eu lieu"
    resource 0x7f0f0414 string/visit_confirm_help
      () "Only visits you confirm are used as the start of the next pack’s period; time passing alone does not count."
      (zh) "只有你确认过的就诊才会作为下次资料包区间的起点；时间过去不算确认。"
      (b+zh+Hant) "只有你確認過的就診才會作為下次資料包區間的起點；時間過去不算確認。"
      (fr) "Seules les consultations que vous confirmez servent de début de période au dossier suivant ; le simple passage du temps ne compte pas."
    resource 0x7f0f0415 string/visit_delete
      () "Delete appointment"
      (zh) "删除预约"
      (b+zh+Hant) "刪除預約"
      (fr) "Supprimer le rendez-vous"
    resource 0x7f0f0416 string/visit_delete_confirm
      () "Delete this appointment, its questions and its pack records? PDF files you already saved are not affected."
      (zh) "删除此预约及其问题和资料包生成记录？已保存的 PDF 文件不受影响。"
      (b+zh+Hant) "刪除此預約及其問題與資料包產生紀錄？已儲存的 PDF 檔案不受影響。"
      (fr) "Supprimer ce rendez-vous, ses questions et l’historique de ses dossiers ? Les PDF déjà enregistrés ne sont pas concernés."
    resource 0x7f0f0417 string/visit_digest
      () "Check code %1$s (matches the record kept in the app; not a signature)"
      (zh) "校验码 %1$s（对应应用内的生成记录，不是签名）"
      (b+zh+Hant) "校驗碼 %1$s（對應應用內的產生紀錄，不是簽章）"
      (fr) "Code de contrôle %1$s (correspond à l’enregistrement dans l’app ; ce n’est pas une signature)"
    resource 0x7f0f0418 string/visit_fact_appointments
      () "Other appointments in this period: %1$d"
      (zh) "区间内其他预约：%1$d"
      (b+zh+Hant) "區間內其他預約：%1$d"
      (fr) "Autres rendez-vous sur la période : %1$d"
    resource 0x7f0f0419 string/visit_fact_daily
      () "Days with daily check-in: %1$d · days with notes: %2$d"
      (zh) "有每日状态的天数：%1$d · 有备注的天数：%2$d"
      (b+zh+Hant) "有每日狀態的天數：%1$d · 有備註的天數：%2$d"
      (fr) "Jours avec suivi quotidien : %1$d · jours avec note : %2$d"
    resource 0x7f0f041a string/visit_fact_days
      () "Days in period: %1$d"
      (zh) "区间：%1$d 天"
      (b+zh+Hant) "區間：%1$d 天"
      (fr) "Jours dans la période : %1$d"
    resource 0x7f0f041b string/visit_fact_labels
      () "Inferred from records: extra (inferred) %1$d · extra (marked by you) %2$d · dose differs from period %3$d · regimen unknown %4$d"
      (zh) "由记录推定：额外（推断）%1$d · 额外（用户标记）%2$d · 剂量与当期不同 %3$d · 方案未知 %4$d"
      (b+zh+Hant) "由紀錄推定：額外（推斷）%1$d · 額外（使用者標記）%2$d · 劑量與當期不同 %3$d · 方案未知 %4$d"
      (fr) "Déduit des prises : en plus (déduit) %1$d · en plus (indiqué par vous) %2$d · dose différente de la période %3$d · traitement inconnu %4$d"
    resource 0x7f0f041c string/visit_fact_labs
      () "Lab results: %1$d"
      (zh) "化验结果：%1$d"
      (b+zh+Hant) "檢驗結果：%1$d"
      (fr) "Résultats d’analyse : %1$d"
    resource 0x7f0f041d string/visit_fact_medication
      () "%1$s: taken %2$d (late %3$d) · confirmed missed %4$d · skipped %5$d · unconfirmed %6$d"
      (zh) "%1$s：已服 %2$d（迟服 %3$d）· 确认漏服 %4$d · 跳过 %5$d · 未确认 %6$d"
      (b+zh+Hant) "%1$s：已服 %2$d（遲服 %3$d）· 確認漏服 %4$d · 跳過 %5$d · 未確認 %6$d"
      (fr) "%1$s : prises %2$d (en retard %3$d) · oublis confirmés %4$d · sautées %5$d · non confirmées %6$d"
    resource 0x7f0f041e string/visit_fact_no_intakes
      () "No intake records in this period."
      (zh) "本区间没有服药记录。"
      (b+zh+Hant) "本區間沒有服藥紀錄。"
      (fr) "Aucune prise enregistrée sur la période."
    resource 0x7f0f041f string/visit_fact_regimens
      () "Plan versions started: %1$d · ended: %2$d"
      (zh) "开始的方案版本：%1$d · 结束的：%2$d"
      (b+zh+Hant) "開始的方案版本：%1$d · 結束的：%2$d"
      (fr) "Versions commencées : %1$d · terminées : %2$d"
    resource 0x7f0f0420 string/visit_fact_reviews
      () "Periodic reviews: %1$d"
      (zh) "阶段回顾：%1$d"
      (b+zh+Hant) "階段回顧：%1$d"
      (fr) "Bilans périodiques : %1$d"
    resource 0x7f0f0421 string/visit_fact_symptoms
      () "Days with symptom notes: %1$d · different symptoms: %2$d"
      (zh) "有症状记录的天数：%1$d · 不同症状：%2$d"
      (b+zh+Hant) "有症狀紀錄的天數：%1$d · 不同症狀：%2$d"
      (fr) "Jours avec symptômes notés : %1$d · symptômes différents : %2$d"
    resource 0x7f0f0422 string/visit_fact_unconfirmed_note
      () "Unconfirmed means nothing was entered; it is not counted as missed."
      (zh) "未确认表示没有登记，不计为漏服。"
      (b+zh+Hant) "未確認表示沒有登記，不計為漏服。"
      (fr) "Non confirmée signifie que rien n’a été saisi ; ce n’est pas compté comme un oubli."
    resource 0x7f0f0423 string/visit_facts_title
      () "Recorded facts in this period"
      (zh) "本区间已记录的事实"
      (b+zh+Hant) "本區間已記錄的事實"
      (fr) "Faits enregistrés sur la période"
    resource 0x7f0f0424 string/visit_generate
      () "Create visit pack"
      (zh) "生成复诊资料包"
      (b+zh+Hant) "產生複診資料包"
      (fr) "Créer le dossier de consultation"
    resource 0x7f0f0425 string/visit_generated_list
      () "Packs created"
      (zh) "已生成的资料包"
      (b+zh+Hant) "已產生的資料包"
      (fr) "Dossiers créés"
    resource 0x7f0f0426 string/visit_last_pack
      () "Last pack: %1$s"
      (zh) "最近资料包：%1$s"
      (b+zh+Hant) "最近資料包：%1$s"
      (fr) "Dernier dossier : %1$s"
    resource 0x7f0f0427 string/visit_milestones
      () "Milestones"
      (zh) "里程碑"
      (b+zh+Hant) "里程碑"
      (fr) "Jalons"
    resource 0x7f0f0428 string/visit_move_down
      () "Move down"
      (zh) "下移"
      (b+zh+Hant) "下移"
      (fr) "Descendre"
    resource 0x7f0f0429 string/visit_move_up
      () "Move up"
      (zh) "上移"
      (b+zh+Hant) "上移"
      (fr) "Monter"
    resource 0x7f0f042a string/visit_no_section
      () "Choose at least one part."
      (zh) "请至少选择一项。"
      (b+zh+Hant) "請至少選擇一項。"
      (fr) "Choisissez au moins un élément."
    resource 0x7f0f042b string/visit_not_confirmed
      () "Not confirmed as done"
      (zh) "未确认是否已就诊"
      (b+zh+Hant) "未確認是否已就診"
      (fr) "Non confirmée comme faite"
    resource 0x7f0f042c string/visit_pack_title
      () "Visit pack"
      (zh) "复诊资料包"
      (b+zh+Hant) "複診資料包"
      (fr) "Dossier de consultation"
    resource 0x7f0f042d string/visit_packages_current
      () "Current package details; they do not show changes during the period."
      (zh) "当前包装信息，不代表区间内的变化。"
      (b+zh+Hant) "目前包裝資訊，不代表區間內的變化。"
      (fr) "Informations actuelles des boîtes ; elles ne montrent pas les changements sur la période."
    resource 0x7f0f042e string/visit_pdf_note
      () "The pack only contains what you choose. It organises your own entries; it is not a diagnosis and has no concentration curve."
      (zh) "资料包只包含你勾选的内容。它整理的是你自己的记录，不是诊断，也不含浓度曲线。"
      (b+zh+Hant) "資料包只包含你勾選的內容。它整理的是你自己的紀錄，不是診斷，也不含濃度曲線。"
      (fr) "Le dossier ne contient que ce que vous choisissez. Il reprend vos propres saisies ; ce n’est pas un diagnostic et il ne contient pas de courbe de concentration."
    resource 0x7f0f042f string/visit_preview
      () "Preview of the summary"
      (zh) "摘要预览"
      (b+zh+Hant) "摘要預覽"
      (fr) "Aperçu du résumé"
    resource 0x7f0f0430 string/visit_question_add
      () "Add a question"
      (zh) "添加问题"
      (b+zh+Hant) "新增問題"
      (fr) "Ajouter une question"
    resource 0x7f0f0431 string/visit_question_asked
      () "Asked"
      (zh) "已问"
      (b+zh+Hant) "已問"
      (fr) "Posée"
    resource 0x7f0f0432 string/visit_question_count
      () "Questions: %1$d"
      (zh) "问题：%1$d"
      (b+zh+Hant) "問題：%1$d"
      (fr) "Questions : %1$d"
    resource 0x7f0f0433 string/visit_question_open
      () "Not asked yet"
      (zh) "未问"
      (b+zh+Hant) "未問"
      (fr) "Pas encore posée"
    resource 0x7f0f0434 string/visit_question_text
      () "Question"
      (zh) "问题"
      (b+zh+Hant) "問題"
      (fr) "Question"
    resource 0x7f0f0435 string/visit_questions
      () "Questions for this visit"
      (zh) "本次想问的问题"
      (b+zh+Hant) "本次想問的問題"
      (fr) "Questions pour cette consultation"
    resource 0x7f0f0436 string/visit_range_none
      () "No earlier confirmed visit found. The last 90 days are suggested; check the dates."
      (zh) "未找到已确认的上次就诊，暂按最近 90 天，请核对日期。"
      (b+zh+Hant) "未找到已確認的上次就診，暫按最近 90 天，請核對日期。"
      (fr) "Aucune consultation confirmée antérieure. Les 90 derniers jours sont proposés ; vérifiez les dates."
    resource 0x7f0f0437 string/visit_range_previous
      () "Starts at your last confirmed visit (%1$s)."
      (zh) "从上次确认的就诊（%1$s）开始。"
      (b+zh+Hant) "從上次確認的就診（%1$s）開始。"
      (fr) "Commence à votre dernière consultation confirmée (%1$s)."
    resource 0x7f0f0438 string/visit_regimen_versions
      () "Plan versions in this period"
      (zh) "本区间内的方案版本"
      (b+zh+Hant) "本區間內的方案版本"
      (fr) "Versions du traitement sur la période"
    resource 0x7f0f0439 string/visit_section_daily
      () "Daily check-in and notes"
      (zh) "每日状态与备注"
      (b+zh+Hant) "每日狀態與備註"
      (fr) "Suivi quotidien et notes"
    resource 0x7f0f043a string/visit_section_facts
      () "Summary of recorded facts"
      (zh) "事实摘要"
      (b+zh+Hant) "事實摘要"
      (fr) "Résumé des faits enregistrés"
    resource 0x7f0f043b string/visit_section_intakes
      () "Intake records"
      (zh) "服药记录"
      (b+zh+Hant) "服藥紀錄"
      (fr) "Prises"
    resource 0x7f0f043c string/visit_section_labs
      () "Lab results and sampling context"
      (zh) "化验与采样上下文"
      (b+zh+Hant) "檢驗與採樣上下文"
      (fr) "Analyses et contexte du prélèvement"
    resource 0x7f0f043d string/visit_section_milestones
      () "Milestones"
      (zh) "里程碑"
      (b+zh+Hant) "里程碑"
      (fr) "Jalons"
    resource 0x7f0f043e string/visit_section_packages
      () "Package source / batch"
      (zh) "包装来源/批号"
      (b+zh+Hant) "包裝來源／批號"
      (fr) "Provenance / lot des boîtes"
    resource 0x7f0f043f string/visit_section_questions
      () "Questions"
      (zh) "问题清单"
      (b+zh+Hant) "問題清單"
      (fr) "Questions"
    resource 0x7f0f0440 string/visit_section_regimen
      () "Plan and plan versions"
      (zh) "方案与方案变化"
      (b+zh+Hant) "方案與方案變化"
      (fr) "Traitement et ses versions"
    resource 0x7f0f0441 string/visit_section_reviews
      () "Periodic reviews"
      (zh) "阶段回顾"
      (b+zh+Hant) "階段回顧"
      (fr) "Bilans périodiques"
    resource 0x7f0f0442 string/visit_section_symptoms
      () "Symptom log"
      (zh) "症状记录"
      (b+zh+Hant) "症狀紀錄"
      (fr) "Journal des symptômes"
    resource 0x7f0f0443 string/visit_sections
      () "Include"
      (zh) "包含内容"
      (b+zh+Hant) "包含內容"
      (fr) "Contenu"
    resource 0x7f0f0444 string/visit_sections_private
      () "Package source/batch and milestones are off by default; tick them only if you want to share them."
      (zh) "包装来源/批号和里程碑默认不包含，需要分享时再勾选。"
      (b+zh+Hant) "包裝來源／批號與里程碑預設不包含，需要分享時再勾選。"
      (fr) "La provenance/le lot et les jalons sont exclus par défaut ; cochez-les seulement si vous voulez les partager."
    resource 0x7f0f0445 string/visit_unconfirm
      () "Undo confirmation"
      (zh) "撤销确认"
      (b+zh+Hant) "撤銷確認"
      (fr) "Annuler la confirmation"
    resource 0x7f0f0446 string/visits
      () "Visits"
      (zh) "复诊"
      (b+zh+Hant) "複診"
      (fr) "Consultations"
    resource 0x7f0f0447 string/visits_empty
      () "No appointments yet. Add one here or from the calendar."
      (zh) "还没有预约。可在此处或日历中添加。"
      (b+zh+Hant) "還沒有預約。可在此處或日曆中新增。"
      (fr) "Aucun rendez-vous. Ajoutez-en un ici ou depuis le calendrier."
    resource 0x7f0f0448 string/visits_past
      () "Past"
      (zh) "已过去"
      (b+zh+Hant) "已過去"
      (fr) "Passés"
    resource 0x7f0f0449 string/visits_upcoming
      () "Upcoming"
      (zh) "即将到来"
      (b+zh+Hant) "即將到來"
      (fr) "À venir"
    resource 0x7f0f044a string/wb_about_symptoms
      () "About these symptoms"
      (zh) "关于这些症状"
      (b+zh+Hant) "關於這些症狀"
      (fr) "À propos de ces symptômes"
    resource 0x7f0f044b string/wb_aggressiveness
      () "Irritability"
      (zh) "易怒"
      (b+zh+Hant) "易怒"
      (fr) "Irritabilité"
    resource 0x7f0f044c string/wb_appetite
      () "Appetite"
      (zh) "食欲"
      (b+zh+Hant) "食慾"
      (fr) "Appétit"
    resource 0x7f0f044d string/wb_archived_fr
      () "Withdrawn in France; archived leaflet"
      (zh) "法国已停售；说明书为归档版本"
      (b+zh+Hant) "法國已停售；說明書為封存版本"
      (fr) "Retiré en France ; notice archivée"
    resource 0x7f0f044e string/wb_batch
      () "Batch (optional)"
      (zh) "批号（选填）"
      (b+zh+Hant) "批號（選填）"
      (fr) "Lot (facultatif)"
    resource 0x7f0f044f string/wb_clear
      () "Clear entry"
      (zh) "清除记录"
      (b+zh+Hant) "清除紀錄"
      (fr) "Effacer la saisie"
    resource 0x7f0f0450 string/wb_context_unknown
      () "The original medication and source context was not saved."
      (zh) "未保存当时的药物和来源上下文。"
      (b+zh+Hant) "未儲存當時的藥物和來源上下文。"
      (fr) "Le contexte des médicaments et des sources au moment de la saisie n’a pas été enregistré."
    resource 0x7f0f0451 string/wb_custom
      () "New item"
      (zh) "新项目"
      (b+zh+Hant) "新項目"
      (fr) "Nouvel élément"
    resource 0x7f0f0452 string/wb_custom_group
      () "Your items"
      (zh) "自定义条目"
      (b+zh+Hant) "自訂條目"
      (fr) "Vos éléments"
    resource 0x7f0f0453 string/wb_daily
      () "Today"
      (zh) "今天"
      (b+zh+Hant) "今天"
      (fr) "Aujourd’hui"
    resource 0x7f0f0454 string/wb_day_body
      () "Physical comfort"
      (zh) "身体舒适度"
      (b+zh+Hant) "身體舒適度"
      (fr) "Confort physique"
    resource 0x7f0f0455 string/wb_day_energy
      () "Energy"
      (zh) "精力"
      (b+zh+Hant) "精力"
      (fr) "Énergie"
    resource 0x7f0f0456 string/wb_day_mood
      () "Today’s mood"
      (zh) "今天的心情"
      (b+zh+Hant) "今天的心情"
      (fr) "Humeur du jour"
    resource 0x7f0f0457 string/wb_day_sleep
      () "How you slept"
      (zh) "睡得怎么样"
      (b+zh+Hant) "睡得怎麼樣"
      (fr) "Votre sommeil"
    resource 0x7f0f0458 string/wb_diastolic
      () "Diastolic blood pressure (mmHg), optional"
      (zh) "舒张压（mmHg，选填）"
      (b+zh+Hant) "舒張壓（mmHg，選填）"
      (fr) "Pression diastolique (mmHg), facultative"
    resource 0x7f0f0459 string/wb_effect_body_hair
      () "Body hair"
      (zh) "体毛变化"
      (b+zh+Hant) "體毛變化"
      (fr) "Pilosité corporelle"
    resource 0x7f0f045a string/wb_effect_breasts
      () "Breast development"
      (zh) "乳房发育"
      (b+zh+Hant) "乳房發育"
      (fr) "Développement mammaire"
    resource 0x7f0f045b string/wb_effect_erections
      () "Spontaneous erections"
      (zh) "自发勃起变化"
      (b+zh+Hant) "自發勃起變化"
      (fr) "Érections spontanées"
    resource 0x7f0f045c string/wb_effect_estimates
      () "The two sources give different estimates based on clinical observations; these are not targets for your records."
      (zh) "两份来源的时间估计不同，基于临床观察，不用于对比你的记录。"
      (b+zh+Hant) "兩份來源的時間估計不同，基於臨床觀察，不用於對比你的紀錄。"
      (fr) "Les estimations des deux sources diffèrent et reposent sur des observations cliniques ; elles ne sont pas des objectifs pour votre journal."
    resource 0x7f0f045d string/wb_effect_fat
      () "Body fat distribution"
      (zh) "体脂分布变化"
      (b+zh+Hant) "體脂分布變化"
      (fr) "Répartition de la graisse corporelle"
    resource 0x7f0f045e string/wb_effect_libido
      () "Sexual desire"
      (zh) "性欲变化"
      (b+zh+Hant) "性慾變化"
      (fr) "Désir sexuel"
    resource 0x7f0f045f string/wb_effect_maximum
      () "Maximum"
      (zh) "最大"
      (b+zh+Hant) "最大"
      (fr) "Maximum"
    resource 0x7f0f0460 string/wb_effect_muscle
      () "Muscle mass and strength"
      (zh) "肌肉量和力量变化"
      (b+zh+Hant) "肌肉量和力量變化"
      (fr) "Masse et force musculaires"
    resource 0x7f0f0461 string/wb_effect_onset
      () "Onset"
      (zh) "开始"
      (b+zh+Hant) "開始"
      (fr) "Début"
    resource 0x7f0f0462 string/wb_effect_scalp_hair
      () "Scalp hair"
      (zh) "头发变化"
      (b+zh+Hant) "頭髮變化"
      (fr) "Cheveux"
    resource 0x7f0f0463 string/wb_effect_skin
      () "Skin softness and oiliness"
      (zh) "皮肤柔软度与出油变化"
      (b+zh+Hant) "皮膚柔軟度與出油變化"
      (fr) "Souplesse et sébum de la peau"
    resource 0x7f0f0464 string/wb_effect_testes
      () "Testicular volume"
      (zh) "睾丸体积变化"
      (b+zh+Hant) "睪丸體積變化"
      (fr) "Volume testiculaire"
    resource 0x7f0f0465 string/wb_effects
      () "Effects"
      (zh) "效果"
      (b+zh+Hant) "效果"
      (fr) "Effets"
    resource 0x7f0f0466 string/wb_emo_stability
      () "Mood swings"
      (zh) "情绪起伏"
      (b+zh+Hant) "情緒起伏"
      (fr) "Variations d'humeur"
    resource 0x7f0f0467 string/wb_energy
      () "Energy"
      (zh) "精力"
      (b+zh+Hant) "精力"
      (fr) "Énergie"
    resource 0x7f0f0468 string/wb_high_body
      () "Very comfortable"
      (zh) "很舒服"
      (b+zh+Hant) "很舒服"
      (fr) "Très confortable"
    resource 0x7f0f0469 string/wb_high_energy
      () "Full of energy"
      (zh) "很充沛"
      (b+zh+Hant) "很充沛"
      (fr) "Plein d’énergie"
    resource 0x7f0f046a string/wb_high_mood
      () "Very good"
      (zh) "很好"
      (b+zh+Hant) "很好"
      (fr) "Très bonne"
    resource 0x7f0f046b string/wb_high_sleep
      () "Very good"
      (zh) "很好"
      (b+zh+Hant) "很好"
      (fr) "Très bon"
    resource 0x7f0f046c string/wb_libido
      () "Sex drive"
      (zh) "性欲"
      (b+zh+Hant) "性慾"
      (fr) "Désir sexuel"
    resource 0x7f0f046d string/wb_low_body
      () "Very uncomfortable"
      (zh) "很不舒服"
      (b+zh+Hant) "很不舒服"
      (fr) "Très inconfortable"
    resource 0x7f0f046e string/wb_low_energy
      () "Exhausted"
      (zh) "很疲惫"
      (b+zh+Hant) "很疲憊"
      (fr) "Épuisé·e"
    resource 0x7f0f046f string/wb_low_mood
      () "Very low"
      (zh) "很低落"
      (b+zh+Hant) "很低落"
      (fr) "Très basse"
    resource 0x7f0f0470 string/wb_low_sleep
      () "Very poor"
      (zh) "很差"
      (b+zh+Hant) "很差"
      (fr) "Très mauvais"
    resource 0x7f0f0471 string/wb_manage
      () "Choose items"
      (zh) "管理项目"
      (b+zh+Hant) "管理項目"
      (fr) "Choisir les éléments"
    resource 0x7f0f0472 string/wb_monitoring
      () "Official monitoring recommendations — France"
      (zh) "官方监测建议／法国的规定"
      (b+zh+Hant) "官方監測建議／法國的規定"
      (fr) "Surveillance officielle — règles françaises"
    resource 0x7f0f0473 string/wb_mood
      () "Mood"
      (zh) "情绪"
      (b+zh+Hant) "情緒"
      (fr) "Humeur"
    resource 0x7f0f0474 string/wb_move_down
      () "Move down"
      (zh) "下移"
      (b+zh+Hant) "下移"
      (fr) "Descendre"
    resource 0x7f0f0475 string/wb_move_up
      () "Move up"
      (zh) "上移"
      (b+zh+Hant) "上移"
      (fr) "Monter"
    resource 0x7f0f0476 string/wb_no
      () "No"
      (zh) "否"
      (b+zh+Hant) "否"
      (fr) "Non"
    resource 0x7f0f0477 string/wb_no_data
      () "No ratings in this period."
      (zh) "这段时间还没有打分。"
      (b+zh+Hant) "這段時間還沒有打分。"
      (fr) "Aucune note sur cette période."
    resource 0x7f0f0478 string/wb_not_yet
      () "Not noticed yet"
      (zh) "还没注意到"
      (b+zh+Hant) "還沒注意到"
      (fr) "Pas encore remarqué"
    resource 0x7f0f0479 string/wb_note
      () "Notes for the day"
      (zh) "当天备注"
      (b+zh+Hant) "當天備註"
      (fr) "Notes du jour"
    resource 0x7f0f047a string/wb_noticed
      () "Change noticed"
      (zh) "注意到变化"
      (b+zh+Hant) "注意到變化"
      (fr) "Changement remarqué"
    resource 0x7f0f047b string/wb_optional_note
      () "Note (optional)"
      (zh) "备注（选填）"
      (b+zh+Hant) "備註（選填）"
      (fr) "Note (facultative)"
    resource 0x7f0f047c string/wb_other_tolerance
      () "Other discomfort or side effects this period"
      (zh) "本阶段的其他不适或副作用"
      (b+zh+Hant) "本階段的其他不適或副作用"
      (fr) "Autres gênes ou effets indésirables pendant cette période"
    resource 0x7f0f047d string/wb_overall
      () "Overall feeling"
      (zh) "总体感受"
      (b+zh+Hant) "整體感受"
      (fr) "Ressenti général"
    resource 0x7f0f047e string/wb_package_info
      () "Package details"
      (zh) "包装信息"
      (b+zh+Hant) "包裝資訊"
      (fr) "Détails du conditionnement"
    resource 0x7f0f047f string/wb_pain
      () "Pain"
      (zh) "疼痛"
      (b+zh+Hant) "疼痛"
      (fr) "Douleur"
    resource 0x7f0f0480 string/wb_period_like
      () "Cyclic discomfort"
      (zh) "周期性不适"
      (b+zh+Hant) "週期性不適"
      (fr) "Inconfort cyclique"
    resource 0x7f0f0481 string/wb_period_symptoms
      () "Symptoms recorded since the previous review"
      (zh) "上次回顾以来记录的症状"
      (b+zh+Hant) "上次回顧以來記錄的症狀"
      (fr) "Symptômes notés depuis le bilan précédent"
    resource 0x7f0f0482 string/wb_previous
      () "Previous items"
      (zh) "以前的条目"
      (b+zh+Hant) "以前的條目"
      (fr) "Éléments précédents"
    resource 0x7f0f0483 string/wb_prompt
      () "Recorded. Rate how you feel today?"
      (zh) "已记录。要记一下今天的身心状态吗？"
      (b+zh+Hant) "已記錄。要記一下今天的身心狀態嗎？"
      (fr) "Enregistré. Noter comment vous allez aujourd'hui ?"
    resource 0x7f0f0484 string/wb_prompt_action
      () "Rate"
      (zh) "去记录"
      (b+zh+Hant) "去記錄"
      (fr) "Noter"
    resource 0x7f0f0485 string/wb_prompt_setting
      () "Ask after an intake"
      (zh) "服药后提醒记录"
      (b+zh+Hant) "服藥後提醒記錄"
      (fr) "Proposer après une prise"
    resource 0x7f0f0486 string/wb_prompt_setting_desc
      () "After recording an intake, offer to rate the day if you haven't yet"
      (zh) "记录服药后，如果当天还没打分，提示去记录身心状态"
      (b+zh+Hant) "記錄服藥後，如果當天還沒打分，提示去記錄身心狀態"
      (fr) "Après une prise, proposer de noter la journée si ce n'est pas fait"
    resource 0x7f0f0487 string/wb_recorded_days
      () "Recorded days: %1$d"
      (zh) "记录了 %1$d 天"
      (b+zh+Hant) "記錄了 %1$d 天"
      (fr) "%1$d jours renseignés"
    resource 0x7f0f0488 string/wb_region
      () "Region"
      (zh) "地区"
      (b+zh+Hant) "地區"
      (fr) "Région"
    resource 0x7f0f0489 string/wb_region_cn
      () "Mainland China"
      (zh) "中国大陆"
      (b+zh+Hant) "中國大陸"
      (fr) "Chine continentale"
    resource 0x7f0f048a string/wb_region_fr
      () "France"
      (zh) "法国"
      (b+zh+Hant) "法國"
      (fr) "France"
    resource 0x7f0f048b string/wb_region_help
      () "Independent of language. Only country rules and reporting information depend on this choice."
      (zh) "与界面语言独立，仅影响地区规定和不良反应上报信息。"
      (b+zh+Hant) "與介面語言獨立，僅影響地區規定和不良反應通報資訊。"
      (fr) "Indépendante de la langue. Ce choix ne modifie que les règles nationales et les informations de signalement."
    resource 0x7f0f048c string/wb_region_hk
      () "Hong Kong"
      (zh) "香港"
      (b+zh+Hant) "香港"
      (fr) "Hong Kong"
    resource 0x7f0f048d string/wb_region_other
      () "Other"
      (zh) "其他"
      (b+zh+Hant) "其他"
      (fr) "Autre"
    resource 0x7f0f048e string/wb_region_tw
      () "Taiwan"
      (zh) "台湾"
      (b+zh+Hant) "臺灣"
      (fr) "Taïwan"
    resource 0x7f0f048f string/wb_region_unset
      () "Not selected"
      (zh) "未选择"
      (b+zh+Hant) "未選擇"
      (fr) "Non sélectionnée"
    resource 0x7f0f0490 string/wb_review_delete_confirm
      () "Delete this periodic review? Its entries will be removed."
      (zh) "删除这次阶段回顾？其中的记录会被移除。"
      (b+zh+Hant) "刪除這次階段回顧？其中的紀錄會被移除。"
      (fr) "Supprimer ce bilan périodique ? Ses saisies seront supprimées."
    resource 0x7f0f0491 string/wb_review_empty
      () "No periodic reviews yet"
      (zh) "还没有阶段回顾"
      (b+zh+Hant) "還沒有階段回顧"
      (fr) "Aucun bilan périodique"
    resource 0x7f0f0492 string/wb_review_intro
      () "These four aspects come from the clinician interview in France’s HAS 2025 recommendation R40. This is your personal record, not a diagnostic tool."
      (zh) "这四个方面来自法国 HAS 2025 推荐 R40 中医生复诊时的问诊内容。这里只供你自己记录，不是诊断工具。"
      (b+zh+Hant) "這四個方面來自法國 HAS 2025 推薦 R40 中醫師複診時的問診內容。這裡只供你自己記錄，不是診斷工具。"
      (fr) "Ces quatre aspects viennent de l’entretien clinique de la recommandation R40 de la HAS 2025. Il s’agit de votre journal personnel, pas d’un outil diagnostique."
    resource 0x7f0f0493 string/wb_review_new
      () "New review"
      (zh) "新建回顾"
      (b+zh+Hant) "新增回顧"
      (fr) "Nouveau bilan"
    resource 0x7f0f0494 string/wb_review_weight
      () "Weight (kg), optional"
      (zh) "体重（kg，选填）"
      (b+zh+Hant) "體重（kg，選填）"
      (fr) "Poids (kg), facultatif"
    resource 0x7f0f0495 string/wb_reviews
      () "Periodic review"
      (zh) "阶段回顾"
      (b+zh+Hant) "階段回顧"
      (fr) "Bilan périodique"
    resource 0x7f0f0496 string/wb_risk_note
      () "Changes in health or other medications"
      (zh) "本阶段健康情况或其他用药的变化"
      (b+zh+Hant) "本階段健康情況或其他用藥的變化"
      (fr) "Changements de santé ou d’autres médicaments"
    resource 0x7f0f0497 string/wb_risks
      () "Risk factors"
      (zh) "风险因素"
      (b+zh+Hant) "風險因素"
      (fr) "Facteurs de risque"
    resource 0x7f0f0498 string/wb_satisfaction
      () "Satisfaction"
      (zh) "满意度"
      (b+zh+Hant) "滿意度"
      (fr) "Satisfaction"
    resource 0x7f0f0499 string/wb_satisfaction_high
      () "Very satisfied"
      (zh) "很满意"
      (b+zh+Hant) "很滿意"
      (fr) "Très satisfait·e"
    resource 0x7f0f049a string/wb_satisfaction_low
      () "Very dissatisfied"
      (zh) "很不满意"
      (b+zh+Hant) "很不滿意"
      (fr) "Très insatisfait·e"
    resource 0x7f0f049b string/wb_skin
      () "Skin"
      (zh) "皮肤"
      (b+zh+Hant) "皮膚"
      (fr) "Peau"
    resource 0x7f0f049c string/wb_sleep
      () "Sleep quality"
      (zh) "睡眠质量"
      (b+zh+Hant) "睡眠質量"
      (fr) "Qualité du sommeil"
    resource 0x7f0f049d string/wb_smoking
      () "Smoking"
      (zh) "是否吸烟"
      (b+zh+Hant) "是否吸菸"
      (fr) "Tabagisme"
    resource 0x7f0f049e string/wb_source
      () "Source"
      (zh) "来源"
      (b+zh+Hant) "來源"
      (fr) "Source"
    resource 0x7f0f049f string/wb_source_note
      () "Medication source (optional)"
      (zh) "药物来源（选填）"
      (b+zh+Hant) "藥物來源（選填）"
      (fr) "Provenance du médicament (facultative)"
    resource 0x7f0f04a0 string/wb_sources
      () "Source quotations"
      (zh) "来源原话"
      (b+zh+Hant) "來源原話"
      (fr) "Citations des sources"
    resource 0x7f0f04a1 string/wb_stats
      () "Trends"
      (zh) "趋势统计"
      (b+zh+Hant) "趨勢統計"
      (fr) "Tendances"
    resource 0x7f0f04a2 string/wb_sublingual
      () "The oral tablet leaflet does not cover sublingual use."
      (zh) "口服片说明书未涉及舌下用法。"
      (b+zh+Hant) "口服錠說明書未涉及舌下用法。"
      (fr) "La notice des comprimés oraux ne couvre pas l’utilisation sublinguale."
    resource 0x7f0f04a3 string/wb_summary
      () "Appointment summary"
      (zh) "复诊摘要"
      (b+zh+Hant) "複診摘要"
      (fr) "Résumé de consultation"
    resource 0x7f0f04a4 string/wb_summary_footer
      () "Recorded by the user; this summary is not a diagnosis."
      (zh) "本摘要由用户自行记录，不是诊断。"
      (b+zh+Hant) "本摘要由使用者自行記錄，不是診斷。"
      (fr) "Ce résumé est renseigné par la personne ; il ne constitue pas un diagnostic."
    resource 0x7f0f04a5 string/wb_symptom_checked
      () "Noticed today"
      (zh) "今天注意到"
      (b+zh+Hant) "今天注意到"
      (fr) "Remarqué aujourd’hui"
    resource 0x7f0f04a6 string/wb_symptom_none
      () "No symptoms listed by official sources"
      (zh) "官方来源未列出"
      (b+zh+Hant) "官方來源未列出"
      (fr) "Non indiqué par les sources officielles"
    resource 0x7f0f04a7 string/wb_symptom_unknown
      () "No official information available"
      (zh) "无官方资料"
      (b+zh+Hant) "無官方資料"
      (fr) "Aucune information officielle disponible"
    resource 0x7f0f04a8 string/wb_symptoms
      () "Symptom log"
      (zh) "症状记录"
      (b+zh+Hant) "症狀紀錄"
      (fr) "Journal des symptômes"
    resource 0x7f0f04a9 string/wb_symptoms_help
      () "Names are neutral translations. Open each source to read its exact wording. Entries are personal records, without scoring or interpretation."
      (zh) "名称为中性译名。展开来源查看原文原话。勾选仅用于个人记录，不计分、不解读。"
      (b+zh+Hant) "名稱為中性譯名。展開來源查看原文原話。勾選僅用於個人紀錄，不計分、不解讀。"
      (fr) "Les noms sont des traductions neutres. Ouvrez les sources pour lire les citations exactes. Les saisies personnelles ne sont ni notées ni interprétées."
    resource 0x7f0f04aa string/wb_systolic
      () "Systolic blood pressure (mmHg), optional"
      (zh) "收缩压（mmHg，选填）"
      (b+zh+Hant) "收縮壓（mmHg，選填）"
      (fr) "Pression systolique (mmHg), facultative"
    resource 0x7f0f04ab string/wb_third_party
      () "Verified third-party reproduction"
      (zh) "已核实（第三方转载）"
      (b+zh+Hant) "已核實（第三方轉載）"
      (fr) "Reproduction tierce vérifiée"
    resource 0x7f0f04ac string/wb_tolerance
      () "Tolerance"
      (zh) "耐受"
      (b+zh+Hant) "耐受"
      (fr) "Tolérance"
    resource 0x7f0f04ad string/wb_unofficial
      () "Translation (unofficial)"
      (zh) "译文（非官方）"
      (b+zh+Hant) "譯文（非官方）"
      (fr) "Traduction (non officielle)"
    resource 0x7f0f04ae string/wb_unrecorded
      () "Not recorded"
      (zh) "未记录"
      (b+zh+Hant) "未記錄"
      (fr) "Non renseigné"
    resource 0x7f0f04af string/wb_unsure
      () "Unsure"
      (zh) "不确定"
      (b+zh+Hant) "不確定"
      (fr) "Incertain"
    resource 0x7f0f04b0 string/wb_viewed
      () "Viewed: %1$s"
      (zh) "查看日期：%1$s"
      (b+zh+Hant) "查看日期：%1$s"
      (fr) "Consulté le : %1$s"
    resource 0x7f0f04b1 string/weekdays_label
      () "Days of the week"
      (zh) "星期几"
      (b+zh+Hant) "星期幾"
      (fr) "Jours de la semaine"
    resource 0x7f0f04b2 string/weekdays_required
      () "Choose at least one day."
      (zh) "至少选择一天。"
      (b+zh+Hant) "至少選擇一天。"
      (fr) "Choisissez au moins un jour."
    resource 0x7f0f04b3 string/wellbeing
      () "Well-being"
      (zh) "身心状态"
      (b+zh+Hant) "身心狀態"
      (fr) "Bien-être"
    resource 0x7f0f04b4 string/wipe
      () "Delete all data"
      (zh) "删除全部数据"
      (b+zh+Hant) "刪除全部資料"
      (fr) "Supprimer toutes les données"
    resource 0x7f0f04b5 string/wipe_action
      () "Delete everything"
      (zh) "全部删除"
      (b+zh+Hant) "全部刪除"
      (fr) "Tout supprimer"
    resource 0x7f0f04b6 string/wipe_body
      () "This permanently deletes every record on this device. Export a backup first if you may need it. Type %1$s to confirm."
      (zh) "这会永久删除这台设备上的全部记录。如果以后可能还需要，请先导出备份。输入"%1$s"以确认。"
      (b+zh+Hant) "這會永久刪除這台裝置上的全部記錄。如果以後可能還需要，請先匯出備份。輸入"%1$s"以確認。"
      (fr) "Toutes les données de cet appareil seront définitivement supprimées. Exportez d'abord une sauvegarde si besoin. Tapez %1$s pour confirmer."
    resource 0x7f0f04b7 string/wipe_desc
      () "Database, key, reminders and settings. Cannot be undone."
      (zh) "数据库、密钥、提醒和设置，无法撤销。"
      (b+zh+Hant) "資料庫、金鑰、提醒和設定，無法撤銷。"
      (fr) "Base, clé, rappels et réglages. Irréversible."
    resource 0x7f0f04b8 string/wipe_word
      () "DELETE"
      (zh) "删除"
      (b+zh+Hant) "刪除"
      (fr) "SUPPRIMER"
    resource 0x7f0f04b9 string/working
      () "Working…"
      (zh) "处理中…"
      (b+zh+Hant) "處理中…"
      (fr) "En cours…"
    resource 0x7f0f04ba string/yes
      () "Confirm"
      (zh) "确认"
      (b+zh+Hant) "確認"
      (fr) "Confirmer"
    resource 0x7f0f04bb string/yesterday
      () "Yesterday"
      (zh) "昨天"
      (b+zh+Hant) "昨天"
      (fr) "Hier"
  type style id=10 entryCount=208
    resource 0x7f100000 style/AlertDialog.AppCompat
      () (style) size=0 parent=style/Base.AlertDialog.AppCompat (0x7f100005)
    resource 0x7f100001 style/AlertDialog.AppCompat.Light
      () (style) size=0 parent=style/Base.AlertDialog.AppCompat.Light (0x7f100006)
    resource 0x7f100002 style/Animation.AppCompat.Dialog
      () (style) size=0 parent=style/Base.Animation.AppCompat.Dialog (0x7f100007)
    resource 0x7f100003 style/Animation.AppCompat.DropDownUp
      () (style) size=0 parent=style/Base.Animation.AppCompat.DropDownUp (0x7f100008)
    resource 0x7f100005 style/Base.AlertDialog.AppCompat
      () (style) size=6 parent=0x01030012
        0x010100f2=@layout/abc_alert_dialog_material
        buttonIconDimen(0x7f040041)=@dimen/abc_alert_dialog_button_dimen
        listItemLayout(0x7f0400a5)=@layout/select_dialog_item_material
        listLayout(0x7f0400a6)=@layout/abc_select_dialog_material
        multiChoiceItemLayout(0x7f0400b5)=@layout/select_dialog_multichoice_material
        singleChoiceItemLayout(0x7f0400db)=@layout/select_dialog_singlechoice_material
    resource 0x7f100006 style/Base.AlertDialog.AppCompat.Light
      () (style) size=0 parent=style/Base.AlertDialog.AppCompat (0x7f100005)
    resource 0x7f100007 style/Base.Animation.AppCompat.Dialog
      () (style) size=2 parent=0x01030000
        0x010100b4=@anim/abc_popup_enter
        0x010100b5=@anim/abc_popup_exit
    resource 0x7f100008 style/Base.Animation.AppCompat.DropDownUp
      () (style) size=2 parent=0x01030000
        0x010100b4=@anim/abc_grow_fade_in_from_bottom
        0x010100b5=@anim/abc_shrink_fade_out_from_bottom
    resource 0x7f10000a style/Base.DialogWindowTitle.AppCompat
      () (style) size=3 parent=0x01030012
        0x01010034=@style/TextAppearance.AppCompat.Title
        0x01010153=1
        0x0101015b=true
    resource 0x7f10000b style/Base.DialogWindowTitleBackground.AppCompat
      () (style) size=4 parent=0x01030012
        0x010100d4=@null
        0x010100d6=?attr/dialogPreferredPadding
        0x010100d7=@dimen/abc_dialog_padding_top_material
        0x010100d8=?attr/dialogPreferredPadding
    resource 0x7f10000c style/Base.TextAppearance.AppCompat
      () (style) size=0 parent=0x010301ed
    resource 0x7f10000d style/Base.TextAppearance.AppCompat.Body1
      () (style) size=0 parent=0x010301f0
    resource 0x7f10001f style/Base.TextAppearance.AppCompat.SearchResult.Subtitle
      () (style) size=0 parent=0x01030204
    resource 0x7f100020 style/Base.TextAppearance.AppCompat.SearchResult.Title
      () (style) size=0 parent=0x01030205
    resource 0x7f100023 style/Base.TextAppearance.AppCompat.Subhead
      () (style) size=0 parent=0x01030208
    resource 0x7f100025 style/Base.TextAppearance.AppCompat.Title
      () (style) size=0 parent=0x01030209
    resource 0x7f100028 style/Base.TextAppearance.AppCompat.Widget.ActionBar.Menu
      () (style) size=0 parent=0x0103020c
    resource 0x7f100029 style/Base.TextAppearance.AppCompat.Widget.ActionBar.Subtitle
      () (style) size=0 parent=0x0103020d
    resource 0x7f10002b style/Base.TextAppearance.AppCompat.Widget.ActionBar.Title
      () (style) size=0 parent=0x0103020f
    resource 0x7f10002d style/Base.TextAppearance.AppCompat.Widget.ActionMode.Subtitle
      () (style) size=0 parent=0x01030211
    resource 0x7f10002e style/Base.TextAppearance.AppCompat.Widget.ActionMode.Title
      () (style) size=0 parent=0x01030213
    resource 0x7f10002f style/Base.TextAppearance.AppCompat.Widget.Button
      () (style) size=0 parent=0x01030215
    resource 0x7f100034 style/Base.TextAppearance.AppCompat.Widget.PopupMenu.Header
      () (style) size=3 parent=style/TextAppearance.AppCompat (0x7f1000c0)
        0x01010095=@dimen/abc_text_size_menu_header_material
        0x01010098=?0x01010038
        0x010103ac="sans-serif-medium"
    resource 0x7f100035 style/Base.TextAppearance.AppCompat.Widget.PopupMenu.Large
      () (style) size=0 parent=0x0103021b
    resource 0x7f100036 style/Base.TextAppearance.AppCompat.Widget.PopupMenu.Small
      () (style) size=0 parent=0x0103021c
    resource 0x7f100037 style/Base.TextAppearance.AppCompat.Widget.Switch
      () (style) size=0 parent=0x010301ee
    resource 0x7f10003a style/Base.TextAppearance.Widget.AppCompat.Toolbar.Subtitle
      () (style) size=0 parent=0x0103020d
    resource 0x7f10003b style/Base.TextAppearance.Widget.AppCompat.Toolbar.Title
      () (style) size=0 parent=0x0103020f
    resource 0x7f10003c style/Base.Theme.AppCompat
      () (style) size=0 parent=style/Base.V26.Theme.AppCompat (0x7f10005a)
      (v28) (style) size=0 parent=style/Base.V28.Theme.AppCompat (0x7f10005d)
    resource 0x7f10003d style/Base.Theme.AppCompat.CompactMenu
      () (style) size=3
        0x01010074=@style/Widget.AppCompat.ListView.Menu
        0x010100ae=@style/Animation.AppCompat.DropDownUp
        0x0101012c=?0x01010041
    resource 0x7f100043 style/Base.Theme.AppCompat.Light
      () (style) size=0 parent=style/Base.V26.Theme.AppCompat.Light (0x7f10005b)
      (v28) (style) size=0 parent=style/Base.V28.Theme.AppCompat.Light (0x7f10005e)
    resource 0x7f10004a style/Base.ThemeOverlay.AppCompat
      () (style) size=0 parent=style/Platform.ThemeOverlay.AppCompat (0x7f1000a7)
    resource 0x7f10004b style/Base.ThemeOverlay.AppCompat.ActionBar
      () (style) size=2 parent=style/Base.ThemeOverlay.AppCompat (0x7f10004a)
        colorControlNormal(0x7f040056)=?0x01010036
        searchViewStyle(0x7f0400d2)=@style/Widget.AppCompat.SearchView.ActionBar
    resource 0x7f10004e style/Base.ThemeOverlay.AppCompat.Dialog
      () (style) size=0 parent=style/Base.V21.ThemeOverlay.AppCompat.Dialog (0x7f100055)
      (watch) (style) size=2 parent=style/Base.V21.ThemeOverlay.AppCompat.Dialog (0x7f100055)
        0x01010057=false
        0x01010490=0.000000dp
    resource 0x7f10004f style/Base.ThemeOverlay.AppCompat.Dialog.Alert
      () (style) size=2 parent=style/Base.ThemeOverlay.AppCompat.Dialog (0x7f10004e)
        0x01010356=@dimen/abc_dialog_min_width_major
        0x01010357=@dimen/abc_dialog_min_width_minor
    resource 0x7f100051 style/Base.V21.Theme.AppCompat
      () (style) size=32 parent=style/Base.V7.Theme.AppCompat (0x7f10005f)
        0x01010429=?attr/colorControlNormal
        0x0101042a=?attr/colorControlActivated
        0x0101042b=?attr/colorButtonNormal
        0x0101042c=?attr/colorControlHighlight
        0x01010433=?attr/colorPrimary
        0x01010434=?attr/colorPrimaryDark
        0x01010435=?attr/colorAccent
        actionBarDivider(0x7f040000)=?0x0101039b
        actionBarItemBackground(0x7f040001)=@drawable/abc_action_bar_item_background_material
        actionBarSize(0x7f040003)=?0x010102eb
        actionButtonStyle(0x7f04000b)=?0x010102d8
        actionModeBackground(0x7f040010)=?0x010102db
        actionModeCloseDrawable(0x7f040013)=?0x010102dc
        borderlessButtonStyle(0x7f040039)=?0x0101032b
        buttonStyle(0x7f040043)=?0x01010048
        buttonStyleSmall(0x7f040044)=?0x01010049
        checkboxStyle(0x7f04004a)=?0x0101006c
        checkedTextViewStyle(0x7f04004b)=?0x010103c8
        dividerHorizontal(0x7f04006b)=?0x0101032c
        dividerVertical(0x7f04006d)=?0x0101030a
        editTextBackground(0x7f04007a)=@drawable/abc_edit_text_material
        editTextColor(0x7f04007b)=?0x01010351
        homeAsUpIndicator(0x7f040092)=?0x0101030b
        listChoiceBackgroundIndicator(0x7f0400a1)=?0x010102f0
        listPreferredItemHeightSmall(0x7f0400ab)=?0x01010387
        radioButtonStyle(0x7f0400cc)=?0x0101007e
        ratingBarStyle(0x7f0400cd)=?0x0101007c
        selectableItemBackground(0x7f0400d4)=?0x0101030e
        selectableItemBackgroundBorderless(0x7f0400d5)=?0x0101045c
        spinnerStyle(0x7f0400de)=?0x01010081
        textAppearanceLargePopupMenu(0x7f0400ee)=?0x01010301
        textAppearanceSmallPopupMenu(0x7f0400f5)=?0x01010302
    resource 0x7f100053 style/Base.V21.Theme.AppCompat.Light
      () (style) size=32 parent=style/Base.V7.Theme.AppCompat.Light (0x7f100061)
        0x01010429=?attr/colorControlNormal
        0x0101042a=?attr/colorControlActivated
        0x0101042b=?attr/colorButtonNormal
        0x0101042c=?attr/colorControlHighlight
        0x01010433=?attr/colorPrimary
        0x01010434=?attr/colorPrimaryDark
        0x01010435=?attr/colorAccent
        actionBarDivider(0x7f040000)=?0x0101039b
        actionBarItemBackground(0x7f040001)=@drawable/abc_action_bar_item_background_material
        actionBarSize(0x7f040003)=?0x010102eb
        actionButtonStyle(0x7f04000b)=?0x010102d8
        actionModeBackground(0x7f040010)=?0x010102db
        actionModeCloseDrawable(0x7f040013)=?0x010102dc
        borderlessButtonStyle(0x7f040039)=?0x0101032b
        buttonStyle(0x7f040043)=?0x01010048
        buttonStyleSmall(0x7f040044)=?0x01010049
        checkboxStyle(0x7f04004a)=?0x0101006c
        checkedTextViewStyle(0x7f04004b)=?0x010103c8
        dividerHorizontal(0x7f04006b)=?0x0101032c
        dividerVertical(0x7f04006d)=?0x0101030a
        editTextBackground(0x7f04007a)=@drawable/abc_edit_text_material
        editTextColor(0x7f04007b)=?0x01010351
        homeAsUpIndicator(0x7f040092)=?0x0101030b
        listChoiceBackgroundIndicator(0x7f0400a1)=?0x010102f0
        listPreferredItemHeightSmall(0x7f0400ab)=?0x01010387
        radioButtonStyle(0x7f0400cc)=?0x0101007e
        ratingBarStyle(0x7f0400cd)=?0x0101007c
        selectableItemBackground(0x7f0400d4)=?0x0101030e
        selectableItemBackgroundBorderless(0x7f0400d5)=?0x0101045c
        spinnerStyle(0x7f0400de)=?0x01010081
        textAppearanceLargePopupMenu(0x7f0400ee)=?0x01010301
        textAppearanceSmallPopupMenu(0x7f0400f5)=?0x01010302
    resource 0x7f100055 style/Base.V21.ThemeOverlay.AppCompat.Dialog
      () (style) size=1 parent=style/Base.V7.ThemeOverlay.AppCompat.Dialog (0x7f100063)
        0x01010490=@dimen/abc_floating_window_z
    resource 0x7f100056 style/Base.V22.Theme.AppCompat
      () (style) size=2 parent=style/Base.V21.Theme.AppCompat (0x7f100051)
        actionModeShareDrawable(0x7f04001a)=?0x01010479
        editTextBackground(0x7f04007a)=?0x01010352
    resource 0x7f100057 style/Base.V22.Theme.AppCompat.Light
      () (style) size=2 parent=style/Base.V21.Theme.AppCompat.Light (0x7f100053)
        actionModeShareDrawable(0x7f04001a)=?0x01010479
        editTextBackground(0x7f04007a)=?0x01010352
    resource 0x7f100058 style/Base.V23.Theme.AppCompat
      () (style) size=7 parent=style/Base.V22.Theme.AppCompat (0x7f100056)
        actionBarItemBackground(0x7f040001)=?0x0101039c
        actionMenuTextAppearance(0x7f04000e)=?0x01010360
        actionMenuTextColor(0x7f04000f)=?0x01010361
        actionOverflowButtonStyle(0x7f04001f)=?0x010102f6
        controlBackground(0x7f040063)=@drawable/abc_control_background_material
        ratingBarStyleIndicator(0x7f0400ce)=?0x01010210
        ratingBarStyleSmall(0x7f0400cf)=?0x0101007d
    resource 0x7f100059 style/Base.V23.Theme.AppCompat.Light
      () (style) size=7 parent=style/Base.V22.Theme.AppCompat.Light (0x7f100057)
        actionBarItemBackground(0x7f040001)=?0x0101039c
        actionMenuTextAppearance(0x7f04000e)=?0x01010360
        actionMenuTextColor(0x7f04000f)=?0x01010361
        actionOverflowButtonStyle(0x7f04001f)=?0x010102f6
        controlBackground(0x7f040063)=@drawable/abc_control_background_material
        ratingBarStyleIndicator(0x7f0400ce)=?0x01010210
        ratingBarStyleSmall(0x7f0400cf)=?0x0101007d
    resource 0x7f10005a style/Base.V26.Theme.AppCompat
      () (style) size=1 parent=style/Base.V23.Theme.AppCompat (0x7f100058)
        colorError(0x7f040057)=?0x01010543
    resource 0x7f10005b style/Base.V26.Theme.AppCompat.Light
      () (style) size=1 parent=style/Base.V23.Theme.AppCompat.Light (0x7f100059)
        colorError(0x7f040057)=?0x01010543
    resource 0x7f10005c style/Base.V26.Widget.AppCompat.Toolbar
      () (style) size=2 parent=style/Base.V7.Widget.AppCompat.Toolbar (0x7f100066)
        0x0101048f=true
        0x01010540=true
    resource 0x7f10005d style/Base.V28.Theme.AppCompat
      (v28) (style) size=1 parent=style/Base.V26.Theme.AppCompat (0x7f10005a)
        dialogCornerRadius(0x7f040066)=?0x01010571
    resource 0x7f10005e style/Base.V28.Theme.AppCompat.Light
      (v28) (style) size=1 parent=style/Base.V26.Theme.AppCompat.Light (0x7f10005b)
        dialogCornerRadius(0x7f040066)=?0x01010571
    resource 0x7f10005f style/Base.V7.Theme.AppCompat
      () (style) size=123 parent=style/Platform.AppCompat (0x7f1000a5)
        0x0101005e=@0x0106000d
        0x0101006d=@style/Widget.AppCompat.ListView.DropDown
        0x01010084=@style/Widget.AppCompat.TextView
        0x01010086=@style/Widget.AppCompat.DropDownItem.Spinner
        0x01010089=@style/Widget.AppCompat.TextView.SpinnerItem
        0x01010207=@style/TextAppearance.AppCompat.Widget.Button
        actionBarDivider(0x7f040000)=?attr/dividerVertical
        actionBarItemBackground(0x7f040001)=?attr/selectableItemBackgroundBorderless
        actionBarPopupTheme(0x7f040002)=@null
        actionBarSize(0x7f040003)=@dimen/abc_action_bar_default_height_material
        actionBarSplitStyle(0x7f040004)=?attr/actionBarStyle
        actionBarStyle(0x7f040005)=@style/Widget.AppCompat.ActionBar.Solid
        actionBarTabBarStyle(0x7f040006)=@style/Widget.AppCompat.ActionBar.TabBar
        actionBarTabStyle(0x7f040007)=@style/Widget.AppCompat.ActionBar.TabView
        actionBarTabTextStyle(0x7f040008)=@style/Widget.AppCompat.ActionBar.TabText
        actionBarTheme(0x7f040009)=@style/ThemeOverlay.AppCompat.ActionBar
        actionBarWidgetTheme(0x7f04000a)=@null
        actionButtonStyle(0x7f04000b)=@style/Widget.AppCompat.ActionButton
        actionDropDownStyle(0x7f04000c)=@style/Widget.AppCompat.Spinner.DropDown.ActionBar
        actionMenuTextAppearance(0x7f04000e)=@style/TextAppearance.AppCompat.Widget.ActionBar.Menu
        actionMenuTextColor(0x7f04000f)=?0x01010037
        actionModeBackground(0x7f040010)=@drawable/abc_cab_background_top_material
        actionModeCloseButtonStyle(0x7f040011)=@style/Widget.AppCompat.ActionButton.CloseMode
        actionModeCloseContentDescription(0x7f040012)=@string/abc_action_mode_done
        actionModeCloseDrawable(0x7f040013)=@drawable/abc_ic_ab_back_material
        actionModeCopyDrawable(0x7f040014)=@drawable/abc_ic_menu_copy_mtrl_am_alpha
        actionModeCutDrawable(0x7f040015)=@drawable/abc_ic_menu_cut_mtrl_alpha
        actionModePasteDrawable(0x7f040017)=@drawable/abc_ic_menu_paste_mtrl_am_alpha
        actionModeSelectAllDrawable(0x7f040019)=@drawable/abc_ic_menu_selectall_mtrl_alpha
        actionModeShareDrawable(0x7f04001a)=@drawable/abc_ic_menu_share_mtrl_alpha
        actionModeSplitBackground(0x7f04001b)=?attr/colorPrimaryDark
        actionModeStyle(0x7f04001c)=@style/Widget.AppCompat.ActionMode
        actionModeTheme(0x7f04001d)=?attr/actionBarTheme
        actionOverflowButtonStyle(0x7f04001f)=@style/Widget.AppCompat.ActionButton.Overflow
        actionOverflowMenuStyle(0x7f040020)=@style/Widget.AppCompat.PopupMenu.Overflow
        activityChooserViewStyle(0x7f040023)=@style/Widget.AppCompat.ActivityChooserView
        alertDialogCenterButtons(0x7f040025)=false
        alertDialogStyle(0x7f040026)=@style/AlertDialog.AppCompat
        alertDialogTheme(0x7f040027)=@style/ThemeOverlay.AppCompat.Dialog.Alert
        autoCompleteTextViewStyle(0x7f04002d)=@style/Widget.AppCompat.AutoCompleteTextView
        borderlessButtonStyle(0x7f040039)=@style/Widget.AppCompat.Button.Borderless
        buttonBarButtonStyle(0x7f04003a)=@style/Widget.AppCompat.Button.ButtonBar.AlertDialog
        buttonBarNegativeButtonStyle(0x7f04003b)=?attr/buttonBarButtonStyle
        buttonBarNeutralButtonStyle(0x7f04003c)=?attr/buttonBarButtonStyle
        buttonBarPositiveButtonStyle(0x7f04003d)=?attr/buttonBarButtonStyle
        buttonBarStyle(0x7f04003e)=@style/Widget.AppCompat.ButtonBar
        buttonStyle(0x7f040043)=@style/Widget.AppCompat.Button
        buttonStyleSmall(0x7f040044)=@style/Widget.AppCompat.Button.Small
        checkboxStyle(0x7f04004a)=@style/Widget.AppCompat.CompoundButton.CheckBox
        checkedTextViewStyle(0x7f04004b)=?0x010103c8
        colorAccent(0x7f040051)=@color/accent_material_dark
        colorBackgroundFloating(0x7f040052)=@color/background_floating_material_dark
        colorButtonNormal(0x7f040053)=@color/button_material_dark
        colorControlActivated(0x7f040054)=?attr/colorAccent
        colorControlHighlight(0x7f040055)=@color/ripple_material_dark
        colorControlNormal(0x7f040056)=?0x01010038
        colorError(0x7f040057)=@color/error_color_material_dark
        colorPrimary(0x7f040058)=@color/primary_material_dark
        colorPrimaryDark(0x7f040059)=@color/primary_dark_material_dark
        colorSwitchThumbNormal(0x7f04005a)=@color/switch_thumb_material_dark
        controlBackground(0x7f040063)=?attr/selectableItemBackgroundBorderless
        dialogCornerRadius(0x7f040066)=@dimen/abc_dialog_corner_radius_material
        dialogPreferredPadding(0x7f040067)=@dimen/abc_dialog_padding_material
        dialogTheme(0x7f040068)=@style/ThemeOverlay.AppCompat.Dialog
        dividerHorizontal(0x7f04006b)=@drawable/abc_list_divider_mtrl_alpha
        dividerVertical(0x7f04006d)=@drawable/abc_list_divider_mtrl_alpha
        drawerArrowStyle(0x7f040077)=@style/Widget.AppCompat.DrawerArrowToggle
        dropDownListViewStyle(0x7f040078)=?0x0101006d
        dropdownListPreferredItemHeight(0x7f040079)=?attr/listPreferredItemHeightSmall
        editTextBackground(0x7f04007a)=@drawable/abc_edit_text_material
        editTextColor(0x7f04007b)=?0x01010036
        editTextStyle(0x7f04007c)=@style/Widget.AppCompat.EditText
        homeAsUpIndicator(0x7f040092)=@drawable/abc_ic_ab_back_material
        imageButtonStyle(0x7f040098)=@style/Widget.AppCompat.ImageButton
        isLightTheme(0x7f04009b)=false
        listChoiceBackgroundIndicator(0x7f0400a1)=@drawable/abc_list_selector_holo_dark
        listDividerAlertDialog(0x7f0400a4)=@null
        listMenuViewStyle(0x7f0400a7)=@style/Widget.AppCompat.ListMenuView
        listPopupWindowStyle(0x7f0400a8)=@style/Widget.AppCompat.ListPopupWindow
        listPreferredItemHeight(0x7f0400a9)=@dimen/abc_list_item_height_material
        listPreferredItemHeightLarge(0x7f0400aa)=@dimen/abc_list_item_height_large_material
        listPreferredItemHeightSmall(0x7f0400ab)=@dimen/abc_list_item_height_small_material
        listPreferredItemPaddingEnd(0x7f0400ac)=@dimen/abc_list_item_padding_horizontal_material
        listPreferredItemPaddingLeft(0x7f0400ad)=@dimen/abc_list_item_padding_horizontal_material
        listPreferredItemPaddingRight(0x7f0400ae)=@dimen/abc_list_item_padding_horizontal_material
        listPreferredItemPaddingStart(0x7f0400af)=@dimen/abc_list_item_padding_horizontal_material
        panelBackground(0x7f0400c0)=@drawable/abc_menu_hardkey_panel_mtrl_mult
        panelMenuListTheme(0x7f0400c1)=@style/Theme.AppCompat.CompactMenu
        panelMenuListWidth(0x7f0400c2)=@dimen/abc_panel_menu_list_width
        popupMenuStyle(0x7f0400c3)=@style/Widget.AppCompat.PopupMenu
        radioButtonStyle(0x7f0400cc)=@style/Widget.AppCompat.CompoundButton.RadioButton
        ratingBarStyle(0x7f0400cd)=@style/Widget.AppCompat.RatingBar
        ratingBarStyleIndicator(0x7f0400ce)=@style/Widget.AppCompat.RatingBar.Indicator
        ratingBarStyleSmall(0x7f0400cf)=@style/Widget.AppCompat.RatingBar.Small
        searchViewStyle(0x7f0400d2)=@style/Widget.AppCompat.SearchView
        seekBarStyle(0x7f0400d3)=@style/Widget.AppCompat.SeekBar
        selectableItemBackground(0x7f0400d4)=@drawable/abc_item_background_holo_dark
        selectableItemBackgroundBorderless(0x7f0400d5)=?attr/selectableItemBackground
        spinnerDropDownItemStyle(0x7f0400dd)=@style/Widget.AppCompat.DropDownItem.Spinner
        spinnerStyle(0x7f0400de)=@style/Widget.AppCompat.Spinner
        switchStyle(0x7f0400eb)=@style/Widget.AppCompat.CompoundButton.Switch
        textAppearanceLargePopupMenu(0x7f0400ee)=@style/TextAppearance.AppCompat.Widget.PopupMenu.Large
        textAppearanceListItem(0x7f0400ef)=@style/TextAppearance.AppCompat.Subhead
        textAppearanceListItemSecondary(0x7f0400f0)=@style/TextAppearance.AppCompat.Body1
        textAppearanceListItemSmall(0x7f0400f1)=@style/TextAppearance.AppCompat.Subhead
        textAppearancePopupMenuHeader(0x7f0400f2)=@style/TextAppearance.AppCompat.Widget.PopupMenu.Header
        textAppearanceSearchResultSubtitle(0x7f0400f3)=@style/TextAppearance.AppCompat.SearchResult.Subtitle
        textAppearanceSearchResultTitle(0x7f0400f4)=@style/TextAppearance.AppCompat.SearchResult.Title
        textAppearanceSmallPopupMenu(0x7f0400f5)=@style/TextAppearance.AppCompat.Widget.PopupMenu.Small
        textColorAlertDialogListItem(0x7f0400f6)=@color/abc_primary_text_material_dark
        textColorSearchUrl(0x7f0400f7)=@color/abc_search_url_text
        toolbarNavigationButtonStyle(0x7f04010d)=@style/Widget.AppCompat.Toolbar.Button.Navigation
        toolbarStyle(0x7f04010e)=@style/Widget.AppCompat.Toolbar
        tooltipForegroundColor(0x7f04010f)=@color/foreground_material_light
        tooltipFrameBackground(0x7f040110)=@drawable/tooltip_frame_light
        windowActionBar(0x7f040118)=true
        windowActionBarOverlay(0x7f040119)=false
        windowActionModeOverlay(0x7f04011a)=false
        windowFixedHeightMajor(0x7f04011b)=@null
        windowFixedHeightMinor(0x7f04011c)=@null
        windowFixedWidthMajor(0x7f04011d)=@null
        windowFixedWidthMinor(0x7f04011e)=@null
        windowNoTitle(0x7f040121)=false
    resource 0x7f100061 style/Base.V7.Theme.AppCompat.Light
      () (style) size=122 parent=style/Platform.AppCompat.Light (0x7f1000a6)
        0x0101005e=@0x0106000d
        0x0101006d=@style/Widget.AppCompat.ListView.DropDown
        0x01010084=@style/Widget.AppCompat.TextView
        0x01010086=@style/Widget.AppCompat.DropDownItem.Spinner
        0x01010089=@style/Widget.AppCompat.TextView.SpinnerItem
        0x01010207=@style/TextAppearance.AppCompat.Widget.Button
        actionBarDivider(0x7f040000)=?attr/dividerVertical
        actionBarItemBackground(0x7f040001)=?attr/selectableItemBackgroundBorderless
        actionBarPopupTheme(0x7f040002)=@null
        actionBarSize(0x7f040003)=@dimen/abc_action_bar_default_height_material
        actionBarSplitStyle(0x7f040004)=?attr/actionBarStyle
        actionBarStyle(0x7f040005)=@style/Widget.AppCompat.Light.ActionBar.Solid
        actionBarTabBarStyle(0x7f040006)=@style/Widget.AppCompat.Light.ActionBar.TabBar
        actionBarTabStyle(0x7f040007)=@style/Widget.AppCompat.Light.ActionBar.TabView
        actionBarTabTextStyle(0x7f040008)=@style/Widget.AppCompat.Light.ActionBar.TabText
        actionBarTheme(0x7f040009)=@style/ThemeOverlay.AppCompat.ActionBar
        actionBarWidgetTheme(0x7f04000a)=@null
        actionButtonStyle(0x7f04000b)=@style/Widget.AppCompat.Light.ActionButton
        actionDropDownStyle(0x7f04000c)=@style/Widget.AppCompat.Light.Spinner.DropDown.ActionBar
        actionMenuTextAppearance(0x7f04000e)=@style/TextAppearance.AppCompat.Widget.ActionBar.Menu
        actionMenuTextColor(0x7f04000f)=?0x01010037
        actionModeBackground(0x7f040010)=@drawable/abc_cab_background_top_material
        actionModeCloseButtonStyle(0x7f040011)=@style/Widget.AppCompat.ActionButton.CloseMode
        actionModeCloseContentDescription(0x7f040012)=@string/abc_action_mode_done
        actionModeCloseDrawable(0x7f040013)=@drawable/abc_ic_ab_back_material
        actionModeCopyDrawable(0x7f040014)=@drawable/abc_ic_menu_copy_mtrl_am_alpha
        actionModeCutDrawable(0x7f040015)=@drawable/abc_ic_menu_cut_mtrl_alpha
        actionModePasteDrawable(0x7f040017)=@drawable/abc_ic_menu_paste_mtrl_am_alpha
        actionModeSelectAllDrawable(0x7f040019)=@drawable/abc_ic_menu_selectall_mtrl_alpha
        actionModeShareDrawable(0x7f04001a)=@drawable/abc_ic_menu_share_mtrl_alpha
        actionModeSplitBackground(0x7f04001b)=?attr/colorPrimaryDark
        actionModeStyle(0x7f04001c)=@style/Widget.AppCompat.ActionMode
        actionModeTheme(0x7f04001d)=?attr/actionBarTheme
        actionOverflowButtonStyle(0x7f04001f)=@style/Widget.AppCompat.Light.ActionButton.Overflow
        actionOverflowMenuStyle(0x7f040020)=@style/Widget.AppCompat.Light.PopupMenu.Overflow
        activityChooserViewStyle(0x7f040023)=@style/Widget.AppCompat.ActivityChooserView
        alertDialogCenterButtons(0x7f040025)=false
        alertDialogStyle(0x7f040026)=@style/AlertDialog.AppCompat.Light
        alertDialogTheme(0x7f040027)=@style/ThemeOverlay.AppCompat.Dialog.Alert
        autoCompleteTextViewStyle(0x7f04002d)=@style/Widget.AppCompat.AutoCompleteTextView
        borderlessButtonStyle(0x7f040039)=@style/Widget.AppCompat.Button.Borderless
        buttonBarButtonStyle(0x7f04003a)=@style/Widget.AppCompat.Button.ButtonBar.AlertDialog
        buttonBarNegativeButtonStyle(0x7f04003b)=?attr/buttonBarButtonStyle
        buttonBarNeutralButtonStyle(0x7f04003c)=?attr/buttonBarButtonStyle
        buttonBarPositiveButtonStyle(0x7f04003d)=?attr/buttonBarButtonStyle
        buttonBarStyle(0x7f04003e)=@style/Widget.AppCompat.ButtonBar
        buttonStyle(0x7f040043)=@style/Widget.AppCompat.Button
        buttonStyleSmall(0x7f040044)=@style/Widget.AppCompat.Button.Small
        checkboxStyle(0x7f04004a)=@style/Widget.AppCompat.CompoundButton.CheckBox
        colorAccent(0x7f040051)=@color/accent_material_light
        colorBackgroundFloating(0x7f040052)=@color/background_floating_material_light
        colorButtonNormal(0x7f040053)=@color/button_material_light
        colorControlActivated(0x7f040054)=?attr/colorAccent
        colorControlHighlight(0x7f040055)=@color/ripple_material_light
        colorControlNormal(0x7f040056)=?0x01010038
        colorError(0x7f040057)=@color/error_color_material_light
        colorPrimary(0x7f040058)=@color/primary_material_light
        colorPrimaryDark(0x7f040059)=@color/primary_dark_material_light
        colorSwitchThumbNormal(0x7f04005a)=@color/switch_thumb_material_light
        controlBackground(0x7f040063)=?attr/selectableItemBackgroundBorderless
        dialogCornerRadius(0x7f040066)=@dimen/abc_dialog_corner_radius_material
        dialogPreferredPadding(0x7f040067)=@dimen/abc_dialog_padding_material
        dialogTheme(0x7f040068)=@style/ThemeOverlay.AppCompat.Dialog
        dividerHorizontal(0x7f04006b)=@drawable/abc_list_divider_mtrl_alpha
        dividerVertical(0x7f04006d)=@drawable/abc_list_divider_mtrl_alpha
        drawerArrowStyle(0x7f040077)=@style/Widget.AppCompat.DrawerArrowToggle
        dropDownListViewStyle(0x7f040078)=?0x0101006d
        dropdownListPreferredItemHeight(0x7f040079)=?attr/listPreferredItemHeightSmall
        editTextBackground(0x7f04007a)=@drawable/abc_edit_text_material
        editTextColor(0x7f04007b)=?0x01010036
        editTextStyle(0x7f04007c)=@style/Widget.AppCompat.EditText
        homeAsUpIndicator(0x7f040092)=@drawable/abc_ic_ab_back_material
        imageButtonStyle(0x7f040098)=@style/Widget.AppCompat.ImageButton
        isLightTheme(0x7f04009b)=true
        listChoiceBackgroundIndicator(0x7f0400a1)=@drawable/abc_list_selector_holo_light
        listDividerAlertDialog(0x7f0400a4)=@null
        listMenuViewStyle(0x7f0400a7)=@style/Widget.AppCompat.ListMenuView
        listPopupWindowStyle(0x7f0400a8)=@style/Widget.AppCompat.ListPopupWindow
        listPreferredItemHeight(0x7f0400a9)=@dimen/abc_list_item_height_material
        listPreferredItemHeightLarge(0x7f0400aa)=@dimen/abc_list_item_height_large_material
        listPreferredItemHeightSmall(0x7f0400ab)=@dimen/abc_list_item_height_small_material
        listPreferredItemPaddingEnd(0x7f0400ac)=@dimen/abc_list_item_padding_horizontal_material
        listPreferredItemPaddingLeft(0x7f0400ad)=@dimen/abc_list_item_padding_horizontal_material
        listPreferredItemPaddingRight(0x7f0400ae)=@dimen/abc_list_item_padding_horizontal_material
        listPreferredItemPaddingStart(0x7f0400af)=@dimen/abc_list_item_padding_horizontal_material
        panelBackground(0x7f0400c0)=@drawable/abc_menu_hardkey_panel_mtrl_mult
        panelMenuListTheme(0x7f0400c1)=@style/Theme.AppCompat.CompactMenu
        panelMenuListWidth(0x7f0400c2)=@dimen/abc_panel_menu_list_width
        popupMenuStyle(0x7f0400c3)=@style/Widget.AppCompat.Light.PopupMenu
        radioButtonStyle(0x7f0400cc)=@style/Widget.AppCompat.CompoundButton.RadioButton
        ratingBarStyle(0x7f0400cd)=@style/Widget.AppCompat.RatingBar
        ratingBarStyleIndicator(0x7f0400ce)=@style/Widget.AppCompat.RatingBar.Indicator
        ratingBarStyleSmall(0x7f0400cf)=@style/Widget.AppCompat.RatingBar.Small
        searchViewStyle(0x7f0400d2)=@style/Widget.AppCompat.Light.SearchView
        seekBarStyle(0x7f0400d3)=@style/Widget.AppCompat.SeekBar
        selectableItemBackground(0x7f0400d4)=@drawable/abc_item_background_holo_light
        selectableItemBackgroundBorderless(0x7f0400d5)=?attr/selectableItemBackground
        spinnerDropDownItemStyle(0x7f0400dd)=@style/Widget.AppCompat.DropDownItem.Spinner
        spinnerStyle(0x7f0400de)=@style/Widget.AppCompat.Spinner
        switchStyle(0x7f0400eb)=@style/Widget.AppCompat.CompoundButton.Switch
        textAppearanceLargePopupMenu(0x7f0400ee)=@style/TextAppearance.AppCompat.Light.Widget.PopupMenu.Large
        textAppearanceListItem(0x7f0400ef)=@style/TextAppearance.AppCompat.Subhead
        textAppearanceListItemSecondary(0x7f0400f0)=@style/TextAppearance.AppCompat.Body1
        textAppearanceListItemSmall(0x7f0400f1)=@style/TextAppearance.AppCompat.Subhead
        textAppearancePopupMenuHeader(0x7f0400f2)=@style/TextAppearance.AppCompat.Widget.PopupMenu.Header
        textAppearanceSearchResultSubtitle(0x7f0400f3)=@style/TextAppearance.AppCompat.SearchResult.Subtitle
        textAppearanceSearchResultTitle(0x7f0400f4)=@style/TextAppearance.AppCompat.SearchResult.Title
        textAppearanceSmallPopupMenu(0x7f0400f5)=@style/TextAppearance.AppCompat.Light.Widget.PopupMenu.Small
        textColorAlertDialogListItem(0x7f0400f6)=@color/abc_primary_text_material_light
        textColorSearchUrl(0x7f0400f7)=@color/abc_search_url_text
        toolbarNavigationButtonStyle(0x7f04010d)=@style/Widget.AppCompat.Toolbar.Button.Navigation
        toolbarStyle(0x7f04010e)=@style/Widget.AppCompat.Toolbar
        tooltipForegroundColor(0x7f04010f)=@color/foreground_material_dark
        tooltipFrameBackground(0x7f040110)=@drawable/tooltip_frame_dark
        windowActionBar(0x7f040118)=true
        windowActionBarOverlay(0x7f040119)=false
        windowActionModeOverlay(0x7f04011a)=false
        windowFixedHeightMajor(0x7f04011b)=@null
        windowFixedHeightMinor(0x7f04011c)=@null
        windowFixedWidthMajor(0x7f04011d)=@null
        windowFixedWidthMinor(0x7f04011e)=@null
        windowNoTitle(0x7f040121)=false
    resource 0x7f100063 style/Base.V7.ThemeOverlay.AppCompat.Dialog
      () (style) size=23 parent=style/Base.ThemeOverlay.AppCompat (0x7f10004a)
        0x01010031=?attr/colorBackgroundFloating
        0x01010054=@drawable/abc_dialog_material_background
        0x01010055=@null
        0x01010057=true
        0x01010059=@null
        0x0101005b=@style/RtlOverlay.DialogWindowTitle.AppCompat
        0x0101005c=@style/Base.DialogWindowTitleBackground.AppCompat
        0x010100ae=@style/Animation.AppCompat.Dialog
        0x01010214=@null
        0x0101021f=true
        0x0101022b=0x00000020
        0x010102ab=@null
        0x0101032b=@style/Widget.AppCompat.Button.Borderless
        0x0101032e=@style/Widget.AppCompat.ButtonBar.AlertDialog
        0x0101035b=true
        listPreferredItemPaddingLeft(0x7f0400ad)=24.000000dp
        listPreferredItemPaddingRight(0x7f0400ae)=24.000000dp
        windowActionBar(0x7f040118)=false
        windowActionModeOverlay(0x7f04011a)=true
        windowFixedHeightMajor(0x7f04011b)=@null
        windowFixedHeightMinor(0x7f04011c)=@null
        windowFixedWidthMajor(0x7f04011d)=@null
        windowFixedWidthMinor(0x7f04011e)=@null
    resource 0x7f100066 style/Base.V7.Widget.AppCompat.Toolbar
      () (style) size=14 parent=0x01030012
        0x010100d6=@dimen/abc_action_bar_default_padding_start_material
        0x010100d8=@dimen/abc_action_bar_default_padding_end_material
        0x01010140=?attr/actionBarSize
        0x010103b3=@dimen/abc_action_bar_default_padding_start_material
        0x010103b4=@dimen/abc_action_bar_default_padding_end_material
        buttonGravity(0x7f040040)=0x00000030
        collapseContentDescription(0x7f04004e)=@string/abc_toolbar_collapse_description
        collapseIcon(0x7f04004f)=?attr/homeAsUpIndicator
        contentInsetStart(0x7f040061)=16.000000dp
        contentInsetStartWithNavigation(0x7f040062)=@dimen/abc_action_bar_content_inset_with_nav
        maxButtonHeight(0x7f0400b2)=@dimen/abc_action_bar_default_height_material
        subtitleTextAppearance(0x7f0400e5)=@style/TextAppearance.Widget.AppCompat.Toolbar.Subtitle
        titleMargin(0x7f040104)=4.000000dp
        titleTextAppearance(0x7f04010a)=@style/TextAppearance.Widget.AppCompat.Toolbar.Title
    resource 0x7f100067 style/Base.Widget.AppCompat.ActionBar
      () (style) size=16
        0x010100af=0x00000010
        actionButtonStyle(0x7f04000b)=@style/Widget.AppCompat.ActionButton
        actionOverflowButtonStyle(0x7f04001f)=@style/Widget.AppCompat.ActionButton.Overflow
        background(0x7f040033)=@null
        backgroundSplit(0x7f040034)=@null
        backgroundStacked(0x7f040035)=@null
        contentInsetEnd(0x7f04005d)=@dimen/abc_action_bar_content_inset_material
        contentInsetStart(0x7f040061)=@dimen/abc_action_bar_content_inset_material
        contentInsetStartWithNavigation(0x7f040062)=@dimen/abc_action_bar_content_inset_with_nav
        displayOptions(0x7f040069)=0x00000008
        divider(0x7f04006a)=?attr/dividerVertical
        elevation(0x7f04007d)=@dimen/abc_action_bar_elevation_material
        height(0x7f040090)=?attr/actionBarSize
        popupTheme(0x7f0400c4)=?attr/actionBarPopupTheme
        subtitleTextStyle(0x7f0400e7)=@style/TextAppearance.AppCompat.Widget.ActionBar.Subtitle
        titleTextStyle(0x7f04010c)=@style/TextAppearance.AppCompat.Widget.ActionBar.Title
    resource 0x7f100068 style/Base.Widget.AppCompat.ActionBar.Solid
      () (style) size=3 parent=style/Base.Widget.AppCompat.ActionBar (0x7f100067)
        background(0x7f040033)=?attr/colorPrimary
        backgroundSplit(0x7f040034)=?attr/colorPrimary
        backgroundStacked(0x7f040035)=?attr/colorPrimary
    resource 0x7f100069 style/Base.Widget.AppCompat.ActionBar.TabBar
      () (style) size=3
        divider(0x7f04006a)=?attr/actionBarDivider
        dividerPadding(0x7f04006c)=8.000000dp
        showDividers(0x7f0400d8)=0x00000002
    resource 0x7f10006a style/Base.Widget.AppCompat.ActionBar.TabText
      () (style) size=0 parent=0x01030251
    resource 0x7f10006b style/Base.Widget.AppCompat.ActionBar.TabView
      () (style) size=0 parent=0x01030252
    resource 0x7f10006c style/Base.Widget.AppCompat.ActionButton
      () (style) size=0 parent=0x01030253
    resource 0x7f10006d style/Base.Widget.AppCompat.ActionButton.CloseMode
      () (style) size=1 parent=0x01030254
        0x0101013f=56.000000dp
    resource 0x7f10006e style/Base.Widget.AppCompat.ActionButton.Overflow
      () (style) size=0 parent=0x01030255
    resource 0x7f10006f style/Base.Widget.AppCompat.ActionMode
      () (style) size=16
        0x010100d6=@dimen/abc_action_bar_default_padding_start_material
        0x010100d8=@dimen/abc_action_bar_default_padding_end_material
        0x01010140=?attr/actionBarSize
        0x010103b3=@dimen/abc_action_bar_default_padding_start_material
        0x010103b4=@dimen/abc_action_bar_default_padding_end_material
        background(0x7f040033)=?attr/actionModeBackground
        backgroundSplit(0x7f040034)=?attr/actionModeSplitBackground
        buttonGravity(0x7f040040)=0x00000030
        closeItemLayout(0x7f04004d)=@layout/abc_action_mode_close_item_material
        contentInsetStart(0x7f040061)=16.000000dp
        contentInsetStartWithNavigation(0x7f040062)=@dimen/abc_action_bar_content_inset_with_nav
        height(0x7f040090)=?attr/actionBarSize
        maxButtonHeight(0x7f0400b2)=@dimen/abc_action_bar_default_height_material
        subtitleTextStyle(0x7f0400e7)=@style/TextAppearance.AppCompat.Widget.ActionMode.Subtitle
        titleMargin(0x7f040104)=4.000000dp
        titleTextStyle(0x7f04010c)=@style/TextAppearance.AppCompat.Widget.ActionMode.Title
    resource 0x7f100070 style/Base.Widget.AppCompat.ActivityChooserView
      () (style) size=5
        0x010100af=0x00000011
        0x010100d4=@drawable/abc_ab_share_pack_mtrl_alpha
        divider(0x7f04006a)=?attr/dividerVertical
        dividerPadding(0x7f04006c)=6.000000dp
        showDividers(0x7f0400d8)=0x00000002
    resource 0x7f100071 style/Base.Widget.AppCompat.AutoCompleteTextView
      () (style) size=1 parent=0x01030257
        0x010100d4=?attr/editTextBackground
    resource 0x7f100072 style/Base.Widget.AppCompat.Button
      () (style) size=0 parent=0x01030258
    resource 0x7f100073 style/Base.Widget.AppCompat.Button.Borderless
      () (style) size=0 parent=0x01030259
    resource 0x7f100074 style/Base.Widget.AppCompat.Button.Borderless.Colored
      () (style) size=0 parent=0x0103025a
    resource 0x7f100075 style/Base.Widget.AppCompat.Button.ButtonBar.AlertDialog
      () (style) size=2 parent=style/Widget.AppCompat.Button.Borderless.Colored (0x7f100125)
        0x0101013f=64.000000dp
        0x01010140=@dimen/abc_alert_dialog_button_bar_height
    resource 0x7f100077 style/Base.Widget.AppCompat.Button.Small
      () (style) size=0 parent=0x0103025d
    resource 0x7f100078 style/Base.Widget.AppCompat.ButtonBar
      () (style) size=0 parent=0x0103025f
    resource 0x7f100079 style/Base.Widget.AppCompat.ButtonBar.AlertDialog
      () (style) size=0 parent=style/Base.Widget.AppCompat.ButtonBar (0x7f100078)
    resource 0x7f10007a style/Base.Widget.AppCompat.CompoundButton.CheckBox
      () (style) size=0 parent=0x01030263
    resource 0x7f10007b style/Base.Widget.AppCompat.CompoundButton.RadioButton
      () (style) size=0 parent=0x01030264
    resource 0x7f10007c style/Base.Widget.AppCompat.CompoundButton.Switch
      () (style) size=8 parent=0x01030018
        0x010100d4=?attr/controlBackground
        0x01010124=@string/abc_capital_on
        0x01010125=@string/abc_capital_off
        0x01010142=@drawable/abc_switch_thumb_material
        showText(0x7f0400d9)=false
        switchPadding(0x7f0400ea)=@dimen/abc_switch_padding
        switchTextAppearance(0x7f0400ec)=@style/TextAppearance.AppCompat.Widget.Switch
        track(0x7f040112)=@drawable/abc_switch_track_mtrl_alpha
    resource 0x7f10007d style/Base.Widget.AppCompat.DrawerArrowToggle
      () (style) size=3 parent=style/Base.Widget.AppCompat.DrawerArrowToggle.Common (0x7f10007e)
        barLength(0x7f040038)=18.000000dp
        drawableSize(0x7f040072)=24.000000dp
        gapBetweenBars(0x7f04008e)=3.000000dp
      (hdpi) (style) size=3 parent=style/Base.Widget.AppCompat.DrawerArrowToggle.Common (0x7f10007e)
        barLength(0x7f040038)=18.659973dp
        drawableSize(0x7f040072)=24.000000dp
        gapBetweenBars(0x7f04008e)=3.329987dp
    resource 0x7f10007e style/Base.Widget.AppCompat.DrawerArrowToggle.Common
      () (style) size=5
        arrowHeadLength(0x7f04002b)=8.000000dp
        arrowShaftLength(0x7f04002c)=16.000000dp
        color(0x7f040050)=?0x01010038
        spinBars(0x7f0400dc)=true
        thickness(0x7f0400fa)=2.000000dp
    resource 0x7f10007f style/Base.Widget.AppCompat.DropDownItem.Spinner
      () (style) size=0 parent=0x01030268
    resource 0x7f100080 style/Base.Widget.AppCompat.EditText
      () (style) size=2 parent=0x01030269
        0x010104dd=0
        0x010104de=0
    resource 0x7f100081 style/Base.Widget.AppCompat.ImageButton
      () (style) size=0 parent=0x0103026e
    resource 0x7f100082 style/Base.Widget.AppCompat.Light.ActionBar
      () (style) size=2 parent=style/Base.Widget.AppCompat.ActionBar (0x7f100067)
        actionButtonStyle(0x7f04000b)=@style/Widget.AppCompat.Light.ActionButton
        actionOverflowButtonStyle(0x7f04001f)=@style/Widget.AppCompat.Light.ActionButton.Overflow
    resource 0x7f100083 style/Base.Widget.AppCompat.Light.ActionBar.Solid
      () (style) size=3 parent=style/Base.Widget.AppCompat.Light.ActionBar (0x7f100082)
        background(0x7f040033)=?attr/colorPrimary
        backgroundSplit(0x7f040034)=?attr/colorPrimary
        backgroundStacked(0x7f040035)=?attr/colorPrimary
    resource 0x7f100084 style/Base.Widget.AppCompat.Light.ActionBar.TabBar
      () (style) size=0 parent=style/Base.Widget.AppCompat.ActionBar.TabBar (0x7f100069)
    resource 0x7f100085 style/Base.Widget.AppCompat.Light.ActionBar.TabText
      () (style) size=0 parent=0x01030292
    resource 0x7f100087 style/Base.Widget.AppCompat.Light.ActionBar.TabView
      () (style) size=0 parent=0x01030293
    resource 0x7f100088 style/Base.Widget.AppCompat.Light.PopupMenu
      () (style) size=0 parent=0x010302b4
    resource 0x7f100089 style/Base.Widget.AppCompat.Light.PopupMenu.Overflow
      () (style) size=2 parent=style/Base.Widget.AppCompat.Light.PopupMenu (0x7f100088)
        0x010102ac=16777212.000000dp
        0x01010462=true
    resource 0x7f10008a style/Base.Widget.AppCompat.ListMenuView
      () (style) size=1 parent=0x01030012
        subMenuArrow(0x7f0400e2)=@drawable/abc_ic_arrow_drop_right_black_24dp
    resource 0x7f10008b style/Base.Widget.AppCompat.ListPopupWindow
      () (style) size=0 parent=0x0103026f
    resource 0x7f10008c style/Base.Widget.AppCompat.ListView
      () (style) size=0 parent=0x01030270
    resource 0x7f10008d style/Base.Widget.AppCompat.ListView.DropDown
      () (style) size=0 parent=0x01030271
    resource 0x7f10008e style/Base.Widget.AppCompat.ListView.Menu
      () (style) size=0 parent=style/Base.Widget.AppCompat.ListView (0x7f10008c)
    resource 0x7f10008f style/Base.Widget.AppCompat.PopupMenu
      () (style) size=0 parent=0x01030273
    resource 0x7f100090 style/Base.Widget.AppCompat.PopupMenu.Overflow
      () (style) size=2 parent=style/Base.Widget.AppCompat.PopupMenu (0x7f10008f)
        0x010102ac=16777212.000000dp
        0x01010462=true
    resource 0x7f100094 style/Base.Widget.AppCompat.RatingBar
      () (style) size=0 parent=0x0103027b
    resource 0x7f100095 style/Base.Widget.AppCompat.RatingBar.Indicator
      () (style) size=0 parent=0x0103027c
    resource 0x7f100096 style/Base.Widget.AppCompat.RatingBar.Small
      () (style) size=0 parent=0x0103027d
    resource 0x7f100097 style/Base.Widget.AppCompat.SearchView
      () (style) size=10 parent=0x01030012
        closeIcon(0x7f04004c)=@drawable/abc_ic_clear_material
        commitIcon(0x7f04005b)=@drawable/abc_ic_commit_search_api_mtrl_alpha
        goIcon(0x7f04008f)=@drawable/abc_ic_go_search_api_material
        layout(0x7f04009f)=@layout/abc_search_view
        queryBackground(0x7f0400c9)=@drawable/abc_textfield_search_material
        searchHintIcon(0x7f0400d0)=@drawable/abc_ic_search_api_material
        searchIcon(0x7f0400d1)=@drawable/abc_ic_search_api_material
        submitBackground(0x7f0400e3)=@drawable/abc_textfield_search_material
        suggestionRowLayout(0x7f0400e8)=@layout/abc_search_dropdown_item_icons_2line
        voiceIcon(0x7f040117)=@drawable/abc_ic_voice_search_api_material
    resource 0x7f100098 style/Base.Widget.AppCompat.SearchView.ActionBar
      () (style) size=4 parent=style/Base.Widget.AppCompat.SearchView (0x7f100097)
        defaultQueryHint(0x7f040065)=@string/abc_search_hint
        queryBackground(0x7f0400c9)=@null
        searchHintIcon(0x7f0400d0)=@null
        submitBackground(0x7f0400e3)=@null
    resource 0x7f100099 style/Base.Widget.AppCompat.SeekBar
      () (style) size=0 parent=0x01030280
    resource 0x7f10009b style/Base.Widget.AppCompat.Spinner
      () (style) size=0 parent=0x01030283
    resource 0x7f10009d style/Base.Widget.AppCompat.TextView
      () (style) size=2 parent=0x01030287
        0x010104dd=1
        0x010104de=0
    resource 0x7f10009e style/Base.Widget.AppCompat.TextView.SpinnerItem
      () (style) size=0 parent=0x01030288
    resource 0x7f10009f style/Base.Widget.AppCompat.Toolbar
      () (style) size=0 parent=style/Base.V26.Widget.AppCompat.Toolbar (0x7f10005c)
    resource 0x7f1000a0 style/Base.Widget.AppCompat.Toolbar.Button.Navigation
      () (style) size=0 parent=0x0103028b
    resource 0x7f1000a1 style/DialogWindowTheme
      () (style) size=1
        0x010104ab=false
    resource 0x7f1000a4 style/FloatingDialogWindowTheme
      () (style) size=2
        0x0101021f=true
        0x010104ab=false
    resource 0x7f1000a5 style/Platform.AppCompat
      () (style) size=0 parent=style/Platform.V25.AppCompat (0x7f1000ac)
    resource 0x7f1000a6 style/Platform.AppCompat.Light
      () (style) size=0 parent=style/Platform.V25.AppCompat.Light (0x7f1000ad)
    resource 0x7f1000a7 style/Platform.ThemeOverlay.AppCompat
      () (style) size=7
        0x01010429=?attr/colorControlNormal
        0x0101042a=?attr/colorControlActivated
        0x0101042b=?attr/colorButtonNormal
        0x0101042c=?attr/colorControlHighlight
        0x01010433=?attr/colorPrimary
        0x01010434=?attr/colorPrimaryDark
        0x01010435=?attr/colorAccent
    resource 0x7f1000ac style/Platform.V25.AppCompat
      () (style) size=0 parent=0x0103022e
    resource 0x7f1000ad style/Platform.V25.AppCompat.Light
      () (style) size=0 parent=0x01030241
    resource 0x7f1000af style/RtlOverlay.DialogWindowTitle.AppCompat
      () (style) size=1 parent=style/Base.DialogWindowTitle.AppCompat (0x7f10000a)
        0x010103b1=5
    resource 0x7f1000b0 style/RtlOverlay.Widget.AppCompat.ActionBar.TitleItem
      () (style) size=2 parent=0x01030012
        0x010100b3=0x00800013
        0x010103b4=8.000000dp
    resource 0x7f1000b2 style/RtlOverlay.Widget.AppCompat.PopupMenuItem
      () (style) size=1 parent=0x01030012
        0x010103b4=16.000000dp
    resource 0x7f1000b3 style/RtlOverlay.Widget.AppCompat.PopupMenuItem.InternalGroup
      () (style) size=1 parent=0x01030012
        0x010103b5=16.000000dp
    resource 0x7f1000b4 style/RtlOverlay.Widget.AppCompat.PopupMenuItem.Shortcut
      () (style) size=2 parent=0x01030012
        0x010103b1=6
        0x010103b5=16.000000dp
    resource 0x7f1000b5 style/RtlOverlay.Widget.AppCompat.PopupMenuItem.SubmenuArrow
      () (style) size=1 parent=0x01030012
        0x010103b5=8.000000dp
    resource 0x7f1000b6 style/RtlOverlay.Widget.AppCompat.PopupMenuItem.Text
      () (style) size=2 parent=0x01030012
        0x010103b1=5
        0x010103bb=true
    resource 0x7f1000b7 style/RtlOverlay.Widget.AppCompat.PopupMenuItem.Title
      () (style) size=2 parent=0x01030012
        0x010103b1=5
        0x010103b5=16.000000dp
    resource 0x7f1000b8 style/RtlOverlay.Widget.AppCompat.Search.DropDown
      () (style) size=2 parent=0x01030012
        0x010103b3=@dimen/abc_dropdownitem_text_padding_left
        0x010103b4=4.000000dp
    resource 0x7f1000b9 style/RtlOverlay.Widget.AppCompat.Search.DropDown.Icon1
      () (style) size=1 parent=0x01030012
        0x010103bb=true
    resource 0x7f1000ba style/RtlOverlay.Widget.AppCompat.Search.DropDown.Icon2
      () (style) size=1 parent=0x01030012
        0x010103b7=@id/edit_query
    resource 0x7f1000bb style/RtlOverlay.Widget.AppCompat.Search.DropDown.Query
      () (style) size=1 parent=0x01030012
        0x010103bc=true
    resource 0x7f1000bc style/RtlOverlay.Widget.AppCompat.Search.DropDown.Text
      () (style) size=2 parent=style/Base.Widget.AppCompat.DropDownItem.Spinner (0x7f10007f)
        0x010103b7=@0x01020008
        0x010103b8=@0x01020007
    resource 0x7f1000bd style/RtlOverlay.Widget.AppCompat.SearchView.MagIcon
      () (style) size=1 parent=0x01030012
        0x010103b5=@dimen/abc_dropdownitem_text_padding_left
    resource 0x7f1000c0 style/TextAppearance.AppCompat
      () (style) size=0 parent=style/Base.TextAppearance.AppCompat (0x7f10000c)
    resource 0x7f1000c1 style/TextAppearance.AppCompat.Body1
      () (style) size=0 parent=style/Base.TextAppearance.AppCompat.Body1 (0x7f10000d)
    resource 0x7f1000cf style/TextAppearance.AppCompat.Light.Widget.PopupMenu.Large
      () (style) size=0 parent=style/TextAppearance.AppCompat.Widget.PopupMenu.Large (0x7f1000ec)
    resource 0x7f1000d0 style/TextAppearance.AppCompat.Light.Widget.PopupMenu.Small
      () (style) size=0 parent=style/TextAppearance.AppCompat.Widget.PopupMenu.Small (0x7f1000ed)
    resource 0x7f1000d4 style/TextAppearance.AppCompat.SearchResult.Subtitle
      () (style) size=0 parent=style/Base.TextAppearance.AppCompat.SearchResult.Subtitle (0x7f10001f)
    resource 0x7f1000d5 style/TextAppearance.AppCompat.SearchResult.Title
      () (style) size=0 parent=style/Base.TextAppearance.AppCompat.SearchResult.Title (0x7f100020)
    resource 0x7f1000d8 style/TextAppearance.AppCompat.Subhead
      () (style) size=0 parent=style/Base.TextAppearance.AppCompat.Subhead (0x7f100023)
    resource 0x7f1000da style/TextAppearance.AppCompat.Title
      () (style) size=0 parent=style/Base.TextAppearance.AppCompat.Title (0x7f100025)
    resource 0x7f1000dd style/TextAppearance.AppCompat.Widget.ActionBar.Menu
      () (style) size=0 parent=style/Base.TextAppearance.AppCompat.Widget.ActionBar.Menu (0x7f100028)
    resource 0x7f1000de style/TextAppearance.AppCompat.Widget.ActionBar.Subtitle
      () (style) size=0 parent=style/Base.TextAppearance.AppCompat.Widget.ActionBar.Subtitle (0x7f100029)
    resource 0x7f1000e0 style/TextAppearance.AppCompat.Widget.ActionBar.Title
      () (style) size=0 parent=style/Base.TextAppearance.AppCompat.Widget.ActionBar.Title (0x7f10002b)
    resource 0x7f1000e2 style/TextAppearance.AppCompat.Widget.ActionMode.Subtitle
      () (style) size=0 parent=style/Base.TextAppearance.AppCompat.Widget.ActionMode.Subtitle (0x7f10002d)
    resource 0x7f1000e4 style/TextAppearance.AppCompat.Widget.ActionMode.Title
      () (style) size=0 parent=style/Base.TextAppearance.AppCompat.Widget.ActionMode.Title (0x7f10002e)
    resource 0x7f1000e6 style/TextAppearance.AppCompat.Widget.Button
      () (style) size=0 parent=style/Base.TextAppearance.AppCompat.Widget.Button (0x7f10002f)
    resource 0x7f1000eb style/TextAppearance.AppCompat.Widget.PopupMenu.Header
      () (style) size=0 parent=style/Base.TextAppearance.AppCompat.Widget.PopupMenu.Header (0x7f100034)
    resource 0x7f1000ec style/TextAppearance.AppCompat.Widget.PopupMenu.Large
      () (style) size=0 parent=style/Base.TextAppearance.AppCompat.Widget.PopupMenu.Large (0x7f100035)
    resource 0x7f1000ed style/TextAppearance.AppCompat.Widget.PopupMenu.Small
      () (style) size=0 parent=style/Base.TextAppearance.AppCompat.Widget.PopupMenu.Small (0x7f100036)
    resource 0x7f1000ee style/TextAppearance.AppCompat.Widget.Switch
      () (style) size=0 parent=style/Base.TextAppearance.AppCompat.Widget.Switch (0x7f100037)
    resource 0x7f1000f6 style/TextAppearance.Widget.AppCompat.Toolbar.Subtitle
      () (style) size=0 parent=style/Base.TextAppearance.Widget.AppCompat.Toolbar.Subtitle (0x7f10003a)
    resource 0x7f1000f7 style/TextAppearance.Widget.AppCompat.Toolbar.Title
      () (style) size=0 parent=style/Base.TextAppearance.Widget.AppCompat.Toolbar.Title (0x7f10003b)
    resource 0x7f1000f8 style/Theme.AppCompat
      () (style) size=0 parent=style/Base.Theme.AppCompat (0x7f10003c)
    resource 0x7f1000f9 style/Theme.AppCompat.CompactMenu
      () (style) size=0 parent=style/Base.Theme.AppCompat.CompactMenu (0x7f10003d)
    resource 0x7f100100 style/Theme.AppCompat.DayNight.NoActionBar
      () (style) size=0 parent=style/Theme.AppCompat.Light.NoActionBar (0x7f10010c)
      (night) (style) size=0 parent=style/Theme.AppCompat.NoActionBar (0x7f10010d)
    resource 0x7f100105 style/Theme.AppCompat.Empty
      () (style) size=0
    resource 0x7f100106 style/Theme.AppCompat.Light
      () (style) size=0 parent=style/Base.Theme.AppCompat.Light (0x7f100043)
    resource 0x7f10010c style/Theme.AppCompat.Light.NoActionBar
      () (style) size=2 parent=style/Theme.AppCompat.Light (0x7f100106)
        windowActionBar(0x7f040118)=false
        windowNoTitle(0x7f040121)=true
    resource 0x7f10010d style/Theme.AppCompat.NoActionBar
      () (style) size=2 parent=style/Theme.AppCompat (0x7f1000f8)
        windowActionBar(0x7f040118)=false
        windowNoTitle(0x7f040121)=true
    resource 0x7f10010e style/Theme.Notes
      () (style) size=1 parent=style/Theme.AppCompat.DayNight.NoActionBar (0x7f100100)
        0x01010054=@color/window_background
    resource 0x7f100110 style/ThemeOverlay.AppCompat.ActionBar
      () (style) size=0 parent=style/Base.ThemeOverlay.AppCompat.ActionBar (0x7f10004b)
    resource 0x7f100115 style/ThemeOverlay.AppCompat.Dialog
      () (style) size=0 parent=style/Base.ThemeOverlay.AppCompat.Dialog (0x7f10004e)
    resource 0x7f100116 style/ThemeOverlay.AppCompat.Dialog.Alert
      () (style) size=0 parent=style/Base.ThemeOverlay.AppCompat.Dialog.Alert (0x7f10004f)
    resource 0x7f100119 style/Widget.AppCompat.ActionBar.Solid
      () (style) size=0 parent=style/Base.Widget.AppCompat.ActionBar.Solid (0x7f100068)
    resource 0x7f10011a style/Widget.AppCompat.ActionBar.TabBar
      () (style) size=0 parent=style/Base.Widget.AppCompat.ActionBar.TabBar (0x7f100069)
    resource 0x7f10011b style/Widget.AppCompat.ActionBar.TabText
      () (style) size=0 parent=style/Base.Widget.AppCompat.ActionBar.TabText (0x7f10006a)
    resource 0x7f10011c style/Widget.AppCompat.ActionBar.TabView
      () (style) size=0 parent=style/Base.Widget.AppCompat.ActionBar.TabView (0x7f10006b)
    resource 0x7f10011d style/Widget.AppCompat.ActionButton
      () (style) size=0 parent=style/Base.Widget.AppCompat.ActionButton (0x7f10006c)
    resource 0x7f10011e style/Widget.AppCompat.ActionButton.CloseMode
      () (style) size=0 parent=style/Base.Widget.AppCompat.ActionButton.CloseMode (0x7f10006d)
    resource 0x7f10011f style/Widget.AppCompat.ActionButton.Overflow
      () (style) size=0 parent=style/Base.Widget.AppCompat.ActionButton.Overflow (0x7f10006e)
    resource 0x7f100120 style/Widget.AppCompat.ActionMode
      () (style) size=0 parent=style/Base.Widget.AppCompat.ActionMode (0x7f10006f)
    resource 0x7f100121 style/Widget.AppCompat.ActivityChooserView
      () (style) size=0 parent=style/Base.Widget.AppCompat.ActivityChooserView (0x7f100070)
    resource 0x7f100122 style/Widget.AppCompat.AutoCompleteTextView
      () (style) size=0 parent=style/Base.Widget.AppCompat.AutoCompleteTextView (0x7f100071)
    resource 0x7f100123 style/Widget.AppCompat.Button
      () (style) size=0 parent=style/Base.Widget.AppCompat.Button (0x7f100072)
    resource 0x7f100124 style/Widget.AppCompat.Button.Borderless
      () (style) size=0 parent=style/Base.Widget.AppCompat.Button.Borderless (0x7f100073)
    resource 0x7f100125 style/Widget.AppCompat.Button.Borderless.Colored
      () (style) size=0 parent=style/Base.Widget.AppCompat.Button.Borderless.Colored (0x7f100074)
    resource 0x7f100126 style/Widget.AppCompat.Button.ButtonBar.AlertDialog
      () (style) size=0 parent=style/Base.Widget.AppCompat.Button.ButtonBar.AlertDialog (0x7f100075)
    resource 0x7f100128 style/Widget.AppCompat.Button.Small
      () (style) size=0 parent=style/Base.Widget.AppCompat.Button.Small (0x7f100077)
    resource 0x7f100129 style/Widget.AppCompat.ButtonBar
      () (style) size=0 parent=style/Base.Widget.AppCompat.ButtonBar (0x7f100078)
    resource 0x7f10012a style/Widget.AppCompat.ButtonBar.AlertDialog
      () (style) size=0 parent=style/Base.Widget.AppCompat.ButtonBar.AlertDialog (0x7f100079)
    resource 0x7f10012b style/Widget.AppCompat.CompoundButton.CheckBox
      () (style) size=0 parent=style/Base.Widget.AppCompat.CompoundButton.CheckBox (0x7f10007a)
    resource 0x7f10012c style/Widget.AppCompat.CompoundButton.RadioButton
      () (style) size=0 parent=style/Base.Widget.AppCompat.CompoundButton.RadioButton (0x7f10007b)
    resource 0x7f10012d style/Widget.AppCompat.CompoundButton.Switch
      () (style) size=0 parent=style/Base.Widget.AppCompat.CompoundButton.Switch (0x7f10007c)
    resource 0x7f10012e style/Widget.AppCompat.DrawerArrowToggle
      () (style) size=1 parent=style/Base.Widget.AppCompat.DrawerArrowToggle (0x7f10007d)
        color(0x7f040050)=?attr/colorControlNormal
    resource 0x7f10012f style/Widget.AppCompat.DropDownItem.Spinner
      () (style) size=0 parent=style/RtlOverlay.Widget.AppCompat.Search.DropDown.Text (0x7f1000bc)
    resource 0x7f100130 style/Widget.AppCompat.EditText
      () (style) size=0 parent=style/Base.Widget.AppCompat.EditText (0x7f100080)
    resource 0x7f100131 style/Widget.AppCompat.ImageButton
      () (style) size=0 parent=style/Base.Widget.AppCompat.ImageButton (0x7f100081)
    resource 0x7f100133 style/Widget.AppCompat.Light.ActionBar.Solid
      () (style) size=0 parent=style/Base.Widget.AppCompat.Light.ActionBar.Solid (0x7f100083)
    resource 0x7f100135 style/Widget.AppCompat.Light.ActionBar.TabBar
      () (style) size=0 parent=style/Base.Widget.AppCompat.Light.ActionBar.TabBar (0x7f100084)
    resource 0x7f100137 style/Widget.AppCompat.Light.ActionBar.TabText
      () (style) size=0 parent=style/Base.Widget.AppCompat.Light.ActionBar.TabText (0x7f100085)
    resource 0x7f100139 style/Widget.AppCompat.Light.ActionBar.TabView
      () (style) size=0 parent=style/Base.Widget.AppCompat.Light.ActionBar.TabView (0x7f100087)
    resource 0x7f10013b style/Widget.AppCompat.Light.ActionButton
      () (style) size=0 parent=style/Widget.AppCompat.ActionButton (0x7f10011d)
    resource 0x7f10013d style/Widget.AppCompat.Light.ActionButton.Overflow
      () (style) size=0 parent=style/Widget.AppCompat.ActionButton.Overflow (0x7f10011f)
    resource 0x7f100144 style/Widget.AppCompat.Light.PopupMenu
      () (style) size=0 parent=style/Base.Widget.AppCompat.Light.PopupMenu (0x7f100088)
    resource 0x7f100145 style/Widget.AppCompat.Light.PopupMenu.Overflow
      () (style) size=0 parent=style/Base.Widget.AppCompat.Light.PopupMenu.Overflow (0x7f100089)
    resource 0x7f100146 style/Widget.AppCompat.Light.SearchView
      () (style) size=0 parent=style/Widget.AppCompat.SearchView (0x7f100155)
    resource 0x7f100147 style/Widget.AppCompat.Light.Spinner.DropDown.ActionBar
      () (style) size=0 parent=style/Widget.AppCompat.Spinner.DropDown.ActionBar (0x7f10015b)
    resource 0x7f100148 style/Widget.AppCompat.ListMenuView
      () (style) size=0 parent=style/Base.Widget.AppCompat.ListMenuView (0x7f10008a)
    resource 0x7f100149 style/Widget.AppCompat.ListPopupWindow
      () (style) size=0 parent=style/Base.Widget.AppCompat.ListPopupWindow (0x7f10008b)
    resource 0x7f10014a style/Widget.AppCompat.ListView
      () (style) size=0 parent=style/Base.Widget.AppCompat.ListView (0x7f10008c)
    resource 0x7f10014b style/Widget.AppCompat.ListView.DropDown
      () (style) size=0 parent=style/Base.Widget.AppCompat.ListView.DropDown (0x7f10008d)
    resource 0x7f10014c style/Widget.AppCompat.ListView.Menu
      () (style) size=0 parent=style/Base.Widget.AppCompat.ListView.Menu (0x7f10008e)
    resource 0x7f10014d style/Widget.AppCompat.PopupMenu
      () (style) size=0 parent=style/Base.Widget.AppCompat.PopupMenu (0x7f10008f)
    resource 0x7f10014e style/Widget.AppCompat.PopupMenu.Overflow
      () (style) size=0 parent=style/Base.Widget.AppCompat.PopupMenu.Overflow (0x7f100090)
    resource 0x7f100152 style/Widget.AppCompat.RatingBar
      () (style) size=0 parent=style/Base.Widget.AppCompat.RatingBar (0x7f100094)
    resource 0x7f100153 style/Widget.AppCompat.RatingBar.Indicator
      () (style) size=0 parent=style/Base.Widget.AppCompat.RatingBar.Indicator (0x7f100095)
    resource 0x7f100154 style/Widget.AppCompat.RatingBar.Small
      () (style) size=0 parent=style/Base.Widget.AppCompat.RatingBar.Small (0x7f100096)
    resource 0x7f100155 style/Widget.AppCompat.SearchView
      () (style) size=0 parent=style/Base.Widget.AppCompat.SearchView (0x7f100097)
    resource 0x7f100156 style/Widget.AppCompat.SearchView.ActionBar
      () (style) size=0 parent=style/Base.Widget.AppCompat.SearchView.ActionBar (0x7f100098)
    resource 0x7f100157 style/Widget.AppCompat.SeekBar
      () (style) size=0 parent=style/Base.Widget.AppCompat.SeekBar (0x7f100099)
    resource 0x7f100159 style/Widget.AppCompat.Spinner
      () (style) size=0 parent=style/Base.Widget.AppCompat.Spinner (0x7f10009b)
    resource 0x7f10015a style/Widget.AppCompat.Spinner.DropDown
      () (style) size=0 parent=style/Widget.AppCompat.Spinner (0x7f100159)
    resource 0x7f10015b style/Widget.AppCompat.Spinner.DropDown.ActionBar
      () (style) size=0 parent=style/Widget.AppCompat.Spinner.DropDown (0x7f10015a)
    resource 0x7f10015d style/Widget.AppCompat.TextView
      () (style) size=0 parent=style/Base.Widget.AppCompat.TextView (0x7f10009d)
    resource 0x7f10015e style/Widget.AppCompat.TextView.SpinnerItem
      () (style) size=0 parent=style/Base.Widget.AppCompat.TextView.SpinnerItem (0x7f10009e)
    resource 0x7f10015f style/Widget.AppCompat.Toolbar
      () (style) size=0 parent=style/Base.Widget.AppCompat.Toolbar (0x7f10009f)
    resource 0x7f100160 style/Widget.AppCompat.Toolbar.Button.Navigation
      () (style) size=0 parent=style/Base.Widget.AppCompat.Toolbar.Button.Navigation (0x7f1000a0)
  type xml id=12 entryCount=3
    resource 0x7f120000 xml/backup_rules
      () (file) res/Qq.xml type=XML
    resource 0x7f120001 xml/data_extraction_rules
      () (file) res/4j.xml type=XML
    resource 0x7f120002 xml/locales_config
      () (file) res/Br.xml type=XML
